#usda 1.0
(
    customLayerData = {
        dictionary cameraSettings = {
            dictionary Front = {
                double3 position = (5, 0, 0)
                double radius = 5
            }
            dictionary Perspective = {
                double3 position = (-0.0218726511553218, -13.602542723671936, 2.2014832611404875)
                double3 target = (-17.731670025789953, -13.93745442178923, -8.959152772422655)
            }
            dictionary Right = {
                double3 position = (0, -5, 0)
                double radius = 5
            }
            dictionary Top = {
                double3 position = (0, 0, 5)
                double radius = 59.730987548828125
            }
            string boundCamera = "/OmniverseKit_Persp"
        }
        dictionary omni_layer = {
            string authoring_layer = "./cleanrobot_amr_d112.usda"
        }
        dictionary renderSettings = {
        }
    }
    defaultPrim = "World"
    endTimeCode = 864000
    framesPerSecond = 60
    metersPerUnit = 1
    startTimeCode = 0
    subLayers = [
        @CleanRobot_Park_UserMap_Source.usda@
    ]
    timeCodesPerSecond = 60
    upAxis = "Z"
)

over "World"
{
    def Xform "Characters"
    {
        def Xform "Nathan_DynamicRoot" (
            prepend apiSchemas = ["PhysicsRigidBodyAPI"]
        )
        {
            custom string asset:license = "Nathan Animated 003, CC BY 4.0 + NoAI"
            custom string pedestrian:route = "central S-curve ping-pong, 0.3 m/s"
            custom double pedestrian:speed_mps = 0.3
            bool physics:kinematicEnabled = 1
            bool physics:rigidBodyEnabled = 1
            float3 xformOp:rotateXYZ.timeSamples = {
                0: (0, 0, 21.801409),
                376.959536: (0, 0, 21.801409),
                376.961536: (0, 0, 21.533924),
                774.723286: (0, 0, 21.533924),
                774.725286: (0, 0, 7.039351),
                1770.227178: (0, 0, 7.039351),
                1770.229178: (0, 0, -33.31063),
                2440.319708: (0, 0, -33.31063),
                2440.321708: (0, 0, -34.215702),
                3044.968368: (0, 0, -34.215702),
                3044.970368: (0, 0, 145.7843),
                3649.617026: (0, 0, 145.7843),
                3649.619026: (0, 0, 146.68936),
                4319.709556: (0, 0, 146.68936),
                4319.711556: (0, 0, -172.96065),
                5315.213448: (0, 0, -172.96065),
                5315.215448: (0, 0, -158.46608),
                5712.977198: (0, 0, -158.46608),
                5712.979198: (0, 0, -158.1986),
                6089.938734: (0, 0, -158.1986),
                6089.940734: (0, 0, 21.801409),
                6466.90027: (0, 0, 21.801409),
                6466.90227: (0, 0, 21.533924),
                6864.66402: (0, 0, 21.533924),
                6864.66602: (0, 0, 7.039351),
                7860.167912: (0, 0, 7.039351),
                7860.169912: (0, 0, -33.31063),
                8530.260444: (0, 0, -33.31063),
                8530.262444: (0, 0, -34.215702),
                9134.909102: (0, 0, -34.215702),
                9134.911102: (0, 0, 145.7843),
                9739.55776: (0, 0, 145.7843),
                9739.55976: (0, 0, 146.68936),
                10409.65029: (0, 0, 146.68936),
                10409.65229: (0, 0, -172.96065),
                11405.154184: (0, 0, -172.96065),
                11405.156184: (0, 0, -158.46608),
                11802.917932: (0, 0, -158.46608),
                11802.919932: (0, 0, -158.1986),
                12179.879468: (0, 0, -158.1986),
                12179.881468: (0, 0, 21.801409),
                12556.841006: (0, 0, 21.801409),
                12556.843006: (0, 0, 21.533924),
                12954.604754: (0, 0, 21.533924),
                12954.606754: (0, 0, 7.039351),
                13950.108646: (0, 0, 7.039351),
                13950.110646: (0, 0, -33.31063),
                14620.201178: (0, 0, -33.31063),
                14620.203178: (0, 0, -34.215702),
                15224.849836: (0, 0, -34.215702),
                15224.851836: (0, 0, 145.7843),
                15829.498494: (0, 0, 145.7843),
                15829.500494: (0, 0, 146.68936),
                16499.591026: (0, 0, 146.68936),
                16499.593026: (0, 0, -172.96065),
                17495.094918: (0, 0, -172.96065),
                17495.096918: (0, 0, -158.46608),
                17892.858666: (0, 0, -158.46608),
                17892.860666: (0, 0, -158.1986),
                18269.820204: (0, 0, -158.1986),
                18269.822204: (0, 0, 21.801409),
                18646.78174: (0, 0, 21.801409),
                18646.78374: (0, 0, 21.533924),
                19044.545488: (0, 0, 21.533924),
                19044.547488: (0, 0, 7.039351),
                20040.049382: (0, 0, 7.039351),
                20040.051382: (0, 0, -33.31063),
                20710.141912: (0, 0, -33.31063),
                20710.143912: (0, 0, -34.215702),
                21314.79057: (0, 0, -34.215702),
                21314.79257: (0, 0, 145.7843),
                21919.439228: (0, 0, 145.7843),
                21919.441228: (0, 0, 146.68936),
                22589.53176: (0, 0, 146.68936),
                22589.53376: (0, 0, -172.96065),
                23585.035652: (0, 0, -172.96065),
                23585.037652: (0, 0, -158.46608),
                23982.799402: (0, 0, -158.46608),
                23982.801402: (0, 0, -158.1986),
                24359.760938: (0, 0, -158.1986),
                24359.762938: (0, 0, 21.801409),
                24736.722474: (0, 0, 21.801409),
                24736.724474: (0, 0, 21.533924),
                25134.486224: (0, 0, 21.533924),
                25134.488224: (0, 0, 7.039351),
                26129.990116: (0, 0, 7.039351),
                26129.992116: (0, 0, -33.31063),
                26800.082646: (0, 0, -33.31063),
                26800.084646: (0, 0, -34.215702),
                27404.731304: (0, 0, -34.215702),
                27404.733304: (0, 0, 145.7843),
                28009.379964: (0, 0, 145.7843),
                28009.381964: (0, 0, 146.68936),
                28679.472494: (0, 0, 146.68936),
                28679.474494: (0, 0, -172.96065),
                29674.976386: (0, 0, -172.96065),
                29674.978386: (0, 0, -158.46608),
                30072.740136: (0, 0, -158.46608),
                30072.742136: (0, 0, -158.1986),
                30449.701672: (0, 0, -158.1986),
                30449.703672: (0, 0, 21.801409),
                30826.663208: (0, 0, 21.801409),
                30826.665208: (0, 0, 21.533924),
                31224.426958: (0, 0, 21.533924),
                31224.428958: (0, 0, 7.039351),
                32219.93085: (0, 0, 7.039351),
                32219.93285: (0, 0, -33.31063),
                32890.023382: (0, 0, -33.31063),
                32890.025382: (0, 0, -34.215702),
                33494.67204: (0, 0, -34.215702),
                33494.67404: (0, 0, 145.7843),
                34099.320698: (0, 0, 145.7843),
                34099.322698: (0, 0, 146.68936),
                34769.413228: (0, 0, 146.68936),
                34769.415228: (0, 0, -172.96065),
                35764.917122: (0, 0, -172.96065),
                35764.919122: (0, 0, -158.46608),
                36162.68087: (0, 0, -158.46608),
                36162.68287: (0, 0, -158.1986),
                36539.642406: (0, 0, -158.1986),
                36539.644406: (0, 0, 21.801409),
                36916.603944: (0, 0, 21.801409),
                36916.605944: (0, 0, 21.533924),
                37314.367692: (0, 0, 21.533924),
                37314.369692: (0, 0, 7.039351),
                38309.871584: (0, 0, 7.039351),
                38309.873584: (0, 0, -33.31063),
                38979.964116: (0, 0, -33.31063),
                38979.966116: (0, 0, -34.215702),
                39584.612774: (0, 0, -34.215702),
                39584.614774: (0, 0, 145.7843),
                40189.261432: (0, 0, 145.7843),
                40189.263432: (0, 0, 146.68936),
                40859.353964: (0, 0, 146.68936),
                40859.355964: (0, 0, -172.96065),
                41854.857856: (0, 0, -172.96065),
                41854.859856: (0, 0, -158.46608),
                42252.621604: (0, 0, -158.46608),
                42252.623604: (0, 0, -158.1986),
                42629.583142: (0, 0, -158.1986),
                42629.585142: (0, 0, 21.801409),
                43006.544678: (0, 0, 21.801409),
                43006.546678: (0, 0, 21.533924),
                43404.308426: (0, 0, 21.533924),
                43404.310426: (0, 0, 7.039351),
                44399.81232: (0, 0, 7.039351),
                44399.81432: (0, 0, -33.31063),
                45069.90485: (0, 0, -33.31063),
                45069.90685: (0, 0, -34.215702),
                45674.553508: (0, 0, -34.215702),
                45674.555508: (0, 0, 145.7843),
                46279.202166: (0, 0, 145.7843),
                46279.204166: (0, 0, 146.68936),
                46949.294698: (0, 0, 146.68936),
                46949.296698: (0, 0, -172.96065),
                47944.79859: (0, 0, -172.96065),
                47944.80059: (0, 0, -158.46608),
                48342.56234: (0, 0, -158.46608),
                48342.56434: (0, 0, -158.1986),
                48719.523876: (0, 0, -158.1986),
                48719.525876: (0, 0, 21.801409),
                49096.485412: (0, 0, 21.801409),
                49096.487412: (0, 0, 21.533924),
                49494.249162: (0, 0, 21.533924),
                49494.251162: (0, 0, 7.039351),
                50489.753054: (0, 0, 7.039351),
                50489.755054: (0, 0, -33.31063),
                51159.845584: (0, 0, -33.31063),
                51159.847584: (0, 0, -34.215702),
                51764.494242: (0, 0, -34.215702),
                51764.496242: (0, 0, 145.7843),
                52369.142902: (0, 0, 145.7843),
                52369.144902: (0, 0, 146.68936),
                53039.235432: (0, 0, 146.68936),
                53039.237432: (0, 0, -172.96065),
                54034.739324: (0, 0, -172.96065),
                54034.741324: (0, 0, -158.46608),
                54432.503074: (0, 0, -158.46608),
                54432.505074: (0, 0, -158.1986),
                54809.46461: (0, 0, -158.1986),
                54809.46661: (0, 0, 21.801409),
                55186.426146: (0, 0, 21.801409),
                55186.428146: (0, 0, 21.533924),
                55584.189896: (0, 0, 21.533924),
                55584.191896: (0, 0, 7.039351),
                56579.693788: (0, 0, 7.039351),
                56579.695788: (0, 0, -33.31063),
                57249.786318: (0, 0, -33.31063),
                57249.788318: (0, 0, -34.215702),
                57854.434978: (0, 0, -34.215702),
                57854.436978: (0, 0, 145.7843),
                58459.083636: (0, 0, 145.7843),
                58459.085636: (0, 0, 146.68936),
                59129.176166: (0, 0, 146.68936),
                59129.178166: (0, 0, -172.96065),
                60124.680058: (0, 0, -172.96065),
                60124.682058: (0, 0, -158.46608),
                60522.443808: (0, 0, -158.46608),
                60522.445808: (0, 0, -158.1986),
                60899.405344: (0, 0, -158.1986),
                60899.407344: (0, 0, 21.801409),
                61276.36688: (0, 0, 21.801409),
                61276.36888: (0, 0, 21.533924),
                61674.13063: (0, 0, 21.533924),
                61674.13263: (0, 0, 7.039351),
                62669.634522: (0, 0, 7.039351),
                62669.636522: (0, 0, -33.31063),
                63339.727054: (0, 0, -33.31063),
                63339.729054: (0, 0, -34.215702),
                63944.375712: (0, 0, -34.215702),
                63944.377712: (0, 0, 145.7843),
                64549.02437: (0, 0, 145.7843),
                64549.02637: (0, 0, 146.68936),
                65219.1169: (0, 0, 146.68936),
                65219.1189: (0, 0, -172.96065),
                66214.620794: (0, 0, -172.96065),
                66214.622794: (0, 0, -158.46608),
                66612.384542: (0, 0, -158.46608),
                66612.386542: (0, 0, -158.1986),
                66989.346078: (0, 0, -158.1986),
                66989.348078: (0, 0, 21.801409),
                67366.307616: (0, 0, 21.801409),
                67366.309616: (0, 0, 21.533924),
                67764.071364: (0, 0, 21.533924),
                67764.073364: (0, 0, 7.039351),
                68759.575256: (0, 0, 7.039351),
                68759.577256: (0, 0, -33.31063),
                69429.667788: (0, 0, -33.31063),
                69429.669788: (0, 0, -34.215702),
                70034.316446: (0, 0, -34.215702),
                70034.318446: (0, 0, 145.7843),
                70638.965104: (0, 0, 145.7843),
                70638.967104: (0, 0, 146.68936),
                71309.057636: (0, 0, 146.68936),
                71309.059636: (0, 0, -172.96065),
                72304.561528: (0, 0, -172.96065),
                72304.563528: (0, 0, -158.46608),
                72702.325276: (0, 0, -158.46608),
                72702.327276: (0, 0, -158.1986),
                73079.286814: (0, 0, -158.1986),
                73079.288814: (0, 0, 21.801409),
                73456.24835: (0, 0, 21.801409),
                73456.25035: (0, 0, 21.533924),
                73854.012098: (0, 0, 21.533924),
                73854.014098: (0, 0, 7.039351),
                74849.515992: (0, 0, 7.039351),
                74849.517992: (0, 0, -33.31063),
                75519.608522: (0, 0, -33.31063),
                75519.610522: (0, 0, -34.215702),
                76124.25718: (0, 0, -34.215702),
                76124.25918: (0, 0, 145.7843),
                76728.905838: (0, 0, 145.7843),
                76728.907838: (0, 0, 146.68936),
                77398.99837: (0, 0, 146.68936),
                77399.00037: (0, 0, -172.96065),
                78394.502262: (0, 0, -172.96065),
                78394.504262: (0, 0, -158.46608),
                78792.266012: (0, 0, -158.46608),
                78792.268012: (0, 0, -158.1986),
                79169.227548: (0, 0, -158.1986),
                79169.229548: (0, 0, 21.801409),
                79546.189084: (0, 0, 21.801409),
                79546.191084: (0, 0, 21.533924),
                79943.952834: (0, 0, 21.533924),
                79943.954834: (0, 0, 7.039351),
                80939.456726: (0, 0, 7.039351),
                80939.458726: (0, 0, -33.31063),
                81609.549256: (0, 0, -33.31063),
                81609.551256: (0, 0, -34.215702),
                82214.197914: (0, 0, -34.215702),
                82214.199914: (0, 0, 145.7843),
                82818.846574: (0, 0, 145.7843),
                82818.848574: (0, 0, 146.68936),
                83488.939104: (0, 0, 146.68936),
                83488.941104: (0, 0, -172.96065),
                84484.442996: (0, 0, -172.96065),
                84484.444996: (0, 0, -158.46608),
                84882.206746: (0, 0, -158.46608),
                84882.208746: (0, 0, -158.1986),
                85259.168282: (0, 0, -158.1986),
                85259.170282: (0, 0, 21.801409),
                85636.129818: (0, 0, 21.801409),
                85636.131818: (0, 0, 21.533924),
                86033.893568: (0, 0, 21.533924),
                86033.895568: (0, 0, 7.039351),
                87029.39746: (0, 0, 7.039351),
                87029.39946: (0, 0, -33.31063),
                87699.489992: (0, 0, -33.31063),
                87699.491992: (0, 0, -34.215702),
                88304.13865: (0, 0, -34.215702),
                88304.14065: (0, 0, 145.7843),
                88908.787308: (0, 0, 145.7843),
                88908.789308: (0, 0, 146.68936),
                89578.879838: (0, 0, 146.68936),
                89578.881838: (0, 0, -172.96065),
                90574.383732: (0, 0, -172.96065),
                90574.385732: (0, 0, -158.46608),
                90972.14748: (0, 0, -158.46608),
                90972.14948: (0, 0, -158.1986),
                91349.109016: (0, 0, -158.1986),
                91349.111016: (0, 0, 21.801409),
                91726.070554: (0, 0, 21.801409),
                91726.072554: (0, 0, 21.533924),
                92123.834302: (0, 0, 21.533924),
                92123.836302: (0, 0, 7.039351),
                93119.338194: (0, 0, 7.039351),
                93119.340194: (0, 0, -33.31063),
                93789.430726: (0, 0, -33.31063),
                93789.432726: (0, 0, -34.215702),
                94394.079384: (0, 0, -34.215702),
                94394.081384: (0, 0, 145.7843),
                94998.728042: (0, 0, 145.7843),
                94998.730042: (0, 0, 146.68936),
                95668.820574: (0, 0, 146.68936),
                95668.822574: (0, 0, -172.96065),
                96664.324466: (0, 0, -172.96065),
                96664.326466: (0, 0, -158.46608),
                97062.088214: (0, 0, -158.46608),
                97062.090214: (0, 0, -158.1986),
                97439.049752: (0, 0, -158.1986),
                97439.051752: (0, 0, 21.801409),
                97816.011288: (0, 0, 21.801409),
                97816.013288: (0, 0, 21.533924),
                98213.775036: (0, 0, 21.533924),
                98213.777036: (0, 0, 7.039351),
                99209.27893: (0, 0, 7.039351),
                99209.28093: (0, 0, -33.31063),
                99879.37146: (0, 0, -33.31063),
                99879.37346: (0, 0, -34.215702),
                100484.020118: (0, 0, -34.215702),
                100484.022118: (0, 0, 145.7843),
                101088.668776: (0, 0, 145.7843),
                101088.670776: (0, 0, 146.68936),
                101758.761308: (0, 0, 146.68936),
                101758.763308: (0, 0, -172.96065),
                102754.2652: (0, 0, -172.96065),
                102754.2672: (0, 0, -158.46608),
                103152.02895: (0, 0, -158.46608),
                103152.03095: (0, 0, -158.1986),
                103528.990486: (0, 0, -158.1986),
                103528.992486: (0, 0, 21.801409),
                103905.952022: (0, 0, 21.801409),
                103905.954022: (0, 0, 21.533924),
                104303.715772: (0, 0, 21.533924),
                104303.717772: (0, 0, 7.039351),
                105299.219664: (0, 0, 7.039351),
                105299.221664: (0, 0, -33.31063),
                105969.312194: (0, 0, -33.31063),
                105969.314194: (0, 0, -34.215702),
                106573.960852: (0, 0, -34.215702),
                106573.962852: (0, 0, 145.7843),
                107178.609512: (0, 0, 145.7843),
                107178.611512: (0, 0, 146.68936),
                107848.702042: (0, 0, 146.68936),
                107848.704042: (0, 0, -172.96065),
                108844.205934: (0, 0, -172.96065),
                108844.207934: (0, 0, -158.46608),
                109241.969684: (0, 0, -158.46608),
                109241.971684: (0, 0, -158.1986),
                109618.93122: (0, 0, -158.1986),
                109618.93322: (0, 0, 21.801409),
                109995.892756: (0, 0, 21.801409),
                109995.894756: (0, 0, 21.533924),
                110393.656506: (0, 0, 21.533924),
                110393.658506: (0, 0, 7.039351),
                111389.160398: (0, 0, 7.039351),
                111389.162398: (0, 0, -33.31063),
                112059.252928: (0, 0, -33.31063),
                112059.254928: (0, 0, -34.215702),
                112663.901588: (0, 0, -34.215702),
                112663.903588: (0, 0, 145.7843),
                113268.550246: (0, 0, 145.7843),
                113268.552246: (0, 0, 146.68936),
                113938.642776: (0, 0, 146.68936),
                113938.644776: (0, 0, -172.96065),
                114934.146668: (0, 0, -172.96065),
                114934.148668: (0, 0, -158.46608),
                115331.910418: (0, 0, -158.46608),
                115331.912418: (0, 0, -158.1986),
                115708.871954: (0, 0, -158.1986),
                115708.873954: (0, 0, 21.801409),
                116085.83349: (0, 0, 21.801409),
                116085.83549: (0, 0, 21.533924),
                116483.59724: (0, 0, 21.533924),
                116483.59924: (0, 0, 7.039351),
                117479.101132: (0, 0, 7.039351),
                117479.103132: (0, 0, -33.31063),
                118149.193664: (0, 0, -33.31063),
                118149.195664: (0, 0, -34.215702),
                118753.842322: (0, 0, -34.215702),
                118753.844322: (0, 0, 145.7843),
                119358.49098: (0, 0, 145.7843),
                119358.49298: (0, 0, 146.68936),
                120028.58351: (0, 0, 146.68936),
                120028.58551: (0, 0, -172.96065),
                121024.087404: (0, 0, -172.96065),
                121024.089404: (0, 0, -158.46608),
                121421.851152: (0, 0, -158.46608),
                121421.853152: (0, 0, -158.1986),
                121798.812688: (0, 0, -158.1986),
                121798.814688: (0, 0, 21.801409),
                122175.774226: (0, 0, 21.801409),
                122175.776226: (0, 0, 21.533924),
                122573.537974: (0, 0, 21.533924),
                122573.539974: (0, 0, 7.039351),
                123569.041866: (0, 0, 7.039351),
                123569.043866: (0, 0, -33.31063),
                124239.134398: (0, 0, -33.31063),
                124239.136398: (0, 0, -34.215702),
                124843.783056: (0, 0, -34.215702),
                124843.785056: (0, 0, 145.7843),
                125448.431714: (0, 0, 145.7843),
                125448.433714: (0, 0, 146.68936),
                126118.524246: (0, 0, 146.68936),
                126118.526246: (0, 0, -172.96065),
                127114.028138: (0, 0, -172.96065),
                127114.030138: (0, 0, -158.46608),
                127511.791886: (0, 0, -158.46608),
                127511.793886: (0, 0, -158.1986),
                127888.753424: (0, 0, -158.1986),
                127888.755424: (0, 0, 21.801409),
                128265.71496: (0, 0, 21.801409),
                128265.71696: (0, 0, 21.533924),
                128663.478708: (0, 0, 21.533924),
                128663.480708: (0, 0, 7.039351),
                129658.982602: (0, 0, 7.039351),
                129658.984602: (0, 0, -33.31063),
                130329.075132: (0, 0, -33.31063),
                130329.077132: (0, 0, -34.215702),
                130933.72379: (0, 0, -34.215702),
                130933.72579: (0, 0, 145.7843),
                131538.372448: (0, 0, 145.7843),
                131538.374448: (0, 0, 146.68936),
                132208.46498: (0, 0, 146.68936),
                132208.46698: (0, 0, -172.96065),
                133203.968872: (0, 0, -172.96065),
                133203.970872: (0, 0, -158.46608),
                133601.732622: (0, 0, -158.46608),
                133601.734622: (0, 0, -158.1986),
                133978.694158: (0, 0, -158.1986),
                133978.696158: (0, 0, 21.801409),
                134355.655694: (0, 0, 21.801409),
                134355.657694: (0, 0, 21.533924),
                134753.419444: (0, 0, 21.533924),
                134753.421444: (0, 0, 7.039351),
                135748.923336: (0, 0, 7.039351),
                135748.925336: (0, 0, -33.31063),
                136419.015866: (0, 0, -33.31063),
                136419.017866: (0, 0, -34.215702),
                137023.664524: (0, 0, -34.215702),
                137023.666524: (0, 0, 145.7843),
                137628.313184: (0, 0, 145.7843),
                137628.315184: (0, 0, 146.68936),
                138298.405714: (0, 0, 146.68936),
                138298.407714: (0, 0, -172.96065),
                139293.909606: (0, 0, -172.96065),
                139293.911606: (0, 0, -158.46608),
                139691.673356: (0, 0, -158.46608),
                139691.675356: (0, 0, -158.1986),
                140068.634892: (0, 0, -158.1986),
                140068.636892: (0, 0, 21.801409),
                140445.596428: (0, 0, 21.801409),
                140445.598428: (0, 0, 21.533924),
                140843.360178: (0, 0, 21.533924),
                140843.362178: (0, 0, 7.039351),
                141838.86407: (0, 0, 7.039351),
                141838.86607: (0, 0, -33.31063),
                142508.956602: (0, 0, -33.31063),
                142508.958602: (0, 0, -34.215702),
                143113.60526: (0, 0, -34.215702),
                143113.60726: (0, 0, 145.7843),
                143718.253918: (0, 0, 145.7843),
                143718.255918: (0, 0, 146.68936),
                144388.346448: (0, 0, 146.68936),
                144388.348448: (0, 0, -172.96065),
                145383.850342: (0, 0, -172.96065),
                145383.852342: (0, 0, -158.46608),
                145781.61409: (0, 0, -158.46608),
                145781.61609: (0, 0, -158.1986),
                146158.575626: (0, 0, -158.1986),
                146158.577626: (0, 0, 21.801409),
                146535.537164: (0, 0, 21.801409),
                146535.539164: (0, 0, 21.533924),
                146933.300912: (0, 0, 21.533924),
                146933.302912: (0, 0, 7.039351),
                147928.804804: (0, 0, 7.039351),
                147928.806804: (0, 0, -33.31063),
                148598.897336: (0, 0, -33.31063),
                148598.899336: (0, 0, -34.215702),
                149203.545994: (0, 0, -34.215702),
                149203.547994: (0, 0, 145.7843),
                149808.194652: (0, 0, 145.7843),
                149808.196652: (0, 0, 146.68936),
                150478.287184: (0, 0, 146.68936),
                150478.289184: (0, 0, -172.96065),
                151473.791076: (0, 0, -172.96065),
                151473.793076: (0, 0, -158.46608),
                151871.554824: (0, 0, -158.46608),
                151871.556824: (0, 0, -158.1986),
                152248.516362: (0, 0, -158.1986),
                152248.518362: (0, 0, 21.801409),
                152625.477898: (0, 0, 21.801409),
                152625.479898: (0, 0, 21.533924),
                153023.241646: (0, 0, 21.533924),
                153023.243646: (0, 0, 7.039351),
                154018.74554: (0, 0, 7.039351),
                154018.74754: (0, 0, -33.31063),
                154688.83807: (0, 0, -33.31063),
                154688.84007: (0, 0, -34.215702),
                155293.486728: (0, 0, -34.215702),
                155293.488728: (0, 0, 145.7843),
                155898.135386: (0, 0, 145.7843),
                155898.137386: (0, 0, 146.68936),
                156568.227918: (0, 0, 146.68936),
                156568.229918: (0, 0, -172.96065),
                157563.73181: (0, 0, -172.96065),
                157563.73381: (0, 0, -158.46608),
                157961.49556: (0, 0, -158.46608),
                157961.49756: (0, 0, -158.1986),
                158338.457096: (0, 0, -158.1986),
                158338.459096: (0, 0, 21.801409),
                158715.418632: (0, 0, 21.801409),
                158715.420632: (0, 0, 21.533924),
                159113.182382: (0, 0, 21.533924),
                159113.184382: (0, 0, 7.039351),
                160108.686274: (0, 0, 7.039351),
                160108.688274: (0, 0, -33.31063),
                160778.778804: (0, 0, -33.31063),
                160778.780804: (0, 0, -34.215702),
                161383.427462: (0, 0, -34.215702),
                161383.429462: (0, 0, 145.7843),
                161988.076122: (0, 0, 145.7843),
                161988.078122: (0, 0, 146.68936),
                162658.168652: (0, 0, 146.68936),
                162658.170652: (0, 0, -172.96065),
                163653.672544: (0, 0, -172.96065),
                163653.674544: (0, 0, -158.46608),
                164051.436294: (0, 0, -158.46608),
                164051.438294: (0, 0, -158.1986),
                164428.39783: (0, 0, -158.1986),
                164428.39983: (0, 0, 21.801409),
                164805.359366: (0, 0, 21.801409),
                164805.361366: (0, 0, 21.533924),
                165203.123116: (0, 0, 21.533924),
                165203.125116: (0, 0, 7.039351),
                166198.627008: (0, 0, 7.039351),
                166198.629008: (0, 0, -33.31063),
                166868.719538: (0, 0, -33.31063),
                166868.721538: (0, 0, -34.215702),
                167473.368198: (0, 0, -34.215702),
                167473.370198: (0, 0, 145.7843),
                168078.016856: (0, 0, 145.7843),
                168078.018856: (0, 0, 146.68936),
                168748.109386: (0, 0, 146.68936),
                168748.111386: (0, 0, -172.96065),
                169743.613278: (0, 0, -172.96065),
                169743.615278: (0, 0, -158.46608),
                170141.377028: (0, 0, -158.46608),
                170141.379028: (0, 0, -158.1986),
                170518.338564: (0, 0, -158.1986),
                170518.340564: (0, 0, 21.801409),
                170895.3001: (0, 0, 21.801409),
                170895.3021: (0, 0, 21.533924),
                171293.06385: (0, 0, 21.533924),
                171293.06585: (0, 0, 7.039351),
                172288.567742: (0, 0, 7.039351),
                172288.569742: (0, 0, -33.31063),
                172958.660274: (0, 0, -33.31063),
                172958.662274: (0, 0, -34.215702),
                173563.308932: (0, 0, -34.215702),
                173563.310932: (0, 0, 145.7843),
                174167.95759: (0, 0, 145.7843),
                174167.95959: (0, 0, 146.68936),
                174838.05012: (0, 0, 146.68936),
                174838.05212: (0, 0, -172.96065),
                175833.554014: (0, 0, -172.96065),
                175833.556014: (0, 0, -158.46608),
                176231.317762: (0, 0, -158.46608),
                176231.319762: (0, 0, -158.1986),
                176608.279298: (0, 0, -158.1986),
                176608.281298: (0, 0, 21.801409),
                176985.240836: (0, 0, 21.801409),
                176985.242836: (0, 0, 21.533924),
                177383.004584: (0, 0, 21.533924),
                177383.006584: (0, 0, 7.039351),
                178378.508476: (0, 0, 7.039351),
                178378.510476: (0, 0, -33.31063),
                179048.601008: (0, 0, -33.31063),
                179048.603008: (0, 0, -34.215702),
                179653.249666: (0, 0, -34.215702),
                179653.251666: (0, 0, 145.7843),
                180257.898324: (0, 0, 145.7843),
                180257.900324: (0, 0, 146.68936),
                180927.990856: (0, 0, 146.68936),
                180927.992856: (0, 0, -172.96065),
                181923.494748: (0, 0, -172.96065),
                181923.496748: (0, 0, -158.46608),
                182321.258496: (0, 0, -158.46608),
                182321.260496: (0, 0, -158.1986),
                182698.220034: (0, 0, -158.1986),
                182698.222034: (0, 0, 21.801409),
                183075.18157: (0, 0, 21.801409),
                183075.18357: (0, 0, 21.533924),
                183472.945318: (0, 0, 21.533924),
                183472.947318: (0, 0, 7.039351),
                184468.449212: (0, 0, 7.039351),
                184468.451212: (0, 0, -33.31063),
                185138.541742: (0, 0, -33.31063),
                185138.543742: (0, 0, -34.215702),
                185743.1904: (0, 0, -34.215702),
                185743.1924: (0, 0, 145.7843),
                186347.839058: (0, 0, 145.7843),
                186347.841058: (0, 0, 146.68936),
                187017.93159: (0, 0, 146.68936),
                187017.93359: (0, 0, -172.96065),
                188013.435482: (0, 0, -172.96065),
                188013.437482: (0, 0, -158.46608),
                188411.199232: (0, 0, -158.46608),
                188411.201232: (0, 0, -158.1986),
                188788.160768: (0, 0, -158.1986),
                188788.162768: (0, 0, 21.801409),
                189165.122304: (0, 0, 21.801409),
                189165.124304: (0, 0, 21.533924),
                189562.886054: (0, 0, 21.533924),
                189562.888054: (0, 0, 7.039351),
                190558.389946: (0, 0, 7.039351),
                190558.391946: (0, 0, -33.31063),
                191228.482476: (0, 0, -33.31063),
                191228.484476: (0, 0, -34.215702),
                191833.131134: (0, 0, -34.215702),
                191833.133134: (0, 0, 145.7843),
                192437.779794: (0, 0, 145.7843),
                192437.781794: (0, 0, 146.68936),
                193107.872324: (0, 0, 146.68936),
                193107.874324: (0, 0, -172.96065),
                194103.376216: (0, 0, -172.96065),
                194103.378216: (0, 0, -158.46608),
                194501.139966: (0, 0, -158.46608),
                194501.141966: (0, 0, -158.1986),
                194878.101502: (0, 0, -158.1986),
                194878.103502: (0, 0, 21.801409),
                195255.063038: (0, 0, 21.801409),
                195255.065038: (0, 0, 21.533924),
                195652.826788: (0, 0, 21.533924),
                195652.828788: (0, 0, 7.039351),
                196648.33068: (0, 0, 7.039351),
                196648.33268: (0, 0, -33.31063),
                197318.423212: (0, 0, -33.31063),
                197318.425212: (0, 0, -34.215702),
                197923.07187: (0, 0, -34.215702),
                197923.07387: (0, 0, 145.7843),
                198527.720528: (0, 0, 145.7843),
                198527.722528: (0, 0, 146.68936),
                199197.813058: (0, 0, 146.68936),
                199197.815058: (0, 0, -172.96065),
                200193.316952: (0, 0, -172.96065),
                200193.318952: (0, 0, -158.46608),
                200591.0807: (0, 0, -158.46608),
                200591.0827: (0, 0, -158.1986),
                200968.042236: (0, 0, -158.1986),
                200968.044236: (0, 0, 21.801409),
                201345.003774: (0, 0, 21.801409),
                201345.005774: (0, 0, 21.533924),
                201742.767522: (0, 0, 21.533924),
                201742.769522: (0, 0, 7.039351),
                202738.271414: (0, 0, 7.039351),
                202738.273414: (0, 0, -33.31063),
                203408.363946: (0, 0, -33.31063),
                203408.365946: (0, 0, -34.215702),
                204013.012604: (0, 0, -34.215702),
                204013.014604: (0, 0, 145.7843),
                204617.661262: (0, 0, 145.7843),
                204617.663262: (0, 0, 146.68936),
                205287.753794: (0, 0, 146.68936),
                205287.755794: (0, 0, -172.96065),
                206283.257686: (0, 0, -172.96065),
                206283.259686: (0, 0, -158.46608),
                206681.021434: (0, 0, -158.46608),
                206681.023434: (0, 0, -158.1986),
                207057.982972: (0, 0, -158.1986),
                207057.984972: (0, 0, 21.801409),
                207434.944508: (0, 0, 21.801409),
                207434.946508: (0, 0, 21.533924),
                207832.708256: (0, 0, 21.533924),
                207832.710256: (0, 0, 7.039351),
                208828.21215: (0, 0, 7.039351),
                208828.21415: (0, 0, -33.31063),
                209498.30468: (0, 0, -33.31063),
                209498.30668: (0, 0, -34.215702),
                210102.953338: (0, 0, -34.215702),
                210102.955338: (0, 0, 145.7843),
                210707.601996: (0, 0, 145.7843),
                210707.603996: (0, 0, 146.68936),
                211377.694528: (0, 0, 146.68936),
                211377.696528: (0, 0, -172.96065),
                212373.19842: (0, 0, -172.96065),
                212373.20042: (0, 0, -158.46608),
                212770.96217: (0, 0, -158.46608),
                212770.96417: (0, 0, -158.1986),
                213147.923706: (0, 0, -158.1986),
                213147.925706: (0, 0, 21.801409),
                213524.885242: (0, 0, 21.801409),
                213524.887242: (0, 0, 21.533924),
                213922.648992: (0, 0, 21.533924),
                213922.650992: (0, 0, 7.039351),
                214918.152884: (0, 0, 7.039351),
                214918.154884: (0, 0, -33.31063),
                215588.245414: (0, 0, -33.31063),
                215588.247414: (0, 0, -34.215702),
                216192.894072: (0, 0, -34.215702),
                216192.896072: (0, 0, 145.7843),
                216797.542732: (0, 0, 145.7843),
                216797.544732: (0, 0, 146.68936),
                217467.635262: (0, 0, 146.68936),
                217467.637262: (0, 0, -172.96065),
                218463.139154: (0, 0, -172.96065),
                218463.141154: (0, 0, -158.46608),
                218860.902904: (0, 0, -158.46608),
                218860.904904: (0, 0, -158.1986),
                219237.86444: (0, 0, -158.1986),
                219237.86644: (0, 0, 21.801409),
                219614.825976: (0, 0, 21.801409),
                219614.827976: (0, 0, 21.533924),
                220012.589726: (0, 0, 21.533924),
                220012.591726: (0, 0, 7.039351),
                221008.093618: (0, 0, 7.039351),
                221008.095618: (0, 0, -33.31063),
                221678.186148: (0, 0, -33.31063),
                221678.188148: (0, 0, -34.215702),
                222282.834808: (0, 0, -34.215702),
                222282.836808: (0, 0, 145.7843),
                222887.483466: (0, 0, 145.7843),
                222887.485466: (0, 0, 146.68936),
                223557.575996: (0, 0, 146.68936),
                223557.577996: (0, 0, -172.96065),
                224553.079888: (0, 0, -172.96065),
                224553.081888: (0, 0, -158.46608),
                224950.843638: (0, 0, -158.46608),
                224950.845638: (0, 0, -158.1986),
                225327.805174: (0, 0, -158.1986),
                225327.807174: (0, 0, 21.801409),
                225704.76671: (0, 0, 21.801409),
                225704.76871: (0, 0, 21.533924),
                226102.53046: (0, 0, 21.533924),
                226102.53246: (0, 0, 7.039351),
                227098.034352: (0, 0, 7.039351),
                227098.036352: (0, 0, -33.31063),
                227768.126884: (0, 0, -33.31063),
                227768.128884: (0, 0, -34.215702),
                228372.775542: (0, 0, -34.215702),
                228372.777542: (0, 0, 145.7843),
                228977.4242: (0, 0, 145.7843),
                228977.4262: (0, 0, 146.68936),
                229647.51673: (0, 0, 146.68936),
                229647.51873: (0, 0, -172.96065),
                230643.020624: (0, 0, -172.96065),
                230643.022624: (0, 0, -158.46608),
                231040.784372: (0, 0, -158.46608),
                231040.786372: (0, 0, -158.1986),
                231417.745908: (0, 0, -158.1986),
                231417.747908: (0, 0, 21.801409),
                231794.707446: (0, 0, 21.801409),
                231794.709446: (0, 0, 21.533924),
                232192.471194: (0, 0, 21.533924),
                232192.473194: (0, 0, 7.039351),
                233187.975086: (0, 0, 7.039351),
                233187.977086: (0, 0, -33.31063),
                233858.067618: (0, 0, -33.31063),
                233858.069618: (0, 0, -34.215702),
                234462.716276: (0, 0, -34.215702),
                234462.718276: (0, 0, 145.7843),
                235067.364934: (0, 0, 145.7843),
                235067.366934: (0, 0, 146.68936),
                235737.457466: (0, 0, 146.68936),
                235737.459466: (0, 0, -172.96065),
                236732.961358: (0, 0, -172.96065),
                236732.963358: (0, 0, -158.46608),
                237130.725106: (0, 0, -158.46608),
                237130.727106: (0, 0, -158.1986),
                237507.686644: (0, 0, -158.1986),
                237507.688644: (0, 0, 21.801409),
                237884.64818: (0, 0, 21.801409),
                237884.65018: (0, 0, 21.533924),
                238282.411928: (0, 0, 21.533924),
                238282.413928: (0, 0, 7.039351),
                239277.915822: (0, 0, 7.039351),
                239277.917822: (0, 0, -33.31063),
                239948.008352: (0, 0, -33.31063),
                239948.010352: (0, 0, -34.215702),
                240552.65701: (0, 0, -34.215702),
                240552.65901: (0, 0, 145.7843),
                241157.305668: (0, 0, 145.7843),
                241157.307668: (0, 0, 146.68936),
                241827.3982: (0, 0, 146.68936),
                241827.4002: (0, 0, -172.96065),
                242822.902092: (0, 0, -172.96065),
                242822.904092: (0, 0, -158.46608),
                243220.665842: (0, 0, -158.46608),
                243220.667842: (0, 0, -158.1986),
                243597.627378: (0, 0, -158.1986),
                243597.629378: (0, 0, 21.801409),
                243974.588914: (0, 0, 21.801409),
                243974.590914: (0, 0, 21.533924),
                244372.352664: (0, 0, 21.533924),
                244372.354664: (0, 0, 7.039351),
                245367.856556: (0, 0, 7.039351),
                245367.858556: (0, 0, -33.31063),
                246037.949086: (0, 0, -33.31063),
                246037.951086: (0, 0, -34.215702),
                246642.597744: (0, 0, -34.215702),
                246642.599744: (0, 0, 145.7843),
                247247.246404: (0, 0, 145.7843),
                247247.248404: (0, 0, 146.68936),
                247917.338934: (0, 0, 146.68936),
                247917.340934: (0, 0, -172.96065),
                248912.842826: (0, 0, -172.96065),
                248912.844826: (0, 0, -158.46608),
                249310.606576: (0, 0, -158.46608),
                249310.608576: (0, 0, -158.1986),
                249687.568112: (0, 0, -158.1986),
                249687.570112: (0, 0, 21.801409),
                250064.529648: (0, 0, 21.801409),
                250064.531648: (0, 0, 21.533924),
                250462.293398: (0, 0, 21.533924),
                250462.295398: (0, 0, 7.039351),
                251457.79729: (0, 0, 7.039351),
                251457.79929: (0, 0, -33.31063),
                252127.889822: (0, 0, -33.31063),
                252127.891822: (0, 0, -34.215702),
                252732.53848: (0, 0, -34.215702),
                252732.54048: (0, 0, 145.7843),
                253337.187138: (0, 0, 145.7843),
                253337.189138: (0, 0, 146.68936),
                254007.279668: (0, 0, 146.68936),
                254007.281668: (0, 0, -172.96065),
                255002.783562: (0, 0, -172.96065),
                255002.785562: (0, 0, -158.46608),
                255400.54731: (0, 0, -158.46608),
                255400.54931: (0, 0, -158.1986),
                255777.508846: (0, 0, -158.1986),
                255777.510846: (0, 0, 21.801409),
                256154.470384: (0, 0, 21.801409),
                256154.472384: (0, 0, 21.533924),
                256552.234132: (0, 0, 21.533924),
                256552.236132: (0, 0, 7.039351),
                257547.738024: (0, 0, 7.039351),
                257547.740024: (0, 0, -33.31063),
                258217.830556: (0, 0, -33.31063),
                258217.832556: (0, 0, -34.215702),
                258822.479214: (0, 0, -34.215702),
                258822.481214: (0, 0, 145.7843),
                259427.127872: (0, 0, 145.7843),
                259427.129872: (0, 0, 146.68936),
                260097.220404: (0, 0, 146.68936),
                260097.222404: (0, 0, -172.96065),
                261092.724296: (0, 0, -172.96065),
                261092.726296: (0, 0, -158.46608),
                261490.488044: (0, 0, -158.46608),
                261490.490044: (0, 0, -158.1986),
                261867.449582: (0, 0, -158.1986),
                261867.451582: (0, 0, 21.801409),
                262244.411118: (0, 0, 21.801409),
                262244.413118: (0, 0, 21.533924),
                262642.174866: (0, 0, 21.533924),
                262642.176866: (0, 0, 7.039351),
                263637.67876: (0, 0, 7.039351),
                263637.68076: (0, 0, -33.31063),
                264307.77129: (0, 0, -33.31063),
                264307.77329: (0, 0, -34.215702),
                264912.419948: (0, 0, -34.215702),
                264912.421948: (0, 0, 145.7843),
                265517.068606: (0, 0, 145.7843),
                265517.070606: (0, 0, 146.68936),
                266187.161138: (0, 0, 146.68936),
                266187.163138: (0, 0, -172.96065),
                267182.66503: (0, 0, -172.96065),
                267182.66703: (0, 0, -158.46608),
                267580.42878: (0, 0, -158.46608),
                267580.43078: (0, 0, -158.1986),
                267957.390316: (0, 0, -158.1986),
                267957.392316: (0, 0, 21.801409),
                268334.351852: (0, 0, 21.801409),
                268334.353852: (0, 0, 21.533924),
                268732.115602: (0, 0, 21.533924),
                268732.117602: (0, 0, 7.039351),
                269727.619494: (0, 0, 7.039351),
                269727.621494: (0, 0, -33.31063),
                270397.712024: (0, 0, -33.31063),
                270397.714024: (0, 0, -34.215702),
                271002.360682: (0, 0, -34.215702),
                271002.362682: (0, 0, 145.7843),
                271607.009342: (0, 0, 145.7843),
                271607.011342: (0, 0, 146.68936),
                272277.101872: (0, 0, 146.68936),
                272277.103872: (0, 0, -172.96065),
                273272.605764: (0, 0, -172.96065),
                273272.607764: (0, 0, -158.46608),
                273670.369514: (0, 0, -158.46608),
                273670.371514: (0, 0, -158.1986),
                274047.33105: (0, 0, -158.1986),
                274047.33305: (0, 0, 21.801409),
                274424.292586: (0, 0, 21.801409),
                274424.294586: (0, 0, 21.533924),
                274822.056336: (0, 0, 21.533924),
                274822.058336: (0, 0, 7.039351),
                275817.560228: (0, 0, 7.039351),
                275817.562228: (0, 0, -33.31063),
                276487.652758: (0, 0, -33.31063),
                276487.654758: (0, 0, -34.215702),
                277092.301418: (0, 0, -34.215702),
                277092.303418: (0, 0, 145.7843),
                277696.950076: (0, 0, 145.7843),
                277696.952076: (0, 0, 146.68936),
                278367.042606: (0, 0, 146.68936),
                278367.044606: (0, 0, -172.96065),
                279362.546498: (0, 0, -172.96065),
                279362.548498: (0, 0, -158.46608),
                279760.310248: (0, 0, -158.46608),
                279760.312248: (0, 0, -158.1986),
                280137.271784: (0, 0, -158.1986),
                280137.273784: (0, 0, 21.801409),
                280514.23332: (0, 0, 21.801409),
                280514.23532: (0, 0, 21.533924),
                280911.99707: (0, 0, 21.533924),
                280911.99907: (0, 0, 7.039351),
                281907.500962: (0, 0, 7.039351),
                281907.502962: (0, 0, -33.31063),
                282577.593494: (0, 0, -33.31063),
                282577.595494: (0, 0, -34.215702),
                283182.242152: (0, 0, -34.215702),
                283182.244152: (0, 0, 145.7843),
                283786.89081: (0, 0, 145.7843),
                283786.89281: (0, 0, 146.68936),
                284456.98334: (0, 0, 146.68936),
                284456.98534: (0, 0, -172.96065),
                285452.487234: (0, 0, -172.96065),
                285452.489234: (0, 0, -158.46608),
                285850.250982: (0, 0, -158.46608),
                285850.252982: (0, 0, -158.1986),
                286227.212518: (0, 0, -158.1986),
                286227.214518: (0, 0, 21.801409),
                286604.174056: (0, 0, 21.801409),
                286604.176056: (0, 0, 21.533924),
                287001.937804: (0, 0, 21.533924),
                287001.939804: (0, 0, 7.039351),
                287997.441696: (0, 0, 7.039351),
                287997.443696: (0, 0, -33.31063),
                288667.534228: (0, 0, -33.31063),
                288667.536228: (0, 0, -34.215702),
                289272.182886: (0, 0, -34.215702),
                289272.184886: (0, 0, 145.7843),
                289876.831544: (0, 0, 145.7843),
                289876.833544: (0, 0, 146.68936),
                290546.924076: (0, 0, 146.68936),
                290546.926076: (0, 0, -172.96065),
                291542.427968: (0, 0, -172.96065),
                291542.429968: (0, 0, -158.46608),
                291940.191716: (0, 0, -158.46608),
                291940.193716: (0, 0, -158.1986),
                292317.153254: (0, 0, -158.1986),
                292317.155254: (0, 0, 21.801409),
                292694.11479: (0, 0, 21.801409),
                292694.11679: (0, 0, 21.533924),
                293091.878538: (0, 0, 21.533924),
                293091.880538: (0, 0, 7.039351),
                294087.382432: (0, 0, 7.039351),
                294087.384432: (0, 0, -33.31063),
                294757.474962: (0, 0, -33.31063),
                294757.476962: (0, 0, -34.215702),
                295362.12362: (0, 0, -34.215702),
                295362.12562: (0, 0, 145.7843),
                295966.772278: (0, 0, 145.7843),
                295966.774278: (0, 0, 146.68936),
                296636.86481: (0, 0, 146.68936),
                296636.86681: (0, 0, -172.96065),
                297632.368702: (0, 0, -172.96065),
                297632.370702: (0, 0, -158.46608),
                298030.132452: (0, 0, -158.46608),
                298030.134452: (0, 0, -158.1986),
                298407.093988: (0, 0, -158.1986),
                298407.095988: (0, 0, 21.801409),
                298784.055524: (0, 0, 21.801409),
                298784.057524: (0, 0, 21.533924),
                299181.819274: (0, 0, 21.533924),
                299181.821274: (0, 0, 7.039351),
                300177.323166: (0, 0, 7.039351),
                300177.325166: (0, 0, -33.31063),
                300847.415696: (0, 0, -33.31063),
                300847.417696: (0, 0, -34.215702),
                301452.064354: (0, 0, -34.215702),
                301452.066354: (0, 0, 145.7843),
                302056.713014: (0, 0, 145.7843),
                302056.715014: (0, 0, 146.68936),
                302726.805544: (0, 0, 146.68936),
                302726.807544: (0, 0, -172.96065),
                303722.309436: (0, 0, -172.96065),
                303722.311436: (0, 0, -158.46608),
                304120.073186: (0, 0, -158.46608),
                304120.075186: (0, 0, -158.1986),
                304497.034722: (0, 0, -158.1986),
                304497.036722: (0, 0, 21.801409),
                304873.996258: (0, 0, 21.801409),
                304873.998258: (0, 0, 21.533924),
                305271.760008: (0, 0, 21.533924),
                305271.762008: (0, 0, 7.039351),
                306267.2639: (0, 0, 7.039351),
                306267.2659: (0, 0, -33.31063),
                306937.356432: (0, 0, -33.31063),
                306937.358432: (0, 0, -34.215702),
                307542.00509: (0, 0, -34.215702),
                307542.00709: (0, 0, 145.7843),
                308146.653748: (0, 0, 145.7843),
                308146.655748: (0, 0, 146.68936),
                308816.746278: (0, 0, 146.68936),
                308816.748278: (0, 0, -172.96065),
                309812.250172: (0, 0, -172.96065),
                309812.252172: (0, 0, -158.46608),
                310210.01392: (0, 0, -158.46608),
                310210.01592: (0, 0, -158.1986),
                310586.975456: (0, 0, -158.1986),
                310586.977456: (0, 0, 21.801409),
                310963.936994: (0, 0, 21.801409),
                310963.938994: (0, 0, 21.533924),
                311361.700742: (0, 0, 21.533924),
                311361.702742: (0, 0, 7.039351),
                312357.204634: (0, 0, 7.039351),
                312357.206634: (0, 0, -33.31063),
                313027.297166: (0, 0, -33.31063),
                313027.299166: (0, 0, -34.215702),
                313631.945824: (0, 0, -34.215702),
                313631.947824: (0, 0, 145.7843),
                314236.594482: (0, 0, 145.7843),
                314236.596482: (0, 0, 146.68936),
                314906.687014: (0, 0, 146.68936),
                314906.689014: (0, 0, -172.96065),
                315902.190906: (0, 0, -172.96065),
                315902.192906: (0, 0, -158.46608),
                316299.954654: (0, 0, -158.46608),
                316299.956654: (0, 0, -158.1986),
                316676.916192: (0, 0, -158.1986),
                316676.918192: (0, 0, 21.801409),
                317053.877728: (0, 0, 21.801409),
                317053.879728: (0, 0, 21.533924),
                317451.641476: (0, 0, 21.533924),
                317451.643476: (0, 0, 7.039351),
                318447.14537: (0, 0, 7.039351),
                318447.14737: (0, 0, -33.31063),
                319117.2379: (0, 0, -33.31063),
                319117.2399: (0, 0, -34.215702),
                319721.886558: (0, 0, -34.215702),
                319721.888558: (0, 0, 145.7843),
                320326.535216: (0, 0, 145.7843),
                320326.537216: (0, 0, 146.68936),
                320996.627748: (0, 0, 146.68936),
                320996.629748: (0, 0, -172.96065),
                321992.13164: (0, 0, -172.96065),
                321992.13364: (0, 0, -158.46608),
                322389.89539: (0, 0, -158.46608),
                322389.89739: (0, 0, -158.1986),
                322766.856926: (0, 0, -158.1986),
                322766.858926: (0, 0, 21.801409),
                323143.818462: (0, 0, 21.801409),
                323143.820462: (0, 0, 21.533924),
                323541.582212: (0, 0, 21.533924),
                323541.584212: (0, 0, 7.039351),
                324537.086104: (0, 0, 7.039351),
                324537.088104: (0, 0, -33.31063),
                325207.178634: (0, 0, -33.31063),
                325207.180634: (0, 0, -34.215702),
                325811.827292: (0, 0, -34.215702),
                325811.829292: (0, 0, 145.7843),
                326416.475952: (0, 0, 145.7843),
                326416.477952: (0, 0, 146.68936),
                327086.568482: (0, 0, 146.68936),
                327086.570482: (0, 0, -172.96065),
                328082.072374: (0, 0, -172.96065),
                328082.074374: (0, 0, -158.46608),
                328479.836124: (0, 0, -158.46608),
                328479.838124: (0, 0, -158.1986),
                328856.79766: (0, 0, -158.1986),
                328856.79966: (0, 0, 21.801409),
                329233.759196: (0, 0, 21.801409),
                329233.761196: (0, 0, 21.533924),
                329631.522946: (0, 0, 21.533924),
                329631.524946: (0, 0, 7.039351),
                330627.026838: (0, 0, 7.039351),
                330627.028838: (0, 0, -33.31063),
                331297.119368: (0, 0, -33.31063),
                331297.121368: (0, 0, -34.215702),
                331901.768028: (0, 0, -34.215702),
                331901.770028: (0, 0, 145.7843),
                332506.416686: (0, 0, 145.7843),
                332506.418686: (0, 0, 146.68936),
                333176.509216: (0, 0, 146.68936),
                333176.511216: (0, 0, -172.96065),
                334172.013108: (0, 0, -172.96065),
                334172.015108: (0, 0, -158.46608),
                334569.776858: (0, 0, -158.46608),
                334569.778858: (0, 0, -158.1986),
                334946.738394: (0, 0, -158.1986),
                334946.740394: (0, 0, 21.801409),
                335323.69993: (0, 0, 21.801409),
                335323.70193: (0, 0, 21.533924),
                335721.46368: (0, 0, 21.533924),
                335721.46568: (0, 0, 7.039351),
                336716.967572: (0, 0, 7.039351),
                336716.969572: (0, 0, -33.31063),
                337387.060104: (0, 0, -33.31063),
                337387.062104: (0, 0, -34.215702),
                337991.708762: (0, 0, -34.215702),
                337991.710762: (0, 0, 145.7843),
                338596.35742: (0, 0, 145.7843),
                338596.35942: (0, 0, 146.68936),
                339266.44995: (0, 0, 146.68936),
                339266.45195: (0, 0, -172.96065),
                340261.953844: (0, 0, -172.96065),
                340261.955844: (0, 0, -158.46608),
                340659.717592: (0, 0, -158.46608),
                340659.719592: (0, 0, -158.1986),
                341036.679128: (0, 0, -158.1986),
                341036.681128: (0, 0, 21.801409),
                341413.640666: (0, 0, 21.801409),
                341413.642666: (0, 0, 21.533924),
                341811.404414: (0, 0, 21.533924),
                341811.406414: (0, 0, 7.039351),
                342806.908306: (0, 0, 7.039351),
                342806.910306: (0, 0, -33.31063),
                343477.000838: (0, 0, -33.31063),
                343477.002838: (0, 0, -34.215702),
                344081.649496: (0, 0, -34.215702),
                344081.651496: (0, 0, 145.7843),
                344686.298154: (0, 0, 145.7843),
                344686.300154: (0, 0, 146.68936),
                345356.390686: (0, 0, 146.68936),
                345356.392686: (0, 0, -172.96065),
                346351.894578: (0, 0, -172.96065),
                346351.896578: (0, 0, -158.46608),
                346749.658326: (0, 0, -158.46608),
                346749.660326: (0, 0, -158.1986),
                347126.619864: (0, 0, -158.1986),
                347126.621864: (0, 0, 21.801409),
                347503.5814: (0, 0, 21.801409),
                347503.5834: (0, 0, 21.533924),
                347901.345148: (0, 0, 21.533924),
                347901.347148: (0, 0, 7.039351),
                348896.849042: (0, 0, 7.039351),
                348896.851042: (0, 0, -33.31063),
                349566.941572: (0, 0, -33.31063),
                349566.943572: (0, 0, -34.215702),
                350171.59023: (0, 0, -34.215702),
                350171.59223: (0, 0, 145.7843),
                350776.238888: (0, 0, 145.7843),
                350776.240888: (0, 0, 146.68936),
                351446.33142: (0, 0, 146.68936),
                351446.33342: (0, 0, -172.96065),
                352441.835312: (0, 0, -172.96065),
                352441.837312: (0, 0, -158.46608),
                352839.599062: (0, 0, -158.46608),
                352839.601062: (0, 0, -158.1986),
                353216.560598: (0, 0, -158.1986),
                353216.562598: (0, 0, 21.801409),
                353593.522134: (0, 0, 21.801409),
                353593.524134: (0, 0, 21.533924),
                353991.285884: (0, 0, 21.533924),
                353991.287884: (0, 0, 7.039351),
                354986.789776: (0, 0, 7.039351),
                354986.791776: (0, 0, -33.31063),
                355656.882306: (0, 0, -33.31063),
                355656.884306: (0, 0, -34.215702),
                356261.530964: (0, 0, -34.215702),
                356261.532964: (0, 0, 145.7843),
                356866.179624: (0, 0, 145.7843),
                356866.181624: (0, 0, 146.68936),
                357536.272154: (0, 0, 146.68936),
                357536.274154: (0, 0, -172.96065),
                358531.776046: (0, 0, -172.96065),
                358531.778046: (0, 0, -158.46608),
                358929.539796: (0, 0, -158.46608),
                358929.541796: (0, 0, -158.1986),
                359306.501332: (0, 0, -158.1986),
                359306.503332: (0, 0, 21.801409),
                359683.462868: (0, 0, 21.801409),
                359683.464868: (0, 0, 21.533924),
                360081.226618: (0, 0, 21.533924),
                360081.228618: (0, 0, 7.039351),
                361076.73051: (0, 0, 7.039351),
                361076.73251: (0, 0, -33.31063),
                361746.823042: (0, 0, -33.31063),
                361746.825042: (0, 0, -34.215702),
                362351.4717: (0, 0, -34.215702),
                362351.4737: (0, 0, 145.7843),
                362956.120358: (0, 0, 145.7843),
                362956.122358: (0, 0, 146.68936),
                363626.212888: (0, 0, 146.68936),
                363626.214888: (0, 0, -172.96065),
                364621.716782: (0, 0, -172.96065),
                364621.718782: (0, 0, -158.46608),
                365019.48053: (0, 0, -158.46608),
                365019.48253: (0, 0, -158.1986),
                365396.442066: (0, 0, -158.1986),
                365396.444066: (0, 0, 21.801409),
                365773.403604: (0, 0, 21.801409),
                365773.405604: (0, 0, 21.533924),
                366171.167352: (0, 0, 21.533924),
                366171.169352: (0, 0, 7.039351),
                367166.671244: (0, 0, 7.039351),
                367166.673244: (0, 0, -33.31063),
                367836.763776: (0, 0, -33.31063),
                367836.765776: (0, 0, -34.215702),
                368441.412434: (0, 0, -34.215702),
                368441.414434: (0, 0, 145.7843),
                369046.061092: (0, 0, 145.7843),
                369046.063092: (0, 0, 146.68936),
                369716.153624: (0, 0, 146.68936),
                369716.155624: (0, 0, -172.96065),
                370711.657516: (0, 0, -172.96065),
                370711.659516: (0, 0, -158.46608),
                371109.421264: (0, 0, -158.46608),
                371109.423264: (0, 0, -158.1986),
                371486.382802: (0, 0, -158.1986),
                371486.384802: (0, 0, 21.801409),
                371863.344338: (0, 0, 21.801409),
                371863.346338: (0, 0, 21.533924),
                372261.108086: (0, 0, 21.533924),
                372261.110086: (0, 0, 7.039351),
                373256.61198: (0, 0, 7.039351),
                373256.61398: (0, 0, -33.31063),
                373926.70451: (0, 0, -33.31063),
                373926.70651: (0, 0, -34.215702),
                374531.353168: (0, 0, -34.215702),
                374531.355168: (0, 0, 145.7843),
                375136.001826: (0, 0, 145.7843),
                375136.003826: (0, 0, 146.68936),
                375806.094358: (0, 0, 146.68936),
                375806.096358: (0, 0, -172.96065),
                376801.59825: (0, 0, -172.96065),
                376801.60025: (0, 0, -158.46608),
                377199.362: (0, 0, -158.46608),
                377199.364: (0, 0, -158.1986),
                377576.323536: (0, 0, -158.1986),
                377576.325536: (0, 0, 21.801409),
                377953.285072: (0, 0, 21.801409),
                377953.287072: (0, 0, 21.533924),
                378351.04882: (0, 0, 21.533924),
                378351.05082: (0, 0, 7.039351),
                379346.552714: (0, 0, 7.039351),
                379346.554714: (0, 0, -33.31063),
                380016.645244: (0, 0, -33.31063),
                380016.647244: (0, 0, -34.215702),
                380621.293902: (0, 0, -34.215702),
                380621.295902: (0, 0, 145.7843),
                381225.942562: (0, 0, 145.7843),
                381225.944562: (0, 0, 146.68936),
                381896.035092: (0, 0, 146.68936),
                381896.037092: (0, 0, -172.96065),
                382891.538984: (0, 0, -172.96065),
                382891.540984: (0, 0, -158.46608),
                383289.302734: (0, 0, -158.46608),
                383289.304734: (0, 0, -158.1986),
                383666.26427: (0, 0, -158.1986),
                383666.26627: (0, 0, 21.801409),
                384043.225806: (0, 0, 21.801409),
                384043.227806: (0, 0, 21.533924),
                384440.989556: (0, 0, 21.533924),
                384440.991556: (0, 0, 7.039351),
                385436.493448: (0, 0, 7.039351),
                385436.495448: (0, 0, -33.31063),
                386106.585978: (0, 0, -33.31063),
                386106.587978: (0, 0, -34.215702),
                386711.234638: (0, 0, -34.215702),
                386711.236638: (0, 0, 145.7843),
                387315.883296: (0, 0, 145.7843),
                387315.885296: (0, 0, 146.68936),
                387985.975826: (0, 0, 146.68936),
                387985.977826: (0, 0, -172.96065),
                388981.479718: (0, 0, -172.96065),
                388981.481718: (0, 0, -158.46608),
                389379.243468: (0, 0, -158.46608),
                389379.245468: (0, 0, -158.1986),
                389756.205004: (0, 0, -158.1986),
                389756.207004: (0, 0, 21.801409),
                390133.16654: (0, 0, 21.801409),
                390133.16854: (0, 0, 21.533924),
                390530.93029: (0, 0, 21.533924),
                390530.93229: (0, 0, 7.039351),
                391526.434182: (0, 0, 7.039351),
                391526.436182: (0, 0, -33.31063),
                392196.526714: (0, 0, -33.31063),
                392196.528714: (0, 0, -34.215702),
                392801.175372: (0, 0, -34.215702),
                392801.177372: (0, 0, 145.7843),
                393405.82403: (0, 0, 145.7843),
                393405.82603: (0, 0, 146.68936),
                394075.91656: (0, 0, 146.68936),
                394075.91856: (0, 0, -172.96065),
                395071.420454: (0, 0, -172.96065),
                395071.422454: (0, 0, -158.46608),
                395469.184202: (0, 0, -158.46608),
                395469.186202: (0, 0, -158.1986),
                395846.145738: (0, 0, -158.1986),
                395846.147738: (0, 0, 21.801409),
                396223.107276: (0, 0, 21.801409),
                396223.109276: (0, 0, 21.533924),
                396620.871024: (0, 0, 21.533924),
                396620.873024: (0, 0, 7.039351),
                397616.374916: (0, 0, 7.039351),
                397616.376916: (0, 0, -33.31063),
                398286.467448: (0, 0, -33.31063),
                398286.469448: (0, 0, -34.215702),
                398891.116106: (0, 0, -34.215702),
                398891.118106: (0, 0, 145.7843),
                399495.764764: (0, 0, 145.7843),
                399495.766764: (0, 0, 146.68936),
                400165.857296: (0, 0, 146.68936),
                400165.859296: (0, 0, -172.96065),
                401161.361188: (0, 0, -172.96065),
                401161.363188: (0, 0, -158.46608),
                401559.124936: (0, 0, -158.46608),
                401559.126936: (0, 0, -158.1986),
                401936.086474: (0, 0, -158.1986),
                401936.088474: (0, 0, 21.801409),
                402313.04801: (0, 0, 21.801409),
                402313.05001: (0, 0, 21.533924),
                402710.811758: (0, 0, 21.533924),
                402710.813758: (0, 0, 7.039351),
                403706.315652: (0, 0, 7.039351),
                403706.317652: (0, 0, -33.31063),
                404376.408182: (0, 0, -33.31063),
                404376.410182: (0, 0, -34.215702),
                404981.05684: (0, 0, -34.215702),
                404981.05884: (0, 0, 145.7843),
                405585.705498: (0, 0, 145.7843),
                405585.707498: (0, 0, 146.68936),
                406255.79803: (0, 0, 146.68936),
                406255.80003: (0, 0, -172.96065),
                407251.301922: (0, 0, -172.96065),
                407251.303922: (0, 0, -158.46608),
                407649.065672: (0, 0, -158.46608),
                407649.067672: (0, 0, -158.1986),
                408026.027208: (0, 0, -158.1986),
                408026.029208: (0, 0, 21.801409),
                408402.988744: (0, 0, 21.801409),
                408402.990744: (0, 0, 21.533924),
                408800.752494: (0, 0, 21.533924),
                408800.754494: (0, 0, 7.039351),
                409796.256386: (0, 0, 7.039351),
                409796.258386: (0, 0, -33.31063),
                410466.348916: (0, 0, -33.31063),
                410466.350916: (0, 0, -34.215702),
                411070.997574: (0, 0, -34.215702),
                411070.999574: (0, 0, 145.7843),
                411675.646234: (0, 0, 145.7843),
                411675.648234: (0, 0, 146.68936),
                412345.738764: (0, 0, 146.68936),
                412345.740764: (0, 0, -172.96065),
                413341.242656: (0, 0, -172.96065),
                413341.244656: (0, 0, -158.46608),
                413739.006406: (0, 0, -158.46608),
                413739.008406: (0, 0, -158.1986),
                414115.967942: (0, 0, -158.1986),
                414115.969942: (0, 0, 21.801409),
                414492.929478: (0, 0, 21.801409),
                414492.931478: (0, 0, 21.533924),
                414890.693228: (0, 0, 21.533924),
                414890.695228: (0, 0, 7.039351),
                415886.19712: (0, 0, 7.039351),
                415886.19912: (0, 0, -33.31063),
                416556.289652: (0, 0, -33.31063),
                416556.291652: (0, 0, -34.215702),
                417160.93831: (0, 0, -34.215702),
                417160.94031: (0, 0, 145.7843),
                417765.586968: (0, 0, 145.7843),
                417765.588968: (0, 0, 146.68936),
                418435.679498: (0, 0, 146.68936),
                418435.681498: (0, 0, -172.96065),
                419431.183392: (0, 0, -172.96065),
                419431.185392: (0, 0, -158.46608),
                419828.94714: (0, 0, -158.46608),
                419828.94914: (0, 0, -158.1986),
                420205.908676: (0, 0, -158.1986),
                420205.910676: (0, 0, 21.801409),
                420582.870214: (0, 0, 21.801409),
                420582.872214: (0, 0, 21.533924),
                420980.633962: (0, 0, 21.533924),
                420980.635962: (0, 0, 7.039351),
                421976.137854: (0, 0, 7.039351),
                421976.139854: (0, 0, -33.31063),
                422646.230386: (0, 0, -33.31063),
                422646.232386: (0, 0, -34.215702),
                423250.879044: (0, 0, -34.215702),
                423250.881044: (0, 0, 145.7843),
                423855.527702: (0, 0, 145.7843),
                423855.529702: (0, 0, 146.68936),
                424525.620234: (0, 0, 146.68936),
                424525.622234: (0, 0, -172.96065),
                425521.124126: (0, 0, -172.96065),
                425521.126126: (0, 0, -158.46608),
                425918.887874: (0, 0, -158.46608),
                425918.889874: (0, 0, -158.1986),
                426295.849412: (0, 0, -158.1986),
                426295.851412: (0, 0, 21.801409),
                426672.810948: (0, 0, 21.801409),
                426672.812948: (0, 0, 21.533924),
                427070.574696: (0, 0, 21.533924),
                427070.576696: (0, 0, 7.039351),
                428066.07859: (0, 0, 7.039351),
                428066.08059: (0, 0, -33.31063),
                428736.17112: (0, 0, -33.31063),
                428736.17312: (0, 0, -34.215702),
                429340.819778: (0, 0, -34.215702),
                429340.821778: (0, 0, 145.7843),
                429945.468436: (0, 0, 145.7843),
                429945.470436: (0, 0, 146.68936),
                430615.560968: (0, 0, 146.68936),
                430615.562968: (0, 0, -172.96065),
                431611.06486: (0, 0, -172.96065),
                431611.06686: (0, 0, -158.46608),
                432008.82861: (0, 0, -158.46608),
                432008.83061: (0, 0, -158.1986),
                432385.790146: (0, 0, -158.1986),
                432385.792146: (0, 0, 21.801409),
                432762.751682: (0, 0, 21.801409),
                432762.753682: (0, 0, 21.533924),
                433160.51543: (0, 0, 21.533924),
                433160.51743: (0, 0, 7.039351),
                434156.019324: (0, 0, 7.039351),
                434156.021324: (0, 0, -33.31063),
                434826.111854: (0, 0, -33.31063),
                434826.113854: (0, 0, -34.215702),
                435430.760512: (0, 0, -34.215702),
                435430.762512: (0, 0, 145.7843),
                436035.409172: (0, 0, 145.7843),
                436035.411172: (0, 0, 146.68936),
                436705.501702: (0, 0, 146.68936),
                436705.503702: (0, 0, -172.96065),
                437701.005594: (0, 0, -172.96065),
                437701.007594: (0, 0, -158.46608),
                438098.769344: (0, 0, -158.46608),
                438098.771344: (0, 0, -158.1986),
                438475.73088: (0, 0, -158.1986),
                438475.73288: (0, 0, 21.801409),
                438852.692416: (0, 0, 21.801409),
                438852.694416: (0, 0, 21.533924),
                439250.456166: (0, 0, 21.533924),
                439250.458166: (0, 0, 7.039351),
                440245.960058: (0, 0, 7.039351),
                440245.962058: (0, 0, -33.31063),
                440916.052588: (0, 0, -33.31063),
                440916.054588: (0, 0, -34.215702),
                441520.701248: (0, 0, -34.215702),
                441520.703248: (0, 0, 145.7843),
                442125.349906: (0, 0, 145.7843),
                442125.351906: (0, 0, 146.68936),
                442795.442436: (0, 0, 146.68936),
                442795.444436: (0, 0, -172.96065),
                443790.946328: (0, 0, -172.96065),
                443790.948328: (0, 0, -158.46608),
                444188.710078: (0, 0, -158.46608),
                444188.712078: (0, 0, -158.1986),
                444565.671614: (0, 0, -158.1986),
                444565.673614: (0, 0, 21.801409),
                444942.63315: (0, 0, 21.801409),
                444942.63515: (0, 0, 21.533924),
                445340.3969: (0, 0, 21.533924),
                445340.3989: (0, 0, 7.039351),
                446335.900792: (0, 0, 7.039351),
                446335.902792: (0, 0, -33.31063),
                447005.993324: (0, 0, -33.31063),
                447005.995324: (0, 0, -34.215702),
                447610.641982: (0, 0, -34.215702),
                447610.643982: (0, 0, 145.7843),
                448215.29064: (0, 0, 145.7843),
                448215.29264: (0, 0, 146.68936),
                448885.38317: (0, 0, 146.68936),
                448885.38517: (0, 0, -172.96065),
                449880.887064: (0, 0, -172.96065),
                449880.889064: (0, 0, -158.46608),
                450278.650812: (0, 0, -158.46608),
                450278.652812: (0, 0, -158.1986),
                450655.612348: (0, 0, -158.1986),
                450655.614348: (0, 0, 21.801409),
                451032.573886: (0, 0, 21.801409),
                451032.575886: (0, 0, 21.533924),
                451430.337634: (0, 0, 21.533924),
                451430.339634: (0, 0, 7.039351),
                452425.841526: (0, 0, 7.039351),
                452425.843526: (0, 0, -33.31063),
                453095.934058: (0, 0, -33.31063),
                453095.936058: (0, 0, -34.215702),
                453700.582716: (0, 0, -34.215702),
                453700.584716: (0, 0, 145.7843),
                454305.231374: (0, 0, 145.7843),
                454305.233374: (0, 0, 146.68936),
                454975.323906: (0, 0, 146.68936),
                454975.325906: (0, 0, -172.96065),
                455970.827798: (0, 0, -172.96065),
                455970.829798: (0, 0, -158.46608),
                456368.591546: (0, 0, -158.46608),
                456368.593546: (0, 0, -158.1986),
                456745.553084: (0, 0, -158.1986),
                456745.555084: (0, 0, 21.801409),
                457122.51462: (0, 0, 21.801409),
                457122.51662: (0, 0, 21.533924),
                457520.278368: (0, 0, 21.533924),
                457520.280368: (0, 0, 7.039351),
                458515.782262: (0, 0, 7.039351),
                458515.784262: (0, 0, -33.31063),
                459185.874792: (0, 0, -33.31063),
                459185.876792: (0, 0, -34.215702),
                459790.52345: (0, 0, -34.215702),
                459790.52545: (0, 0, 145.7843),
                460395.172108: (0, 0, 145.7843),
                460395.174108: (0, 0, 146.68936),
                461065.26464: (0, 0, 146.68936),
                461065.26664: (0, 0, -172.96065),
                462060.768532: (0, 0, -172.96065),
                462060.770532: (0, 0, -158.46608),
                462458.532282: (0, 0, -158.46608),
                462458.534282: (0, 0, -158.1986),
                462835.493818: (0, 0, -158.1986),
                462835.495818: (0, 0, 21.801409),
                463212.455354: (0, 0, 21.801409),
                463212.457354: (0, 0, 21.533924),
                463610.219104: (0, 0, 21.533924),
                463610.221104: (0, 0, 7.039351),
                464605.722996: (0, 0, 7.039351),
                464605.724996: (0, 0, -33.31063),
                465275.815526: (0, 0, -33.31063),
                465275.817526: (0, 0, -34.215702),
                465880.464184: (0, 0, -34.215702),
                465880.466184: (0, 0, 145.7843),
                466485.112844: (0, 0, 145.7843),
                466485.114844: (0, 0, 146.68936),
                467155.205374: (0, 0, 146.68936),
                467155.207374: (0, 0, -172.96065),
                468150.709266: (0, 0, -172.96065),
                468150.711266: (0, 0, -158.46608),
                468548.473016: (0, 0, -158.46608),
                468548.475016: (0, 0, -158.1986),
                468925.434552: (0, 0, -158.1986),
                468925.436552: (0, 0, 21.801409),
                469302.396088: (0, 0, 21.801409),
                469302.398088: (0, 0, 21.533924),
                469700.159838: (0, 0, 21.533924),
                469700.161838: (0, 0, 7.039351),
                470695.66373: (0, 0, 7.039351),
                470695.66573: (0, 0, -33.31063),
                471365.756262: (0, 0, -33.31063),
                471365.758262: (0, 0, -34.215702),
                471970.40492: (0, 0, -34.215702),
                471970.40692: (0, 0, 145.7843),
                472575.053578: (0, 0, 145.7843),
                472575.055578: (0, 0, 146.68936),
                473245.146108: (0, 0, 146.68936),
                473245.148108: (0, 0, -172.96065),
                474240.650002: (0, 0, -172.96065),
                474240.652002: (0, 0, -158.46608),
                474638.41375: (0, 0, -158.46608),
                474638.41575: (0, 0, -158.1986),
                475015.375286: (0, 0, -158.1986),
                475015.377286: (0, 0, 21.801409),
                475392.336824: (0, 0, 21.801409),
                475392.338824: (0, 0, 21.533924),
                475790.100572: (0, 0, 21.533924),
                475790.102572: (0, 0, 7.039351),
                476785.604464: (0, 0, 7.039351),
                476785.606464: (0, 0, -33.31063),
                477455.696996: (0, 0, -33.31063),
                477455.698996: (0, 0, -34.215702),
                478060.345654: (0, 0, -34.215702),
                478060.347654: (0, 0, 145.7843),
                478664.994312: (0, 0, 145.7843),
                478664.996312: (0, 0, 146.68936),
                479335.086844: (0, 0, 146.68936),
                479335.088844: (0, 0, -172.96065),
                480330.590736: (0, 0, -172.96065),
                480330.592736: (0, 0, -158.46608),
                480728.354484: (0, 0, -158.46608),
                480728.356484: (0, 0, -158.1986),
                481105.316022: (0, 0, -158.1986),
                481105.318022: (0, 0, 21.801409),
                481482.277558: (0, 0, 21.801409),
                481482.279558: (0, 0, 21.533924),
                481880.041306: (0, 0, 21.533924),
                481880.043306: (0, 0, 7.039351),
                482875.5452: (0, 0, 7.039351),
                482875.5472: (0, 0, -33.31063),
                483545.63773: (0, 0, -33.31063),
                483545.63973: (0, 0, -34.215702),
                484150.286388: (0, 0, -34.215702),
                484150.288388: (0, 0, 145.7843),
                484754.935046: (0, 0, 145.7843),
                484754.937046: (0, 0, 146.68936),
                485425.027578: (0, 0, 146.68936),
                485425.029578: (0, 0, -172.96065),
                486420.53147: (0, 0, -172.96065),
                486420.53347: (0, 0, -158.46608),
                486818.29522: (0, 0, -158.46608),
                486818.29722: (0, 0, -158.1986),
                487195.256756: (0, 0, -158.1986),
                487195.258756: (0, 0, 21.801409),
                487572.218292: (0, 0, 21.801409),
                487572.220292: (0, 0, 21.533924),
                487969.98204: (0, 0, 21.533924),
                487969.98404: (0, 0, 7.039351),
                488965.485934: (0, 0, 7.039351),
                488965.487934: (0, 0, -33.31063),
                489635.578464: (0, 0, -33.31063),
                489635.580464: (0, 0, -34.215702),
                490240.227122: (0, 0, -34.215702),
                490240.229122: (0, 0, 145.7843),
                490844.875782: (0, 0, 145.7843),
                490844.877782: (0, 0, 146.68936),
                491514.968312: (0, 0, 146.68936),
                491514.970312: (0, 0, -172.96065),
                492510.472204: (0, 0, -172.96065),
                492510.474204: (0, 0, -158.46608),
                492908.235954: (0, 0, -158.46608),
                492908.237954: (0, 0, -158.1986),
                493285.19749: (0, 0, -158.1986),
                493285.19949: (0, 0, 21.801409),
                493662.159026: (0, 0, 21.801409),
                493662.161026: (0, 0, 21.533924),
                494059.922776: (0, 0, 21.533924),
                494059.924776: (0, 0, 7.039351),
                495055.426668: (0, 0, 7.039351),
                495055.428668: (0, 0, -33.31063),
                495725.519198: (0, 0, -33.31063),
                495725.521198: (0, 0, -34.215702),
                496330.167858: (0, 0, -34.215702),
                496330.169858: (0, 0, 145.7843),
                496934.816516: (0, 0, 145.7843),
                496934.818516: (0, 0, 146.68936),
                497604.909046: (0, 0, 146.68936),
                497604.911046: (0, 0, -172.96065),
                498600.412938: (0, 0, -172.96065),
                498600.414938: (0, 0, -158.46608),
                498998.176688: (0, 0, -158.46608),
                498998.178688: (0, 0, -158.1986),
                499375.138224: (0, 0, -158.1986),
                499375.140224: (0, 0, 21.801409),
                499752.09976: (0, 0, 21.801409),
                499752.10176: (0, 0, 21.533924),
                500149.86351: (0, 0, 21.533924),
                500149.86551: (0, 0, 7.039351),
                501145.367402: (0, 0, 7.039351),
                501145.369402: (0, 0, -33.31063),
                501815.459934: (0, 0, -33.31063),
                501815.461934: (0, 0, -34.215702),
                502420.108592: (0, 0, -34.215702),
                502420.110592: (0, 0, 145.7843),
                503024.75725: (0, 0, 145.7843),
                503024.75925: (0, 0, 146.68936),
                503694.84978: (0, 0, 146.68936),
                503694.85178: (0, 0, -172.96065),
                504690.353674: (0, 0, -172.96065),
                504690.355674: (0, 0, -158.46608),
                505088.117422: (0, 0, -158.46608),
                505088.119422: (0, 0, -158.1986),
                505465.078958: (0, 0, -158.1986),
                505465.080958: (0, 0, 21.801409),
                505842.040496: (0, 0, 21.801409),
                505842.042496: (0, 0, 21.533924),
                506239.804244: (0, 0, 21.533924),
                506239.806244: (0, 0, 7.039351),
                507235.308136: (0, 0, 7.039351),
                507235.310136: (0, 0, -33.31063),
                507905.400668: (0, 0, -33.31063),
                507905.402668: (0, 0, -34.215702),
                508510.049326: (0, 0, -34.215702),
                508510.051326: (0, 0, 145.7843),
                509114.697984: (0, 0, 145.7843),
                509114.699984: (0, 0, 146.68936),
                509784.790516: (0, 0, 146.68936),
                509784.792516: (0, 0, -172.96065),
                510780.294408: (0, 0, -172.96065),
                510780.296408: (0, 0, -158.46608),
                511178.058156: (0, 0, -158.46608),
                511178.060156: (0, 0, -158.1986),
                511555.019694: (0, 0, -158.1986),
                511555.021694: (0, 0, 21.801409),
                511931.98123: (0, 0, 21.801409),
                511931.98323: (0, 0, 21.533924),
                512329.744978: (0, 0, 21.533924),
                512329.746978: (0, 0, 7.039351),
                513325.248872: (0, 0, 7.039351),
                513325.250872: (0, 0, -33.31063),
                513995.341402: (0, 0, -33.31063),
                513995.343402: (0, 0, -34.215702),
                514599.99006: (0, 0, -34.215702),
                514599.99206: (0, 0, 145.7843),
                515204.638718: (0, 0, 145.7843),
                515204.640718: (0, 0, 146.68936),
                515874.73125: (0, 0, 146.68936),
                515874.73325: (0, 0, -172.96065),
                516870.235142: (0, 0, -172.96065),
                516870.237142: (0, 0, -158.46608),
                517267.998892: (0, 0, -158.46608),
                517268.000892: (0, 0, -158.1986),
                517644.960428: (0, 0, -158.1986),
                517644.962428: (0, 0, 21.801409),
                518021.921964: (0, 0, 21.801409),
                518021.923964: (0, 0, 21.533924),
                518419.685714: (0, 0, 21.533924),
                518419.687714: (0, 0, 7.039351),
                519415.189606: (0, 0, 7.039351),
                519415.191606: (0, 0, -33.31063),
                520085.282136: (0, 0, -33.31063),
                520085.284136: (0, 0, -34.215702),
                520689.930794: (0, 0, -34.215702),
                520689.932794: (0, 0, 145.7843),
                521294.579454: (0, 0, 145.7843),
                521294.581454: (0, 0, 146.68936),
                521964.671984: (0, 0, 146.68936),
                521964.673984: (0, 0, -172.96065),
                522960.175876: (0, 0, -172.96065),
                522960.177876: (0, 0, -158.46608),
                523357.939626: (0, 0, -158.46608),
                523357.941626: (0, 0, -158.1986),
                523734.901162: (0, 0, -158.1986),
                523734.903162: (0, 0, 21.801409),
                524111.862698: (0, 0, 21.801409),
                524111.864698: (0, 0, 21.533924),
                524509.626448: (0, 0, 21.533924),
                524509.628448: (0, 0, 7.039351),
                525505.13034: (0, 0, 7.039351),
                525505.13234: (0, 0, -33.31063),
                526175.222872: (0, 0, -33.31063),
                526175.224872: (0, 0, -34.215702),
                526779.87153: (0, 0, -34.215702),
                526779.87353: (0, 0, 145.7843),
                527384.520188: (0, 0, 145.7843),
                527384.522188: (0, 0, 146.68936),
                528054.612718: (0, 0, 146.68936),
                528054.614718: (0, 0, -172.96065),
                529050.116612: (0, 0, -172.96065),
                529050.118612: (0, 0, -158.46608),
                529447.88036: (0, 0, -158.46608),
                529447.88236: (0, 0, -158.1986),
                529824.841896: (0, 0, -158.1986),
                529824.843896: (0, 0, 21.801409),
                530201.803434: (0, 0, 21.801409),
                530201.805434: (0, 0, 21.533924),
                530599.567182: (0, 0, 21.533924),
                530599.569182: (0, 0, 7.039351),
                531595.071074: (0, 0, 7.039351),
                531595.073074: (0, 0, -33.31063),
                532265.163606: (0, 0, -33.31063),
                532265.165606: (0, 0, -34.215702),
                532869.812264: (0, 0, -34.215702),
                532869.814264: (0, 0, 145.7843),
                533474.460922: (0, 0, 145.7843),
                533474.462922: (0, 0, 146.68936),
                534144.553454: (0, 0, 146.68936),
                534144.555454: (0, 0, -172.96065),
                535140.057346: (0, 0, -172.96065),
                535140.059346: (0, 0, -158.46608),
                535537.821094: (0, 0, -158.46608),
                535537.823094: (0, 0, -158.1986),
                535914.782632: (0, 0, -158.1986),
                535914.784632: (0, 0, 21.801409),
                536291.744168: (0, 0, 21.801409),
                536291.746168: (0, 0, 21.533924),
                536689.507916: (0, 0, 21.533924),
                536689.509916: (0, 0, 7.039351),
                537685.01181: (0, 0, 7.039351),
                537685.01381: (0, 0, -33.31063),
                538355.10434: (0, 0, -33.31063),
                538355.10634: (0, 0, -34.215702),
                538959.752998: (0, 0, -34.215702),
                538959.754998: (0, 0, 145.7843),
                539564.401656: (0, 0, 145.7843),
                539564.403656: (0, 0, 146.68936),
                540234.494188: (0, 0, 146.68936),
                540234.496188: (0, 0, -172.96065),
                541229.99808: (0, 0, -172.96065),
                541230.00008: (0, 0, -158.46608),
                541627.76183: (0, 0, -158.46608),
                541627.76383: (0, 0, -158.1986),
                542004.723366: (0, 0, -158.1986),
                542004.725366: (0, 0, 21.801409),
                542381.684902: (0, 0, 21.801409),
                542381.686902: (0, 0, 21.533924),
                542779.44865: (0, 0, 21.533924),
                542779.45065: (0, 0, 7.039351),
                543774.952544: (0, 0, 7.039351),
                543774.954544: (0, 0, -33.31063),
                544445.045074: (0, 0, -33.31063),
                544445.047074: (0, 0, -34.215702),
                545049.693732: (0, 0, -34.215702),
                545049.695732: (0, 0, 145.7843),
                545654.342392: (0, 0, 145.7843),
                545654.344392: (0, 0, 146.68936),
                546324.434922: (0, 0, 146.68936),
                546324.436922: (0, 0, -172.96065),
                547319.938814: (0, 0, -172.96065),
                547319.940814: (0, 0, -158.46608),
                547717.702564: (0, 0, -158.46608),
                547717.704564: (0, 0, -158.1986),
                548094.6641: (0, 0, -158.1986),
                548094.6661: (0, 0, 21.801409),
                548471.625636: (0, 0, 21.801409),
                548471.627636: (0, 0, 21.533924),
                548869.389386: (0, 0, 21.533924),
                548869.391386: (0, 0, 7.039351),
                549864.893278: (0, 0, 7.039351),
                549864.895278: (0, 0, -33.31063),
                550534.985808: (0, 0, -33.31063),
                550534.987808: (0, 0, -34.215702),
                551139.634468: (0, 0, -34.215702),
                551139.636468: (0, 0, 145.7843),
                551744.283126: (0, 0, 145.7843),
                551744.285126: (0, 0, 146.68936),
                552414.375656: (0, 0, 146.68936),
                552414.377656: (0, 0, -172.96065),
                553409.879548: (0, 0, -172.96065),
                553409.881548: (0, 0, -158.46608),
                553807.643298: (0, 0, -158.46608),
                553807.645298: (0, 0, -158.1986),
                554184.604834: (0, 0, -158.1986),
                554184.606834: (0, 0, 21.801409),
                554561.56637: (0, 0, 21.801409),
                554561.56837: (0, 0, 21.533924),
                554959.33012: (0, 0, 21.533924),
                554959.33212: (0, 0, 7.039351),
                555954.834012: (0, 0, 7.039351),
                555954.836012: (0, 0, -33.31063),
                556624.926544: (0, 0, -33.31063),
                556624.928544: (0, 0, -34.215702),
                557229.575202: (0, 0, -34.215702),
                557229.577202: (0, 0, 145.7843),
                557834.22386: (0, 0, 145.7843),
                557834.22586: (0, 0, 146.68936),
                558504.31639: (0, 0, 146.68936),
                558504.31839: (0, 0, -172.96065),
                559499.820284: (0, 0, -172.96065),
                559499.822284: (0, 0, -158.46608),
                559897.584032: (0, 0, -158.46608),
                559897.586032: (0, 0, -158.1986),
                560274.545568: (0, 0, -158.1986),
                560274.547568: (0, 0, 21.801409),
                560651.507106: (0, 0, 21.801409),
                560651.509106: (0, 0, 21.533924),
                561049.270854: (0, 0, 21.533924),
                561049.272854: (0, 0, 7.039351),
                562044.774746: (0, 0, 7.039351),
                562044.776746: (0, 0, -33.31063),
                562714.867278: (0, 0, -33.31063),
                562714.869278: (0, 0, -34.215702),
                563319.515936: (0, 0, -34.215702),
                563319.517936: (0, 0, 145.7843),
                563924.164594: (0, 0, 145.7843),
                563924.166594: (0, 0, 146.68936),
                564594.257126: (0, 0, 146.68936),
                564594.259126: (0, 0, -172.96065),
                565589.761018: (0, 0, -172.96065),
                565589.763018: (0, 0, -158.46608),
                565987.524766: (0, 0, -158.46608),
                565987.526766: (0, 0, -158.1986),
                566364.486304: (0, 0, -158.1986),
                566364.488304: (0, 0, 21.801409),
                566741.44784: (0, 0, 21.801409),
                566741.44984: (0, 0, 21.533924),
                567139.211588: (0, 0, 21.533924),
                567139.213588: (0, 0, 7.039351),
                568134.715482: (0, 0, 7.039351),
                568134.717482: (0, 0, -33.31063),
                568804.808012: (0, 0, -33.31063),
                568804.810012: (0, 0, -34.215702),
                569409.45667: (0, 0, -34.215702),
                569409.45867: (0, 0, 145.7843),
                570014.105328: (0, 0, 145.7843),
                570014.107328: (0, 0, 146.68936),
                570684.19786: (0, 0, 146.68936),
                570684.19986: (0, 0, -172.96065),
                571679.701752: (0, 0, -172.96065),
                571679.703752: (0, 0, -158.46608),
                572077.465502: (0, 0, -158.46608),
                572077.467502: (0, 0, -158.1986),
                572454.427038: (0, 0, -158.1986),
                572454.429038: (0, 0, 21.801409),
                572831.388574: (0, 0, 21.801409),
                572831.390574: (0, 0, 21.533924),
                573229.152324: (0, 0, 21.533924),
                573229.154324: (0, 0, 7.039351),
                574224.656216: (0, 0, 7.039351),
                574224.658216: (0, 0, -33.31063),
                574894.748746: (0, 0, -33.31063),
                574894.750746: (0, 0, -34.215702),
                575499.397404: (0, 0, -34.215702),
                575499.399404: (0, 0, 145.7843),
                576104.046064: (0, 0, 145.7843),
                576104.048064: (0, 0, 146.68936),
                576774.138594: (0, 0, 146.68936),
                576774.140594: (0, 0, -172.96065),
                577769.642486: (0, 0, -172.96065),
                577769.644486: (0, 0, -158.46608),
                578167.406236: (0, 0, -158.46608),
                578167.408236: (0, 0, -158.1986),
                578544.367772: (0, 0, -158.1986),
                578544.369772: (0, 0, 21.801409),
                578921.329308: (0, 0, 21.801409),
                578921.331308: (0, 0, 21.533924),
                579319.093058: (0, 0, 21.533924),
                579319.095058: (0, 0, 7.039351),
                580314.59695: (0, 0, 7.039351),
                580314.59895: (0, 0, -33.31063),
                580984.689482: (0, 0, -33.31063),
                580984.691482: (0, 0, -34.215702),
                581589.33814: (0, 0, -34.215702),
                581589.34014: (0, 0, 145.7843),
                582193.986798: (0, 0, 145.7843),
                582193.988798: (0, 0, 146.68936),
                582864.079328: (0, 0, 146.68936),
                582864.081328: (0, 0, -172.96065),
                583859.583222: (0, 0, -172.96065),
                583859.585222: (0, 0, -158.46608),
                584257.34697: (0, 0, -158.46608),
                584257.34897: (0, 0, -158.1986),
                584634.308506: (0, 0, -158.1986),
                584634.310506: (0, 0, 21.801409),
                585011.270044: (0, 0, 21.801409),
                585011.272044: (0, 0, 21.533924),
                585409.033792: (0, 0, 21.533924),
                585409.035792: (0, 0, 7.039351),
                586404.537684: (0, 0, 7.039351),
                586404.539684: (0, 0, -33.31063),
                587074.630216: (0, 0, -33.31063),
                587074.632216: (0, 0, -34.215702),
                587679.278874: (0, 0, -34.215702),
                587679.280874: (0, 0, 145.7843),
                588283.927532: (0, 0, 145.7843),
                588283.929532: (0, 0, 146.68936),
                588954.020064: (0, 0, 146.68936),
                588954.022064: (0, 0, -172.96065),
                589949.523956: (0, 0, -172.96065),
                589949.525956: (0, 0, -158.46608),
                590347.287704: (0, 0, -158.46608),
                590347.289704: (0, 0, -158.1986),
                590724.249242: (0, 0, -158.1986),
                590724.251242: (0, 0, 21.801409),
                591101.210778: (0, 0, 21.801409),
                591101.212778: (0, 0, 21.533924),
                591498.974526: (0, 0, 21.533924),
                591498.976526: (0, 0, 7.039351),
                592494.47842: (0, 0, 7.039351),
                592494.48042: (0, 0, -33.31063),
                593164.57095: (0, 0, -33.31063),
                593164.57295: (0, 0, -34.215702),
                593769.219608: (0, 0, -34.215702),
                593769.221608: (0, 0, 145.7843),
                594373.868266: (0, 0, 145.7843),
                594373.870266: (0, 0, 146.68936),
                595043.960798: (0, 0, 146.68936),
                595043.962798: (0, 0, -172.96065),
                596039.46469: (0, 0, -172.96065),
                596039.46669: (0, 0, -158.46608),
                596437.22844: (0, 0, -158.46608),
                596437.23044: (0, 0, -158.1986),
                596814.189976: (0, 0, -158.1986),
                596814.191976: (0, 0, 21.801409),
                597191.151512: (0, 0, 21.801409),
                597191.153512: (0, 0, 21.533924),
                597588.91526: (0, 0, 21.533924),
                597588.91726: (0, 0, 7.039351),
                598584.419154: (0, 0, 7.039351),
                598584.421154: (0, 0, -33.31063),
                599254.511684: (0, 0, -33.31063),
                599254.513684: (0, 0, -34.215702),
                599859.160342: (0, 0, -34.215702),
                599859.162342: (0, 0, 145.7843),
                600463.809002: (0, 0, 145.7843),
                600463.811002: (0, 0, 146.68936),
                601133.901532: (0, 0, 146.68936),
                601133.903532: (0, 0, -172.96065),
                602129.405424: (0, 0, -172.96065),
                602129.407424: (0, 0, -158.46608),
                602527.169174: (0, 0, -158.46608),
                602527.171174: (0, 0, -158.1986),
                602904.13071: (0, 0, -158.1986),
                602904.13271: (0, 0, 21.801409),
                603281.092246: (0, 0, 21.801409),
                603281.094246: (0, 0, 21.533924),
                603678.855996: (0, 0, 21.533924),
                603678.857996: (0, 0, 7.039351),
                604674.359888: (0, 0, 7.039351),
                604674.361888: (0, 0, -33.31063),
                605344.452418: (0, 0, -33.31063),
                605344.454418: (0, 0, -34.215702),
                605949.101078: (0, 0, -34.215702),
                605949.103078: (0, 0, 145.7843),
                606553.749736: (0, 0, 145.7843),
                606553.751736: (0, 0, 146.68936),
                607223.842266: (0, 0, 146.68936),
                607223.844266: (0, 0, -172.96065),
                608219.346158: (0, 0, -172.96065),
                608219.348158: (0, 0, -158.46608),
                608617.109908: (0, 0, -158.46608),
                608617.111908: (0, 0, -158.1986),
                608994.071444: (0, 0, -158.1986),
                608994.073444: (0, 0, 21.801409),
                609371.03298: (0, 0, 21.801409),
                609371.03498: (0, 0, 21.533924),
                609768.79673: (0, 0, 21.533924),
                609768.79873: (0, 0, 7.039351),
                610764.300622: (0, 0, 7.039351),
                610764.302622: (0, 0, -33.31063),
                611434.393154: (0, 0, -33.31063),
                611434.395154: (0, 0, -34.215702),
                612039.041812: (0, 0, -34.215702),
                612039.043812: (0, 0, 145.7843),
                612643.69047: (0, 0, 145.7843),
                612643.69247: (0, 0, 146.68936),
                613313.783: (0, 0, 146.68936),
                613313.785: (0, 0, -172.96065),
                614309.286894: (0, 0, -172.96065),
                614309.288894: (0, 0, -158.46608),
                614707.050642: (0, 0, -158.46608),
                614707.052642: (0, 0, -158.1986),
                615084.012178: (0, 0, -158.1986),
                615084.014178: (0, 0, 21.801409),
                615460.973716: (0, 0, 21.801409),
                615460.975716: (0, 0, 21.533924),
                615858.737464: (0, 0, 21.533924),
                615858.739464: (0, 0, 7.039351),
                616854.241356: (0, 0, 7.039351),
                616854.243356: (0, 0, -33.31063),
                617524.333888: (0, 0, -33.31063),
                617524.335888: (0, 0, -34.215702),
                618128.982546: (0, 0, -34.215702),
                618128.984546: (0, 0, 145.7843),
                618733.631204: (0, 0, 145.7843),
                618733.633204: (0, 0, 146.68936),
                619403.723736: (0, 0, 146.68936),
                619403.725736: (0, 0, -172.96065),
                620399.227628: (0, 0, -172.96065),
                620399.229628: (0, 0, -158.46608),
                620796.991376: (0, 0, -158.46608),
                620796.993376: (0, 0, -158.1986),
                621173.952914: (0, 0, -158.1986),
                621173.954914: (0, 0, 21.801409),
                621550.91445: (0, 0, 21.801409),
                621550.91645: (0, 0, 21.533924),
                621948.678198: (0, 0, 21.533924),
                621948.680198: (0, 0, 7.039351),
                622944.182092: (0, 0, 7.039351),
                622944.184092: (0, 0, -33.31063),
                623614.274622: (0, 0, -33.31063),
                623614.276622: (0, 0, -34.215702),
                624218.92328: (0, 0, -34.215702),
                624218.92528: (0, 0, 145.7843),
                624823.571938: (0, 0, 145.7843),
                624823.573938: (0, 0, 146.68936),
                625493.66447: (0, 0, 146.68936),
                625493.66647: (0, 0, -172.96065),
                626489.168362: (0, 0, -172.96065),
                626489.170362: (0, 0, -158.46608),
                626886.932112: (0, 0, -158.46608),
                626886.934112: (0, 0, -158.1986),
                627263.893648: (0, 0, -158.1986),
                627263.895648: (0, 0, 21.801409),
                627640.855184: (0, 0, 21.801409),
                627640.857184: (0, 0, 21.533924),
                628038.618934: (0, 0, 21.533924),
                628038.620934: (0, 0, 7.039351),
                629034.122826: (0, 0, 7.039351),
                629034.124826: (0, 0, -33.31063),
                629704.215356: (0, 0, -33.31063),
                629704.217356: (0, 0, -34.215702),
                630308.864014: (0, 0, -34.215702),
                630308.866014: (0, 0, 145.7843),
                630913.512674: (0, 0, 145.7843),
                630913.514674: (0, 0, 146.68936),
                631583.605204: (0, 0, 146.68936),
                631583.607204: (0, 0, -172.96065),
                632579.109096: (0, 0, -172.96065),
                632579.111096: (0, 0, -158.46608),
                632976.872846: (0, 0, -158.46608),
                632976.874846: (0, 0, -158.1986),
                633353.834382: (0, 0, -158.1986),
                633353.836382: (0, 0, 21.801409),
                633730.795918: (0, 0, 21.801409),
                633730.797918: (0, 0, 21.533924),
                634128.559668: (0, 0, 21.533924),
                634128.561668: (0, 0, 7.039351),
                635124.06356: (0, 0, 7.039351),
                635124.06556: (0, 0, -33.31063),
                635794.156092: (0, 0, -33.31063),
                635794.158092: (0, 0, -34.215702),
                636398.80475: (0, 0, -34.215702),
                636398.80675: (0, 0, 145.7843),
                637003.453408: (0, 0, 145.7843),
                637003.455408: (0, 0, 146.68936),
                637673.545938: (0, 0, 146.68936),
                637673.547938: (0, 0, -172.96065),
                638669.049832: (0, 0, -172.96065),
                638669.051832: (0, 0, -158.46608),
                639066.81358: (0, 0, -158.46608),
                639066.81558: (0, 0, -158.1986),
                639443.775116: (0, 0, -158.1986),
                639443.777116: (0, 0, 21.801409),
                639820.736654: (0, 0, 21.801409),
                639820.738654: (0, 0, 21.533924),
                640218.500402: (0, 0, 21.533924),
                640218.502402: (0, 0, 7.039351),
                641214.004294: (0, 0, 7.039351),
                641214.006294: (0, 0, -33.31063),
                641884.096826: (0, 0, -33.31063),
                641884.098826: (0, 0, -34.215702),
                642488.745484: (0, 0, -34.215702),
                642488.747484: (0, 0, 145.7843),
                643093.394142: (0, 0, 145.7843),
                643093.396142: (0, 0, 146.68936),
                643763.486674: (0, 0, 146.68936),
                643763.488674: (0, 0, -172.96065),
                644758.990566: (0, 0, -172.96065),
                644758.992566: (0, 0, -158.46608),
                645156.754314: (0, 0, -158.46608),
                645156.756314: (0, 0, -158.1986),
                645533.715852: (0, 0, -158.1986),
                645533.717852: (0, 0, 21.801409),
                645910.677388: (0, 0, 21.801409),
                645910.679388: (0, 0, 21.533924),
                646308.441136: (0, 0, 21.533924),
                646308.443136: (0, 0, 7.039351),
                647303.94503: (0, 0, 7.039351),
                647303.94703: (0, 0, -33.31063),
                647974.03756: (0, 0, -33.31063),
                647974.03956: (0, 0, -34.215702),
                648578.686218: (0, 0, -34.215702),
                648578.688218: (0, 0, 145.7843),
                649183.334876: (0, 0, 145.7843),
                649183.336876: (0, 0, 146.68936),
                649853.427408: (0, 0, 146.68936),
                649853.429408: (0, 0, -172.96065),
                650848.9313: (0, 0, -172.96065),
                650848.9333: (0, 0, -158.46608),
                651246.69505: (0, 0, -158.46608),
                651246.69705: (0, 0, -158.1986),
                651623.656586: (0, 0, -158.1986),
                651623.658586: (0, 0, 21.801409),
                652000.618122: (0, 0, 21.801409),
                652000.620122: (0, 0, 21.533924),
                652398.38187: (0, 0, 21.533924),
                652398.38387: (0, 0, 7.039351),
                653393.885764: (0, 0, 7.039351),
                653393.887764: (0, 0, -33.31063),
                654063.978294: (0, 0, -33.31063),
                654063.980294: (0, 0, -34.215702),
                654668.626952: (0, 0, -34.215702),
                654668.628952: (0, 0, 145.7843),
                655273.275612: (0, 0, 145.7843),
                655273.277612: (0, 0, 146.68936),
                655943.368142: (0, 0, 146.68936),
                655943.370142: (0, 0, -172.96065),
                656938.872034: (0, 0, -172.96065),
                656938.874034: (0, 0, -158.46608),
                657336.635784: (0, 0, -158.46608),
                657336.637784: (0, 0, -158.1986),
                657713.59732: (0, 0, -158.1986),
                657713.59932: (0, 0, 21.801409),
                658090.558856: (0, 0, 21.801409),
                658090.560856: (0, 0, 21.533924),
                658488.322606: (0, 0, 21.533924),
                658488.324606: (0, 0, 7.039351),
                659483.826498: (0, 0, 7.039351),
                659483.828498: (0, 0, -33.31063),
                660153.919028: (0, 0, -33.31063),
                660153.921028: (0, 0, -34.215702),
                660758.567688: (0, 0, -34.215702),
                660758.569688: (0, 0, 145.7843),
                661363.216346: (0, 0, 145.7843),
                661363.218346: (0, 0, 146.68936),
                662033.308876: (0, 0, 146.68936),
                662033.310876: (0, 0, -172.96065),
                663028.812768: (0, 0, -172.96065),
                663028.814768: (0, 0, -158.46608),
                663426.576518: (0, 0, -158.46608),
                663426.578518: (0, 0, -158.1986),
                663803.538054: (0, 0, -158.1986),
                663803.540054: (0, 0, 21.801409),
                664180.49959: (0, 0, 21.801409),
                664180.50159: (0, 0, 21.533924),
                664578.26334: (0, 0, 21.533924),
                664578.26534: (0, 0, 7.039351),
                665573.767232: (0, 0, 7.039351),
                665573.769232: (0, 0, -33.31063),
                666243.859764: (0, 0, -33.31063),
                666243.861764: (0, 0, -34.215702),
                666848.508422: (0, 0, -34.215702),
                666848.510422: (0, 0, 145.7843),
                667453.15708: (0, 0, 145.7843),
                667453.15908: (0, 0, 146.68936),
                668123.24961: (0, 0, 146.68936),
                668123.25161: (0, 0, -172.96065),
                669118.753504: (0, 0, -172.96065),
                669118.755504: (0, 0, -158.46608),
                669516.517252: (0, 0, -158.46608),
                669516.519252: (0, 0, -158.1986),
                669893.478788: (0, 0, -158.1986),
                669893.480788: (0, 0, 21.801409),
                670270.440326: (0, 0, 21.801409),
                670270.442326: (0, 0, 21.533924),
                670668.204074: (0, 0, 21.533924),
                670668.206074: (0, 0, 7.039351),
                671663.707966: (0, 0, 7.039351),
                671663.709966: (0, 0, -33.31063),
                672333.800498: (0, 0, -33.31063),
                672333.802498: (0, 0, -34.215702),
                672938.449156: (0, 0, -34.215702),
                672938.451156: (0, 0, 145.7843),
                673543.097814: (0, 0, 145.7843),
                673543.099814: (0, 0, 146.68936),
                674213.190346: (0, 0, 146.68936),
                674213.192346: (0, 0, -172.96065),
                675208.694238: (0, 0, -172.96065),
                675208.696238: (0, 0, -158.46608),
                675606.457986: (0, 0, -158.46608),
                675606.459986: (0, 0, -158.1986),
                675983.419524: (0, 0, -158.1986),
                675983.421524: (0, 0, 21.801409),
                676360.38106: (0, 0, 21.801409),
                676360.38306: (0, 0, 21.533924),
                676758.144808: (0, 0, 21.533924),
                676758.146808: (0, 0, 7.039351),
                677753.648702: (0, 0, 7.039351),
                677753.650702: (0, 0, -33.31063),
                678423.741232: (0, 0, -33.31063),
                678423.743232: (0, 0, -34.215702),
                679028.38989: (0, 0, -34.215702),
                679028.39189: (0, 0, 145.7843),
                679633.038548: (0, 0, 145.7843),
                679633.040548: (0, 0, 146.68936),
                680303.13108: (0, 0, 146.68936),
                680303.13308: (0, 0, -172.96065),
                681298.634972: (0, 0, -172.96065),
                681298.636972: (0, 0, -158.46608),
                681696.398722: (0, 0, -158.46608),
                681696.400722: (0, 0, -158.1986),
                682073.360258: (0, 0, -158.1986),
                682073.362258: (0, 0, 21.801409),
                682450.321794: (0, 0, 21.801409),
                682450.323794: (0, 0, 21.533924),
                682848.085544: (0, 0, 21.533924),
                682848.087544: (0, 0, 7.039351),
                683843.589436: (0, 0, 7.039351),
                683843.591436: (0, 0, -33.31063),
                684513.681966: (0, 0, -33.31063),
                684513.683966: (0, 0, -34.215702),
                685118.330624: (0, 0, -34.215702),
                685118.332624: (0, 0, 145.7843),
                685722.979284: (0, 0, 145.7843),
                685722.981284: (0, 0, 146.68936),
                686393.071814: (0, 0, 146.68936),
                686393.073814: (0, 0, -172.96065),
                687388.575706: (0, 0, -172.96065),
                687388.577706: (0, 0, -158.46608),
                687786.339456: (0, 0, -158.46608),
                687786.341456: (0, 0, -158.1986),
                688163.300992: (0, 0, -158.1986),
                688163.302992: (0, 0, 21.801409),
                688540.262528: (0, 0, 21.801409),
                688540.264528: (0, 0, 21.533924),
                688938.026278: (0, 0, 21.533924),
                688938.028278: (0, 0, 7.039351),
                689933.53017: (0, 0, 7.039351),
                689933.53217: (0, 0, -33.31063),
                690603.622702: (0, 0, -33.31063),
                690603.624702: (0, 0, -34.215702),
                691208.27136: (0, 0, -34.215702),
                691208.27336: (0, 0, 145.7843),
                691812.920018: (0, 0, 145.7843),
                691812.922018: (0, 0, 146.68936),
                692483.012548: (0, 0, 146.68936),
                692483.014548: (0, 0, -172.96065),
                693478.516442: (0, 0, -172.96065),
                693478.518442: (0, 0, -158.46608),
                693876.28019: (0, 0, -158.46608),
                693876.28219: (0, 0, -158.1986),
                694253.241726: (0, 0, -158.1986),
                694253.243726: (0, 0, 21.801409),
                694630.203264: (0, 0, 21.801409),
                694630.205264: (0, 0, 21.533924),
                695027.967012: (0, 0, 21.533924),
                695027.969012: (0, 0, 7.039351),
                696023.470904: (0, 0, 7.039351),
                696023.472904: (0, 0, -33.31063),
                696693.563436: (0, 0, -33.31063),
                696693.565436: (0, 0, -34.215702),
                697298.212094: (0, 0, -34.215702),
                697298.214094: (0, 0, 145.7843),
                697902.860752: (0, 0, 145.7843),
                697902.862752: (0, 0, 146.68936),
                698572.953284: (0, 0, 146.68936),
                698572.955284: (0, 0, -172.96065),
                699568.457176: (0, 0, -172.96065),
                699568.459176: (0, 0, -158.46608),
                699966.220924: (0, 0, -158.46608),
                699966.222924: (0, 0, -158.1986),
                700343.182462: (0, 0, -158.1986),
                700343.184462: (0, 0, 21.801409),
                700720.143998: (0, 0, 21.801409),
                700720.145998: (0, 0, 21.533924),
                701117.907746: (0, 0, 21.533924),
                701117.909746: (0, 0, 7.039351),
                702113.41164: (0, 0, 7.039351),
                702113.41364: (0, 0, -33.31063),
                702783.50417: (0, 0, -33.31063),
                702783.50617: (0, 0, -34.215702),
                703388.152828: (0, 0, -34.215702),
                703388.154828: (0, 0, 145.7843),
                703992.801486: (0, 0, 145.7843),
                703992.803486: (0, 0, 146.68936),
                704662.894018: (0, 0, 146.68936),
                704662.896018: (0, 0, -172.96065),
                705658.39791: (0, 0, -172.96065),
                705658.39991: (0, 0, -158.46608),
                706056.161658: (0, 0, -158.46608),
                706056.163658: (0, 0, -158.1986),
                706433.123196: (0, 0, -158.1986),
                706433.125196: (0, 0, 21.801409),
                706810.084732: (0, 0, 21.801409),
                706810.086732: (0, 0, 21.533924),
                707207.84848: (0, 0, 21.533924),
                707207.85048: (0, 0, 7.039351),
                708203.352374: (0, 0, 7.039351),
                708203.354374: (0, 0, -33.31063),
                708873.444904: (0, 0, -33.31063),
                708873.446904: (0, 0, -34.215702),
                709478.093562: (0, 0, -34.215702),
                709478.095562: (0, 0, 145.7843),
                710082.742222: (0, 0, 145.7843),
                710082.744222: (0, 0, 146.68936),
                710752.834752: (0, 0, 146.68936),
                710752.836752: (0, 0, -172.96065),
                711748.338644: (0, 0, -172.96065),
                711748.340644: (0, 0, -158.46608),
                712146.102394: (0, 0, -158.46608),
                712146.104394: (0, 0, -158.1986),
                712523.06393: (0, 0, -158.1986),
                712523.06593: (0, 0, 21.801409),
                712900.025466: (0, 0, 21.801409),
                712900.027466: (0, 0, 21.533924),
                713297.789216: (0, 0, 21.533924),
                713297.791216: (0, 0, 7.039351),
                714293.293108: (0, 0, 7.039351),
                714293.295108: (0, 0, -33.31063),
                714963.385638: (0, 0, -33.31063),
                714963.387638: (0, 0, -34.215702),
                715568.034298: (0, 0, -34.215702),
                715568.036298: (0, 0, 145.7843),
                716172.682956: (0, 0, 145.7843),
                716172.684956: (0, 0, 146.68936),
                716842.775486: (0, 0, 146.68936),
                716842.777486: (0, 0, -172.96065),
                717838.279378: (0, 0, -172.96065),
                717838.281378: (0, 0, -158.46608),
                718236.043128: (0, 0, -158.46608),
                718236.045128: (0, 0, -158.1986),
                718613.004664: (0, 0, -158.1986),
                718613.006664: (0, 0, 21.801409),
                718989.9662: (0, 0, 21.801409),
                718989.9682: (0, 0, 21.533924),
                719387.72995: (0, 0, 21.533924),
                719387.73195: (0, 0, 7.039351),
                720383.233842: (0, 0, 7.039351),
                720383.235842: (0, 0, -33.31063),
                721053.326374: (0, 0, -33.31063),
                721053.328374: (0, 0, -34.215702),
                721657.975032: (0, 0, -34.215702),
                721657.977032: (0, 0, 145.7843),
                722262.62369: (0, 0, 145.7843),
                722262.62569: (0, 0, 146.68936),
                722932.71622: (0, 0, 146.68936),
                722932.71822: (0, 0, -172.96065),
                723928.220114: (0, 0, -172.96065),
                723928.222114: (0, 0, -158.46608),
                724325.983862: (0, 0, -158.46608),
                724325.985862: (0, 0, -158.1986),
                724702.945398: (0, 0, -158.1986),
                724702.947398: (0, 0, 21.801409),
                725079.906936: (0, 0, 21.801409),
                725079.908936: (0, 0, 21.533924),
                725477.670684: (0, 0, 21.533924),
                725477.672684: (0, 0, 7.039351),
                726473.174576: (0, 0, 7.039351),
                726473.176576: (0, 0, -33.31063),
                727143.267108: (0, 0, -33.31063),
                727143.269108: (0, 0, -34.215702),
                727747.915766: (0, 0, -34.215702),
                727747.917766: (0, 0, 145.7843),
                728352.564424: (0, 0, 145.7843),
                728352.566424: (0, 0, 146.68936),
                729022.656956: (0, 0, 146.68936),
                729022.658956: (0, 0, -172.96065),
                730018.160848: (0, 0, -172.96065),
                730018.162848: (0, 0, -158.46608),
                730415.924596: (0, 0, -158.46608),
                730415.926596: (0, 0, -158.1986),
                730792.886134: (0, 0, -158.1986),
                730792.888134: (0, 0, 21.801409),
                731169.84767: (0, 0, 21.801409),
                731169.84967: (0, 0, 21.533924),
                731567.611418: (0, 0, 21.533924),
                731567.613418: (0, 0, 7.039351),
                732563.115312: (0, 0, 7.039351),
                732563.117312: (0, 0, -33.31063),
                733233.207842: (0, 0, -33.31063),
                733233.209842: (0, 0, -34.215702),
                733837.8565: (0, 0, -34.215702),
                733837.8585: (0, 0, 145.7843),
                734442.505158: (0, 0, 145.7843),
                734442.507158: (0, 0, 146.68936),
                735112.59769: (0, 0, 146.68936),
                735112.59969: (0, 0, -172.96065),
                736108.101582: (0, 0, -172.96065),
                736108.103582: (0, 0, -158.46608),
                736505.865332: (0, 0, -158.46608),
                736505.867332: (0, 0, -158.1986),
                736882.826868: (0, 0, -158.1986),
                736882.828868: (0, 0, 21.801409),
                737259.788404: (0, 0, 21.801409),
                737259.790404: (0, 0, 21.533924),
                737657.552154: (0, 0, 21.533924),
                737657.554154: (0, 0, 7.039351),
                738653.056046: (0, 0, 7.039351),
                738653.058046: (0, 0, -33.31063),
                739323.148576: (0, 0, -33.31063),
                739323.150576: (0, 0, -34.215702),
                739927.797234: (0, 0, -34.215702),
                739927.799234: (0, 0, 145.7843),
                740532.445894: (0, 0, 145.7843),
                740532.447894: (0, 0, 146.68936),
                741202.538424: (0, 0, 146.68936),
                741202.540424: (0, 0, -172.96065),
                742198.042316: (0, 0, -172.96065),
                742198.044316: (0, 0, -158.46608),
                742595.806066: (0, 0, -158.46608),
                742595.808066: (0, 0, -158.1986),
                742972.767602: (0, 0, -158.1986),
                742972.769602: (0, 0, 21.801409),
                743349.729138: (0, 0, 21.801409),
                743349.731138: (0, 0, 21.533924),
                743747.492888: (0, 0, 21.533924),
                743747.494888: (0, 0, 7.039351),
                744742.99678: (0, 0, 7.039351),
                744742.99878: (0, 0, -33.31063),
                745413.089312: (0, 0, -33.31063),
                745413.091312: (0, 0, -34.215702),
                746017.73797: (0, 0, -34.215702),
                746017.73997: (0, 0, 145.7843),
                746622.386628: (0, 0, 145.7843),
                746622.388628: (0, 0, 146.68936),
                747292.479158: (0, 0, 146.68936),
                747292.481158: (0, 0, -172.96065),
                748287.983052: (0, 0, -172.96065),
                748287.985052: (0, 0, -158.46608),
                748685.7468: (0, 0, -158.46608),
                748685.7488: (0, 0, -158.1986),
                749062.708336: (0, 0, -158.1986),
                749062.710336: (0, 0, 21.801409),
                749439.669874: (0, 0, 21.801409),
                749439.671874: (0, 0, 21.533924),
                749837.433622: (0, 0, 21.533924),
                749837.435622: (0, 0, 7.039351),
                750832.937514: (0, 0, 7.039351),
                750832.939514: (0, 0, -33.31063),
                751503.030046: (0, 0, -33.31063),
                751503.032046: (0, 0, -34.215702),
                752107.678704: (0, 0, -34.215702),
                752107.680704: (0, 0, 145.7843),
                752712.327362: (0, 0, 145.7843),
                752712.329362: (0, 0, 146.68936),
                753382.419894: (0, 0, 146.68936),
                753382.421894: (0, 0, -172.96065),
                754377.923786: (0, 0, -172.96065),
                754377.925786: (0, 0, -158.46608),
                754775.687534: (0, 0, -158.46608),
                754775.689534: (0, 0, -158.1986),
                755152.649072: (0, 0, -158.1986),
                755152.651072: (0, 0, 21.801409),
                755529.610608: (0, 0, 21.801409),
                755529.612608: (0, 0, 21.533924),
                755927.374356: (0, 0, 21.533924),
                755927.376356: (0, 0, 7.039351),
                756922.87825: (0, 0, 7.039351),
                756922.88025: (0, 0, -33.31063),
                757592.97078: (0, 0, -33.31063),
                757592.97278: (0, 0, -34.215702),
                758197.619438: (0, 0, -34.215702),
                758197.621438: (0, 0, 145.7843),
                758802.268096: (0, 0, 145.7843),
                758802.270096: (0, 0, 146.68936),
                759472.360628: (0, 0, 146.68936),
                759472.362628: (0, 0, -172.96065),
                760467.86452: (0, 0, -172.96065),
                760467.86652: (0, 0, -158.46608),
                760865.628268: (0, 0, -158.46608),
                760865.630268: (0, 0, -158.1986),
                761242.589806: (0, 0, -158.1986),
                761242.591806: (0, 0, 21.801409),
                761619.551342: (0, 0, 21.801409),
                761619.553342: (0, 0, 21.533924),
                762017.31509: (0, 0, 21.533924),
                762017.31709: (0, 0, 7.039351),
                763012.818984: (0, 0, 7.039351),
                763012.820984: (0, 0, -33.31063),
                763682.911514: (0, 0, -33.31063),
                763682.913514: (0, 0, -34.215702),
                764287.560172: (0, 0, -34.215702),
                764287.562172: (0, 0, 145.7843),
                764892.208832: (0, 0, 145.7843),
                764892.210832: (0, 0, 146.68936),
                765562.301362: (0, 0, 146.68936),
                765562.303362: (0, 0, -172.96065),
                766557.805254: (0, 0, -172.96065),
                766557.807254: (0, 0, -158.46608),
                766955.569004: (0, 0, -158.46608),
                766955.571004: (0, 0, -158.1986),
                767332.53054: (0, 0, -158.1986),
                767332.53254: (0, 0, 21.801409),
                767709.492076: (0, 0, 21.801409),
                767709.494076: (0, 0, 21.533924),
                768107.255826: (0, 0, 21.533924),
                768107.257826: (0, 0, 7.039351),
                769102.759718: (0, 0, 7.039351),
                769102.761718: (0, 0, -33.31063),
                769772.852248: (0, 0, -33.31063),
                769772.854248: (0, 0, -34.215702),
                770377.500908: (0, 0, -34.215702),
                770377.502908: (0, 0, 145.7843),
                770982.149566: (0, 0, 145.7843),
                770982.151566: (0, 0, 146.68936),
                771652.242096: (0, 0, 146.68936),
                771652.244096: (0, 0, -172.96065),
                772647.745988: (0, 0, -172.96065),
                772647.747988: (0, 0, -158.46608),
                773045.509738: (0, 0, -158.46608),
                773045.511738: (0, 0, -158.1986),
                773422.471274: (0, 0, -158.1986),
                773422.473274: (0, 0, 21.801409),
                773799.43281: (0, 0, 21.801409),
                773799.43481: (0, 0, 21.533924),
                774197.19656: (0, 0, 21.533924),
                774197.19856: (0, 0, 7.039351),
                775192.700452: (0, 0, 7.039351),
                775192.702452: (0, 0, -33.31063),
                775862.792984: (0, 0, -33.31063),
                775862.794984: (0, 0, -34.215702),
                776467.441642: (0, 0, -34.215702),
                776467.443642: (0, 0, 145.7843),
                777072.0903: (0, 0, 145.7843),
                777072.0923: (0, 0, 146.68936),
                777742.18283: (0, 0, 146.68936),
                777742.18483: (0, 0, -172.96065),
                778737.686724: (0, 0, -172.96065),
                778737.688724: (0, 0, -158.46608),
                779135.450472: (0, 0, -158.46608),
                779135.452472: (0, 0, -158.1986),
                779512.412008: (0, 0, -158.1986),
                779512.414008: (0, 0, 21.801409),
                779889.373546: (0, 0, 21.801409),
                779889.375546: (0, 0, 21.533924),
                780287.137294: (0, 0, 21.533924),
                780287.139294: (0, 0, 7.039351),
                781282.641186: (0, 0, 7.039351),
                781282.643186: (0, 0, -33.31063),
                781952.733718: (0, 0, -33.31063),
                781952.735718: (0, 0, -34.215702),
                782557.382376: (0, 0, -34.215702),
                782557.384376: (0, 0, 145.7843),
                783162.031034: (0, 0, 145.7843),
                783162.033034: (0, 0, 146.68936),
                783832.123566: (0, 0, 146.68936),
                783832.125566: (0, 0, -172.96065),
                784827.627458: (0, 0, -172.96065),
                784827.629458: (0, 0, -158.46608),
                785225.391206: (0, 0, -158.46608),
                785225.393206: (0, 0, -158.1986),
                785602.352744: (0, 0, -158.1986),
                785602.354744: (0, 0, 21.801409),
                785979.31428: (0, 0, 21.801409),
                785979.31628: (0, 0, 21.533924),
                786377.078028: (0, 0, 21.533924),
                786377.080028: (0, 0, 7.039351),
                787372.581922: (0, 0, 7.039351),
                787372.583922: (0, 0, -33.31063),
                788042.674452: (0, 0, -33.31063),
                788042.676452: (0, 0, -34.215702),
                788647.32311: (0, 0, -34.215702),
                788647.32511: (0, 0, 145.7843),
                789251.971768: (0, 0, 145.7843),
                789251.973768: (0, 0, 146.68936),
                789922.0643: (0, 0, 146.68936),
                789922.0663: (0, 0, -172.96065),
                790917.568192: (0, 0, -172.96065),
                790917.570192: (0, 0, -158.46608),
                791315.331942: (0, 0, -158.46608),
                791315.333942: (0, 0, -158.1986),
                791692.293478: (0, 0, -158.1986),
                791692.295478: (0, 0, 21.801409),
                792069.255014: (0, 0, 21.801409),
                792069.257014: (0, 0, 21.533924),
                792467.018764: (0, 0, 21.533924),
                792467.020764: (0, 0, 7.039351),
                793462.522656: (0, 0, 7.039351),
                793462.524656: (0, 0, -33.31063),
                794132.615186: (0, 0, -33.31063),
                794132.617186: (0, 0, -34.215702),
                794737.263844: (0, 0, -34.215702),
                794737.265844: (0, 0, 145.7843),
                795341.912504: (0, 0, 145.7843),
                795341.914504: (0, 0, 146.68936),
                796012.005034: (0, 0, 146.68936),
                796012.007034: (0, 0, -172.96065),
                797007.508926: (0, 0, -172.96065),
                797007.510926: (0, 0, -158.46608),
                797405.272676: (0, 0, -158.46608),
                797405.274676: (0, 0, -158.1986),
                797782.234212: (0, 0, -158.1986),
                797782.236212: (0, 0, 21.801409),
                798159.195748: (0, 0, 21.801409),
                798159.197748: (0, 0, 21.533924),
                798556.959498: (0, 0, 21.533924),
                798556.961498: (0, 0, 7.039351),
                799552.46339: (0, 0, 7.039351),
                799552.46539: (0, 0, -33.31063),
                800222.555922: (0, 0, -33.31063),
                800222.557922: (0, 0, -34.215702),
                800827.20458: (0, 0, -34.215702),
                800827.20658: (0, 0, 145.7843),
                801431.853238: (0, 0, 145.7843),
                801431.855238: (0, 0, 146.68936),
                802101.945768: (0, 0, 146.68936),
                802101.947768: (0, 0, -172.96065),
                803097.449662: (0, 0, -172.96065),
                803097.451662: (0, 0, -158.46608),
                803495.21341: (0, 0, -158.46608),
                803495.21541: (0, 0, -158.1986),
                803872.174946: (0, 0, -158.1986),
                803872.176946: (0, 0, 21.801409),
                804249.136484: (0, 0, 21.801409),
                804249.138484: (0, 0, 21.533924),
                804646.900232: (0, 0, 21.533924),
                804646.902232: (0, 0, 7.039351),
                805642.404124: (0, 0, 7.039351),
                805642.406124: (0, 0, -33.31063),
                806312.496656: (0, 0, -33.31063),
                806312.498656: (0, 0, -34.215702),
                806917.145314: (0, 0, -34.215702),
                806917.147314: (0, 0, 145.7843),
                807521.793972: (0, 0, 145.7843),
                807521.795972: (0, 0, 146.68936),
                808191.886504: (0, 0, 146.68936),
                808191.888504: (0, 0, -172.96065),
                809187.390396: (0, 0, -172.96065),
                809187.392396: (0, 0, -158.46608),
                809585.154144: (0, 0, -158.46608),
                809585.156144: (0, 0, -158.1986),
                809962.115682: (0, 0, -158.1986),
                809962.117682: (0, 0, 21.801409),
                810339.077218: (0, 0, 21.801409),
                810339.079218: (0, 0, 21.533924),
                810736.840966: (0, 0, 21.533924),
                810736.842966: (0, 0, 7.039351),
                811732.34486: (0, 0, 7.039351),
                811732.34686: (0, 0, -33.31063),
                812402.43739: (0, 0, -33.31063),
                812402.43939: (0, 0, -34.215702),
                813007.086048: (0, 0, -34.215702),
                813007.088048: (0, 0, 145.7843),
                813611.734706: (0, 0, 145.7843),
                813611.736706: (0, 0, 146.68936),
                814281.827238: (0, 0, 146.68936),
                814281.829238: (0, 0, -172.96065),
                815277.33113: (0, 0, -172.96065),
                815277.33313: (0, 0, -158.46608),
                815675.094878: (0, 0, -158.46608),
                815675.096878: (0, 0, -158.1986),
                816052.056416: (0, 0, -158.1986),
                816052.058416: (0, 0, 21.801409),
                816429.017952: (0, 0, 21.801409),
                816429.019952: (0, 0, 21.533924),
                816826.7817: (0, 0, 21.533924),
                816826.7837: (0, 0, 7.039351),
                817822.285594: (0, 0, 7.039351),
                817822.287594: (0, 0, -33.31063),
                818492.378124: (0, 0, -33.31063),
                818492.380124: (0, 0, -34.215702),
                819097.026782: (0, 0, -34.215702),
                819097.028782: (0, 0, 145.7843),
                819701.675442: (0, 0, 145.7843),
                819701.677442: (0, 0, 146.68936),
                820371.767972: (0, 0, 146.68936),
                820371.769972: (0, 0, -172.96065),
                821367.271864: (0, 0, -172.96065),
                821367.273864: (0, 0, -158.46608),
                821765.035614: (0, 0, -158.46608),
                821765.037614: (0, 0, -158.1986),
                822141.99715: (0, 0, -158.1986),
                822141.99915: (0, 0, 21.801409),
                822518.958686: (0, 0, 21.801409),
                822518.960686: (0, 0, 21.533924),
                822916.722436: (0, 0, 21.533924),
                822916.724436: (0, 0, 7.039351),
                823912.226328: (0, 0, 7.039351),
                823912.228328: (0, 0, -33.31063),
                824582.318858: (0, 0, -33.31063),
                824582.320858: (0, 0, -34.215702),
                825186.967518: (0, 0, -34.215702),
                825186.969518: (0, 0, 145.7843),
                825791.616176: (0, 0, 145.7843),
                825791.618176: (0, 0, 146.68936),
                826461.708706: (0, 0, 146.68936),
                826461.710706: (0, 0, -172.96065),
                827457.212598: (0, 0, -172.96065),
                827457.214598: (0, 0, -158.46608),
                827854.976348: (0, 0, -158.46608),
                827854.978348: (0, 0, -158.1986),
                828231.937884: (0, 0, -158.1986),
                828231.939884: (0, 0, 21.801409),
                828608.89942: (0, 0, 21.801409),
                828608.90142: (0, 0, 21.533924),
                829006.66317: (0, 0, 21.533924),
                829006.66517: (0, 0, 7.039351),
                830002.167062: (0, 0, 7.039351),
                830002.169062: (0, 0, -33.31063),
                830672.259594: (0, 0, -33.31063),
                830672.261594: (0, 0, -34.215702),
                831276.908252: (0, 0, -34.215702),
                831276.910252: (0, 0, 145.7843),
                831881.55691: (0, 0, 145.7843),
                831881.55891: (0, 0, 146.68936),
                832551.64944: (0, 0, 146.68936),
                832551.65144: (0, 0, -172.96065),
                833547.153334: (0, 0, -172.96065),
                833547.155334: (0, 0, -158.46608),
                833944.917082: (0, 0, -158.46608),
                833944.919082: (0, 0, -158.1986),
                834321.878618: (0, 0, -158.1986),
                834321.880618: (0, 0, 21.801409),
                834698.840156: (0, 0, 21.801409),
                834698.842156: (0, 0, 21.533924),
                835096.603904: (0, 0, 21.533924),
                835096.605904: (0, 0, 7.039351),
                836092.107796: (0, 0, 7.039351),
                836092.109796: (0, 0, -33.31063),
                836762.200328: (0, 0, -33.31063),
                836762.202328: (0, 0, -34.215702),
                837366.848986: (0, 0, -34.215702),
                837366.850986: (0, 0, 145.7843),
                837971.497644: (0, 0, 145.7843),
                837971.499644: (0, 0, 146.68936),
                838641.590176: (0, 0, 146.68936),
                838641.592176: (0, 0, -172.96065),
                839637.094068: (0, 0, -172.96065),
                839637.096068: (0, 0, -158.46608),
                840034.857816: (0, 0, -158.46608),
                840034.859816: (0, 0, -158.1986),
                840411.819354: (0, 0, -158.1986),
                840411.821354: (0, 0, 21.801409),
                840788.78089: (0, 0, 21.801409),
                840788.78289: (0, 0, 21.533924),
                841186.544638: (0, 0, 21.533924),
                841186.546638: (0, 0, 7.039351),
                842182.048532: (0, 0, 7.039351),
                842182.050532: (0, 0, -33.31063),
                842852.141062: (0, 0, -33.31063),
                842852.143062: (0, 0, -34.215702),
                843456.78972: (0, 0, -34.215702),
                843456.79172: (0, 0, 145.7843),
                844061.438378: (0, 0, 145.7843),
                844061.440378: (0, 0, 146.68936),
                844731.53091: (0, 0, 146.68936),
                844731.53291: (0, 0, -172.96065),
                845727.034802: (0, 0, -172.96065),
                845727.036802: (0, 0, -158.46608),
                846124.798552: (0, 0, -158.46608),
                846124.800552: (0, 0, -158.1986),
                846501.760088: (0, 0, -158.1986),
                846501.762088: (0, 0, 21.801409),
                846878.721624: (0, 0, 21.801409),
                846878.723624: (0, 0, 21.533924),
                847276.485374: (0, 0, 21.533924),
                847276.487374: (0, 0, 7.039351),
                848271.989266: (0, 0, 7.039351),
                848271.991266: (0, 0, -33.31063),
                848942.081796: (0, 0, -33.31063),
                848942.083796: (0, 0, -34.215702),
                849546.730454: (0, 0, -34.215702),
                849546.732454: (0, 0, 145.7843),
                850151.379114: (0, 0, 145.7843),
                850151.381114: (0, 0, 146.68936),
                850821.471644: (0, 0, 146.68936),
                850821.473644: (0, 0, -172.96065),
                851816.975536: (0, 0, -172.96065),
                851816.977536: (0, 0, -158.46608),
                852214.739286: (0, 0, -158.46608),
                852214.741286: (0, 0, -158.1986),
                852591.700822: (0, 0, -158.1986),
                852591.702822: (0, 0, 21.801409),
                852968.662358: (0, 0, 21.801409),
                852968.664358: (0, 0, 21.533924),
                853366.426108: (0, 0, 21.533924),
                853366.428108: (0, 0, 7.039351),
                854361.93: (0, 0, 7.039351),
                854361.932: (0, 0, -33.31063),
                855032.022532: (0, 0, -33.31063),
                855032.024532: (0, 0, -34.215702),
                855636.67119: (0, 0, -34.215702),
                855636.67319: (0, 0, 145.7843),
                856241.319848: (0, 0, 145.7843),
                856241.321848: (0, 0, 146.68936),
                856911.412378: (0, 0, 146.68936),
                856911.414378: (0, 0, -172.96065),
                857906.916272: (0, 0, -172.96065),
                857906.918272: (0, 0, -158.46608),
                858304.68002: (0, 0, -158.46608),
                858304.68202: (0, 0, -158.1986),
                858681.641556: (0, 0, -158.1986),
                858681.643556: (0, 0, 21.801409),
                859058.603094: (0, 0, 21.801409),
                859058.605094: (0, 0, 21.533924),
                859456.366842: (0, 0, 21.533924),
                859456.368842: (0, 0, 7.039351),
                860451.870734: (0, 0, 7.039351),
                860451.872734: (0, 0, -33.31063),
                861121.963266: (0, 0, -33.31063),
                861121.965266: (0, 0, -34.215702),
                861726.611924: (0, 0, -34.215702),
                861726.613924: (0, 0, 145.7843),
                862331.260582: (0, 0, 145.7843),
                862331.262582: (0, 0, 146.68936),
                863001.353114: (0, 0, 146.68936),
                863001.355114: (0, 0, -172.96065),
                863996.857006: (0, 0, -172.96065),
                863996.859006: (0, 0, -158.46608),
                864394.620754: (0, 0, -158.46608),
                864394.622754: (0, 0, -158.1986),
                864771.582292: (0, 0, -158.1986),
                864771.584292: (0, 0, 21.801409),
                865148.543828: (0, 0, 21.801409),
                865148.545828: (0, 0, 21.533924),
                865546.307576: (0, 0, 21.533924),
                865546.309576: (0, 0, 7.039351),
                866541.81147: (0, 0, 7.039351),
                866541.81347: (0, 0, -33.31063),
                867211.904: (0, 0, -33.31063),
                867211.906: (0, 0, -34.215702),
                867816.552658: (0, 0, -34.215702),
                867816.554658: (0, 0, 145.7843),
                868421.201316: (0, 0, 145.7843),
                868421.203316: (0, 0, 146.68936),
                869091.293848: (0, 0, 146.68936),
                869091.295848: (0, 0, -172.96065),
                870086.79774: (0, 0, -172.96065),
                870086.79974: (0, 0, -158.46608),
                870484.561488: (0, 0, -158.46608),
                870484.563488: (0, 0, -158.1986),
                870861.523026: (0, 0, -158.1986),
                870861.525026: (0, 0, 21.801409),
                871238.484562: (0, 0, 21.801409),
                871238.486562: (0, 0, 21.533924),
                871636.24831: (0, 0, 21.533924),
                871636.25031: (0, 0, 7.039351),
                872631.752204: (0, 0, 7.039351),
                872631.754204: (0, 0, -33.31063),
                873301.844734: (0, 0, -33.31063),
                873301.846734: (0, 0, -34.215702),
                873906.493392: (0, 0, -34.215702),
                873906.495392: (0, 0, 145.7843),
                874511.142052: (0, 0, 145.7843),
                874511.144052: (0, 0, 146.68936),
                875181.234582: (0, 0, 146.68936),
                875181.236582: (0, 0, -172.96065),
                876176.738474: (0, 0, -172.96065),
                876176.740474: (0, 0, -158.46608),
                876574.502224: (0, 0, -158.46608),
                876574.504224: (0, 0, -158.1986),
                876951.46376: (0, 0, -158.1986),
                876951.46576: (0, 0, 21.801409),
                877328.425296: (0, 0, 21.801409),
                877328.427296: (0, 0, 21.533924),
                877726.189046: (0, 0, 21.533924),
                877726.191046: (0, 0, 7.039351),
                878721.692938: (0, 0, 7.039351),
                878721.694938: (0, 0, -33.31063),
                879391.785468: (0, 0, -33.31063),
                879391.787468: (0, 0, -34.215702),
                879996.434128: (0, 0, -34.215702),
                879996.436128: (0, 0, 145.7843),
                880601.082786: (0, 0, 145.7843),
                880601.084786: (0, 0, 146.68936),
                881271.175316: (0, 0, 146.68936),
                881271.177316: (0, 0, -172.96065),
                882266.679208: (0, 0, -172.96065),
                882266.681208: (0, 0, -158.46608),
                882664.442958: (0, 0, -158.46608),
                882664.444958: (0, 0, -158.1986),
                883041.404494: (0, 0, -158.1986),
                883041.406494: (0, 0, 21.801409),
                883418.36603: (0, 0, 21.801409),
                883418.36803: (0, 0, 21.533924),
                883816.12978: (0, 0, 21.533924),
                883816.13178: (0, 0, 7.039351),
                884811.633672: (0, 0, 7.039351),
                884811.635672: (0, 0, -33.31063),
                885481.726204: (0, 0, -33.31063),
                885481.728204: (0, 0, -34.215702),
                886086.374862: (0, 0, -34.215702),
                886086.376862: (0, 0, 145.7843),
                886691.02352: (0, 0, 145.7843),
                886691.02552: (0, 0, 146.68936),
                887361.11605: (0, 0, 146.68936),
                887361.11805: (0, 0, -172.96065),
                888356.619944: (0, 0, -172.96065),
                888356.621944: (0, 0, -158.46608),
                888754.383692: (0, 0, -158.46608),
                888754.385692: (0, 0, -158.1986),
                889131.345228: (0, 0, -158.1986),
                889131.347228: (0, 0, 21.801409),
                889508.306766: (0, 0, 21.801409),
                889508.308766: (0, 0, 21.533924),
                889906.070514: (0, 0, 21.533924),
                889906.072514: (0, 0, 7.039351),
                890901.574406: (0, 0, 7.039351),
                890901.576406: (0, 0, -33.31063),
                891571.666938: (0, 0, -33.31063),
                891571.668938: (0, 0, -34.215702),
                892176.315596: (0, 0, -34.215702),
                892176.317596: (0, 0, 145.7843),
                892780.964254: (0, 0, 145.7843),
                892780.966254: (0, 0, 146.68936),
                893451.056786: (0, 0, 146.68936),
                893451.058786: (0, 0, -172.96065),
                894446.560678: (0, 0, -172.96065),
                894446.562678: (0, 0, -158.46608),
                894844.324426: (0, 0, -158.46608),
                894844.326426: (0, 0, -158.1986),
                895221.285964: (0, 0, -158.1986),
                895221.287964: (0, 0, 21.801409),
                895598.2475: (0, 0, 21.801409),
                895598.2495: (0, 0, 21.533924),
                895996.011248: (0, 0, 21.533924),
                895996.013248: (0, 0, 7.039351),
                896991.515142: (0, 0, 7.039351),
                896991.517142: (0, 0, -33.31063),
                897661.607672: (0, 0, -33.31063),
                897661.609672: (0, 0, -34.215702),
                898266.25633: (0, 0, -34.215702),
                898266.25833: (0, 0, 145.7843),
                898870.904988: (0, 0, 145.7843),
                898870.906988: (0, 0, 146.68936),
                899540.99752: (0, 0, 146.68936),
                899540.99952: (0, 0, -172.96065),
                900536.501412: (0, 0, -172.96065),
                900536.503412: (0, 0, -158.46608),
                900934.265162: (0, 0, -158.46608),
                900934.267162: (0, 0, -158.1986),
                901311.226698: (0, 0, -158.1986),
                901311.228698: (0, 0, 21.801409),
                901688.188234: (0, 0, 21.801409),
                901688.190234: (0, 0, 21.533924),
                902085.951984: (0, 0, 21.533924),
                902085.953984: (0, 0, 7.039351),
                903081.455876: (0, 0, 7.039351),
                903081.457876: (0, 0, -33.31063),
                903751.548406: (0, 0, -33.31063),
                903751.550406: (0, 0, -34.215702),
                904356.197064: (0, 0, -34.215702),
                904356.199064: (0, 0, 145.7843),
                904960.845724: (0, 0, 145.7843),
                904960.847724: (0, 0, 146.68936),
                905630.938254: (0, 0, 146.68936),
                905630.940254: (0, 0, -172.96065),
                906626.442146: (0, 0, -172.96065),
                906626.444146: (0, 0, -158.46608),
                907024.205896: (0, 0, -158.46608),
                907024.207896: (0, 0, -158.1986),
                907401.167432: (0, 0, -158.1986),
                907401.169432: (0, 0, 21.801409),
                907778.128968: (0, 0, 21.801409),
                907778.130968: (0, 0, 21.533924),
                908175.892718: (0, 0, 21.533924),
                908175.894718: (0, 0, 7.039351),
                909171.39661: (0, 0, 7.039351),
                909171.39861: (0, 0, -33.31063),
                909841.489142: (0, 0, -33.31063),
                909841.491142: (0, 0, -34.215702),
                910446.1378: (0, 0, -34.215702),
                910446.1398: (0, 0, 145.7843),
                911050.786458: (0, 0, 145.7843),
                911050.788458: (0, 0, 146.68936),
                911720.878988: (0, 0, 146.68936),
                911720.880988: (0, 0, -172.96065),
                912716.382882: (0, 0, -172.96065),
                912716.384882: (0, 0, -158.46608),
                913114.14663: (0, 0, -158.46608),
                913114.14863: (0, 0, -158.1986),
                913491.108166: (0, 0, -158.1986),
                913491.110166: (0, 0, 21.801409),
                913868.069704: (0, 0, 21.801409),
                913868.071704: (0, 0, 21.533924),
                914265.833452: (0, 0, 21.533924),
                914265.835452: (0, 0, 7.039351),
                915261.337344: (0, 0, 7.039351),
                915261.339344: (0, 0, -33.31063),
                915931.429876: (0, 0, -33.31063),
                915931.431876: (0, 0, -34.215702),
                916536.078534: (0, 0, -34.215702),
                916536.080534: (0, 0, 145.7843),
                917140.727192: (0, 0, 145.7843),
                917140.729192: (0, 0, 146.68936),
                917810.819724: (0, 0, 146.68936),
                917810.821724: (0, 0, -172.96065),
                918806.323616: (0, 0, -172.96065),
                918806.325616: (0, 0, -158.46608),
                919204.087364: (0, 0, -158.46608),
                919204.089364: (0, 0, -158.1986),
                919581.048902: (0, 0, -158.1986),
                919581.050902: (0, 0, 21.801409),
                919958.010438: (0, 0, 21.801409),
                919958.012438: (0, 0, 21.533924),
                920355.774186: (0, 0, 21.533924),
                920355.776186: (0, 0, 7.039351),
                921351.27808: (0, 0, 7.039351),
                921351.28008: (0, 0, -33.31063),
                922021.37061: (0, 0, -33.31063),
                922021.37261: (0, 0, -34.215702),
                922626.019268: (0, 0, -34.215702),
                922626.021268: (0, 0, 145.7843),
                923230.667926: (0, 0, 145.7843),
                923230.669926: (0, 0, 146.68936),
                923900.760458: (0, 0, 146.68936),
                923900.762458: (0, 0, -172.96065),
                924896.26435: (0, 0, -172.96065),
                924896.26635: (0, 0, -158.46608),
                925294.028098: (0, 0, -158.46608),
                925294.030098: (0, 0, -158.1986),
                925670.989636: (0, 0, -158.1986),
                925670.991636: (0, 0, 21.801409),
                926047.951172: (0, 0, 21.801409),
                926047.953172: (0, 0, 21.533924),
                926445.71492: (0, 0, 21.533924),
                926445.71692: (0, 0, 7.039351),
                927441.218814: (0, 0, 7.039351),
                927441.220814: (0, 0, -33.31063),
                928111.311344: (0, 0, -33.31063),
                928111.313344: (0, 0, -34.215702),
                928715.960002: (0, 0, -34.215702),
                928715.962002: (0, 0, 145.7843),
                929320.608662: (0, 0, 145.7843),
                929320.610662: (0, 0, 146.68936),
                929990.701192: (0, 0, 146.68936),
                929990.703192: (0, 0, -172.96065),
                930986.205084: (0, 0, -172.96065),
                930986.207084: (0, 0, -158.46608),
                931383.968834: (0, 0, -158.46608),
                931383.970834: (0, 0, -158.1986),
                931760.93037: (0, 0, -158.1986),
                931760.93237: (0, 0, 21.801409),
                932137.891906: (0, 0, 21.801409),
                932137.893906: (0, 0, 21.533924),
                932535.655656: (0, 0, 21.533924),
                932535.657656: (0, 0, 7.039351),
                933531.159548: (0, 0, 7.039351),
                933531.161548: (0, 0, -33.31063),
                934201.252078: (0, 0, -33.31063),
                934201.254078: (0, 0, -34.215702),
                934805.900738: (0, 0, -34.215702),
                934805.902738: (0, 0, 145.7843),
                935410.549396: (0, 0, 145.7843),
                935410.551396: (0, 0, 146.68936),
                936080.641926: (0, 0, 146.68936),
                936080.643926: (0, 0, -172.96065),
                937076.145818: (0, 0, -172.96065),
                937076.147818: (0, 0, -158.46608),
                937473.909568: (0, 0, -158.46608),
                937473.911568: (0, 0, -158.1986),
                937850.871104: (0, 0, -158.1986),
                937850.873104: (0, 0, 21.801409),
                938227.83264: (0, 0, 21.801409),
                938227.83464: (0, 0, 21.533924),
                938625.59639: (0, 0, 21.533924),
                938625.59839: (0, 0, 7.039351),
                939621.100282: (0, 0, 7.039351),
                939621.102282: (0, 0, -33.31063),
                940291.192814: (0, 0, -33.31063),
                940291.194814: (0, 0, -34.215702),
                940895.841472: (0, 0, -34.215702),
                940895.843472: (0, 0, 145.7843),
                941500.49013: (0, 0, 145.7843),
                941500.49213: (0, 0, 146.68936),
                942170.58266: (0, 0, 146.68936),
                942170.58466: (0, 0, -172.96065),
                943166.086554: (0, 0, -172.96065),
                943166.088554: (0, 0, -158.46608),
                943563.850302: (0, 0, -158.46608),
                943563.852302: (0, 0, -158.1986),
                943940.811838: (0, 0, -158.1986),
                943940.813838: (0, 0, 21.801409),
                944317.773376: (0, 0, 21.801409),
                944317.775376: (0, 0, 21.533924),
                944715.537124: (0, 0, 21.533924),
                944715.539124: (0, 0, 7.039351),
                945711.041016: (0, 0, 7.039351),
                945711.043016: (0, 0, -33.31063),
                946381.133548: (0, 0, -33.31063),
                946381.135548: (0, 0, -34.215702),
                946985.782206: (0, 0, -34.215702),
                946985.784206: (0, 0, 145.7843),
                947590.430864: (0, 0, 145.7843),
                947590.432864: (0, 0, 146.68936),
                948260.523396: (0, 0, 146.68936),
                948260.525396: (0, 0, -172.96065),
                949256.027288: (0, 0, -172.96065),
                949256.029288: (0, 0, -158.46608),
                949653.791036: (0, 0, -158.46608),
                949653.793036: (0, 0, -158.1986),
                950030.752574: (0, 0, -158.1986),
                950030.754574: (0, 0, 21.801409),
                950407.71411: (0, 0, 21.801409),
                950407.71611: (0, 0, 21.533924),
                950805.477858: (0, 0, 21.533924),
                950805.479858: (0, 0, 7.039351),
                951800.981752: (0, 0, 7.039351),
                951800.983752: (0, 0, -33.31063),
                952471.074282: (0, 0, -33.31063),
                952471.076282: (0, 0, -34.215702),
                953075.72294: (0, 0, -34.215702),
                953075.72494: (0, 0, 145.7843),
                953680.371598: (0, 0, 145.7843),
                953680.373598: (0, 0, 146.68936),
                954350.46413: (0, 0, 146.68936),
                954350.46613: (0, 0, -172.96065),
                955345.968022: (0, 0, -172.96065),
                955345.970022: (0, 0, -158.46608),
                955743.731772: (0, 0, -158.46608),
                955743.733772: (0, 0, -158.1986),
                956120.693308: (0, 0, -158.1986),
                956120.695308: (0, 0, 21.801409),
                956497.654844: (0, 0, 21.801409),
                956497.656844: (0, 0, 21.533924),
                956895.418594: (0, 0, 21.533924),
                956895.420594: (0, 0, 7.039351),
                957890.922486: (0, 0, 7.039351),
                957890.924486: (0, 0, -33.31063),
                958561.015016: (0, 0, -33.31063),
                958561.017016: (0, 0, -34.215702),
                959165.663674: (0, 0, -34.215702),
                959165.665674: (0, 0, 145.7843),
                959770.312334: (0, 0, 145.7843),
                959770.314334: (0, 0, 146.68936),
                960440.404864: (0, 0, 146.68936),
                960440.406864: (0, 0, -172.96065),
                961435.908756: (0, 0, -172.96065),
                961435.910756: (0, 0, -158.46608),
                961833.672506: (0, 0, -158.46608),
                961833.674506: (0, 0, -158.1986),
                962210.634042: (0, 0, -158.1986),
                962210.636042: (0, 0, 21.801409),
                962587.595578: (0, 0, 21.801409),
                962587.597578: (0, 0, 21.533924),
                962985.359328: (0, 0, 21.533924),
                962985.361328: (0, 0, 7.039351),
                963980.86322: (0, 0, 7.039351),
                963980.86522: (0, 0, -33.31063),
                964650.955752: (0, 0, -33.31063),
                964650.957752: (0, 0, -34.215702),
                965255.60441: (0, 0, -34.215702),
                965255.60641: (0, 0, 145.7843),
                965860.253068: (0, 0, 145.7843),
                965860.255068: (0, 0, 146.68936),
                966530.345598: (0, 0, 146.68936),
                966530.347598: (0, 0, -172.96065),
                967525.849492: (0, 0, -172.96065),
                967525.851492: (0, 0, -158.46608),
                967923.61324: (0, 0, -158.46608),
                967923.61524: (0, 0, -158.1986),
                968300.574776: (0, 0, -158.1986),
                968300.576776: (0, 0, 21.801409),
                968677.536314: (0, 0, 21.801409),
                968677.538314: (0, 0, 21.533924),
                969075.300062: (0, 0, 21.533924),
                969075.302062: (0, 0, 7.039351),
                970070.803954: (0, 0, 7.039351),
                970070.805954: (0, 0, -33.31063),
                970740.896486: (0, 0, -33.31063),
                970740.898486: (0, 0, -34.215702),
                971345.545144: (0, 0, -34.215702),
                971345.547144: (0, 0, 145.7843),
                971950.193802: (0, 0, 145.7843),
                971950.195802: (0, 0, 146.68936),
                972620.286334: (0, 0, 146.68936),
                972620.288334: (0, 0, -172.96065),
                973615.790226: (0, 0, -172.96065),
                973615.792226: (0, 0, -158.46608),
                974013.553974: (0, 0, -158.46608),
                974013.555974: (0, 0, -158.1986),
                974390.515512: (0, 0, -158.1986),
                974390.517512: (0, 0, 21.801409),
                974767.477048: (0, 0, 21.801409),
                974767.479048: (0, 0, 21.533924),
                975165.240796: (0, 0, 21.533924),
                975165.242796: (0, 0, 7.039351),
                976160.74469: (0, 0, 7.039351),
                976160.74669: (0, 0, -33.31063),
                976830.83722: (0, 0, -33.31063),
                976830.83922: (0, 0, -34.215702),
                977435.485878: (0, 0, -34.215702),
                977435.487878: (0, 0, 145.7843),
                978040.134536: (0, 0, 145.7843),
                978040.136536: (0, 0, 146.68936),
                978710.227068: (0, 0, 146.68936),
                978710.229068: (0, 0, -172.96065),
                979705.73096: (0, 0, -172.96065),
                979705.73296: (0, 0, -158.46608),
                980103.494708: (0, 0, -158.46608),
                980103.496708: (0, 0, -158.1986),
                980480.456246: (0, 0, -158.1986),
                980480.458246: (0, 0, 21.801409),
                980857.417782: (0, 0, 21.801409),
                980857.419782: (0, 0, 21.533924),
                981255.18153: (0, 0, 21.533924),
                981255.18353: (0, 0, 7.039351),
                982250.685424: (0, 0, 7.039351),
                982250.687424: (0, 0, -33.31063),
                982920.777954: (0, 0, -33.31063),
                982920.779954: (0, 0, -34.215702),
                983525.426612: (0, 0, -34.215702),
                983525.428612: (0, 0, 145.7843),
                984130.075272: (0, 0, 145.7843),
                984130.077272: (0, 0, 146.68936),
                984800.167802: (0, 0, 146.68936),
                984800.169802: (0, 0, -172.96065),
                985795.671694: (0, 0, -172.96065),
                985795.673694: (0, 0, -158.46608),
                986193.435444: (0, 0, -158.46608),
                986193.437444: (0, 0, -158.1986),
                986570.39698: (0, 0, -158.1986),
                986570.39898: (0, 0, 21.801409),
                986947.358516: (0, 0, 21.801409),
                986947.360516: (0, 0, 21.533924),
                987345.122266: (0, 0, 21.533924),
                987345.124266: (0, 0, 7.039351),
                988340.626158: (0, 0, 7.039351),
                988340.628158: (0, 0, -33.31063),
                989010.718688: (0, 0, -33.31063),
                989010.720688: (0, 0, -34.215702),
                989615.367348: (0, 0, -34.215702),
                989615.369348: (0, 0, 145.7843),
                990220.016006: (0, 0, 145.7843),
                990220.018006: (0, 0, 146.68936),
                990890.108536: (0, 0, 146.68936),
                990890.110536: (0, 0, -172.96065),
                991885.612428: (0, 0, -172.96065),
                991885.614428: (0, 0, -158.46608),
                992283.376178: (0, 0, -158.46608),
                992283.378178: (0, 0, -158.1986),
                992660.337714: (0, 0, -158.1986),
                992660.339714: (0, 0, 21.801409),
                993037.29925: (0, 0, 21.801409),
                993037.30125: (0, 0, 21.533924),
                993435.063: (0, 0, 21.533924),
                993435.065: (0, 0, 7.039351),
                994430.566892: (0, 0, 7.039351),
                994430.568892: (0, 0, -33.31063),
                995100.659424: (0, 0, -33.31063),
                995100.661424: (0, 0, -34.215702),
                995705.308082: (0, 0, -34.215702),
                995705.310082: (0, 0, 145.7843),
                996309.95674: (0, 0, 145.7843),
                996309.95874: (0, 0, 146.68936),
                996980.04927: (0, 0, 146.68936),
                996980.05127: (0, 0, -172.96065),
                997975.553164: (0, 0, -172.96065),
                997975.555164: (0, 0, -158.46608),
                998373.316912: (0, 0, -158.46608),
                998373.318912: (0, 0, -158.1986),
                998750.278448: (0, 0, -158.1986),
                998750.280448: (0, 0, 21.801409),
                999127.239986: (0, 0, 21.801409),
                999127.241986: (0, 0, 21.533924),
                999525.003734: (0, 0, 21.533924),
                999525.005734: (0, 0, 7.039351),
                1000520.507626: (0, 0, 7.039351),
                1000520.509626: (0, 0, -33.31063),
                1001190.600158: (0, 0, -33.31063),
                1001190.602158: (0, 0, -34.215702),
                1001795.248816: (0, 0, -34.215702),
                1001795.250816: (0, 0, 145.7843),
                1002399.897474: (0, 0, 145.7843),
                1002399.899474: (0, 0, 146.68936),
                1003069.990006: (0, 0, 146.68936),
                1003069.992006: (0, 0, -172.96065),
                1004065.493898: (0, 0, -172.96065),
                1004065.495898: (0, 0, -158.46608),
                1004463.257646: (0, 0, -158.46608),
                1004463.259646: (0, 0, -158.1986),
                1004840.219184: (0, 0, -158.1986),
                1004840.221184: (0, 0, 21.801409),
                1005217.18072: (0, 0, 21.801409),
                1005217.18272: (0, 0, 21.533924),
                1005614.944468: (0, 0, 21.533924),
                1005614.946468: (0, 0, 7.039351),
                1006610.448362: (0, 0, 7.039351),
                1006610.450362: (0, 0, -33.31063),
                1007280.540892: (0, 0, -33.31063),
                1007280.542892: (0, 0, -34.215702),
                1007885.18955: (0, 0, -34.215702),
                1007885.19155: (0, 0, 145.7843),
                1008489.838208: (0, 0, 145.7843),
                1008489.840208: (0, 0, 146.68936),
                1009159.93074: (0, 0, 146.68936),
                1009159.93274: (0, 0, -172.96065),
                1010155.434632: (0, 0, -172.96065),
                1010155.436632: (0, 0, -158.46608),
                1010553.198382: (0, 0, -158.46608),
                1010553.200382: (0, 0, -158.1986),
                1010930.159918: (0, 0, -158.1986),
                1010930.161918: (0, 0, 21.801409),
                1011307.121454: (0, 0, 21.801409),
                1011307.123454: (0, 0, 21.533924),
                1011704.885204: (0, 0, 21.533924),
                1011704.887204: (0, 0, 7.039351),
                1012700.389096: (0, 0, 7.039351),
                1012700.391096: (0, 0, -33.31063),
                1013370.481626: (0, 0, -33.31063),
                1013370.483626: (0, 0, -34.215702),
                1013975.130284: (0, 0, -34.215702),
                1013975.132284: (0, 0, 145.7843),
                1014579.778944: (0, 0, 145.7843),
                1014579.780944: (0, 0, 146.68936),
                1015249.871474: (0, 0, 146.68936),
                1015249.873474: (0, 0, -172.96065),
                1016245.375366: (0, 0, -172.96065),
                1016245.377366: (0, 0, -158.46608),
                1016643.139116: (0, 0, -158.46608),
                1016643.141116: (0, 0, -158.1986),
                1017020.100652: (0, 0, -158.1986),
                1017020.102652: (0, 0, 21.801409),
                1017397.062188: (0, 0, 21.801409),
                1017397.064188: (0, 0, 21.533924),
                1017794.825938: (0, 0, 21.533924),
                1017794.827938: (0, 0, 7.039351),
                1018790.32983: (0, 0, 7.039351),
                1018790.33183: (0, 0, -33.31063),
                1019460.422362: (0, 0, -33.31063),
                1019460.424362: (0, 0, -34.215702),
                1020065.07102: (0, 0, -34.215702),
                1020065.07302: (0, 0, 145.7843),
                1020669.719678: (0, 0, 145.7843),
                1020669.721678: (0, 0, 146.68936),
                1021339.812208: (0, 0, 146.68936),
                1021339.814208: (0, 0, -172.96065),
                1022335.316102: (0, 0, -172.96065),
                1022335.318102: (0, 0, -158.46608),
                1022733.07985: (0, 0, -158.46608),
                1022733.08185: (0, 0, -158.1986),
                1023110.041386: (0, 0, -158.1986),
                1023110.043386: (0, 0, 21.801409),
                1023487.002924: (0, 0, 21.801409),
                1023487.004924: (0, 0, 21.533924),
                1023884.766672: (0, 0, 21.533924),
                1023884.768672: (0, 0, 7.039351),
                1024880.270564: (0, 0, 7.039351),
                1024880.272564: (0, 0, -33.31063),
                1025550.363096: (0, 0, -33.31063),
                1025550.365096: (0, 0, -34.215702),
                1026155.011754: (0, 0, -34.215702),
                1026155.013754: (0, 0, 145.7843),
                1026759.660412: (0, 0, 145.7843),
                1026759.662412: (0, 0, 146.68936),
                1027429.752944: (0, 0, 146.68936),
                1027429.754944: (0, 0, -172.96065),
                1028425.256836: (0, 0, -172.96065),
                1028425.258836: (0, 0, -158.46608),
                1028823.020584: (0, 0, -158.46608),
                1028823.022584: (0, 0, -158.1986),
                1029199.982122: (0, 0, -158.1986),
                1029199.984122: (0, 0, 21.801409),
                1029576.943658: (0, 0, 21.801409),
                1029576.945658: (0, 0, 21.533924),
                1029974.707406: (0, 0, 21.533924),
                1029974.709406: (0, 0, 7.039351),
                1030970.2113: (0, 0, 7.039351),
                1030970.2133: (0, 0, -33.31063),
                1031640.30383: (0, 0, -33.31063),
                1031640.30583: (0, 0, -34.215702),
                1032244.952488: (0, 0, -34.215702),
                1032244.954488: (0, 0, 145.7843),
                1032849.601146: (0, 0, 145.7843),
                1032849.603146: (0, 0, 146.68936),
                1033519.693678: (0, 0, 146.68936),
                1033519.695678: (0, 0, -172.96065),
                1034515.19757: (0, 0, -172.96065),
                1034515.19957: (0, 0, -158.46608),
                1034912.961318: (0, 0, -158.46608),
                1034912.963318: (0, 0, -158.1986),
                1035289.922856: (0, 0, -158.1986),
                1035289.924856: (0, 0, 21.801409),
                1035666.884392: (0, 0, 21.801409),
                1035666.886392: (0, 0, 21.533924),
                1036064.64814: (0, 0, 21.533924),
                1036064.65014: (0, 0, 7.039351),
                1037060.152034: (0, 0, 7.039351),
                1037060.154034: (0, 0, -33.31063),
                1037730.244564: (0, 0, -33.31063),
                1037730.246564: (0, 0, -34.215702),
                1038334.893222: (0, 0, -34.215702),
                1038334.895222: (0, 0, 145.7843),
                1038939.541882: (0, 0, 145.7843),
                1038939.543882: (0, 0, 146.68936),
                1039609.634412: (0, 0, 146.68936),
                1039609.636412: (0, 0, -172.96065),
                1040605.138304: (0, 0, -172.96065),
                1040605.140304: (0, 0, -158.46608),
                1041002.902054: (0, 0, -158.46608),
                1041002.904054: (0, 0, -158.1986),
                1041379.86359: (0, 0, -158.1986),
                1041379.86559: (0, 0, 21.801409),
                1041756.825126: (0, 0, 21.801409),
                1041756.827126: (0, 0, 21.533924),
                1042154.588876: (0, 0, 21.533924),
                1042154.590876: (0, 0, 7.039351),
                1043150.092768: (0, 0, 7.039351),
                1043150.094768: (0, 0, -33.31063),
                1043820.185298: (0, 0, -33.31063),
                1043820.187298: (0, 0, -34.215702),
                1044424.833958: (0, 0, -34.215702),
                1044424.835958: (0, 0, 145.7843),
                1045029.482616: (0, 0, 145.7843),
                1045029.484616: (0, 0, 146.68936),
                1045699.575146: (0, 0, 146.68936),
                1045699.577146: (0, 0, -172.96065),
                1046695.079038: (0, 0, -172.96065),
                1046695.081038: (0, 0, -158.46608),
                1047092.842788: (0, 0, -158.46608),
                1047092.844788: (0, 0, -158.1986),
                1047469.804324: (0, 0, -158.1986),
                1047469.806324: (0, 0, 21.801409),
                1047846.76586: (0, 0, 21.801409),
                1047846.76786: (0, 0, 21.533924),
                1048244.52961: (0, 0, 21.533924),
                1048244.53161: (0, 0, 7.039351),
                1049240.033502: (0, 0, 7.039351),
                1049240.035502: (0, 0, -33.31063),
                1049910.126034: (0, 0, -33.31063),
                1049910.128034: (0, 0, -34.215702),
                1050514.774692: (0, 0, -34.215702),
                1050514.776692: (0, 0, 145.7843),
                1051119.42335: (0, 0, 145.7843),
                1051119.42535: (0, 0, 146.68936),
                1051789.51588: (0, 0, 146.68936),
                1051789.51788: (0, 0, -172.96065),
                1052785.019774: (0, 0, -172.96065),
                1052785.021774: (0, 0, -158.46608),
                1053182.783522: (0, 0, -158.46608),
                1053182.785522: (0, 0, -158.1986),
                1053559.745058: (0, 0, -158.1986),
                1053559.747058: (0, 0, 21.801409),
                1053936.706596: (0, 0, 21.801409),
                1053936.708596: (0, 0, 21.533924),
                1054334.470344: (0, 0, 21.533924),
                1054334.472344: (0, 0, 7.039351),
                1055329.974236: (0, 0, 7.039351),
                1055329.976236: (0, 0, -33.31063),
                1056000.066768: (0, 0, -33.31063),
                1056000.068768: (0, 0, -34.215702),
                1056604.715426: (0, 0, -34.215702),
                1056604.717426: (0, 0, 145.7843),
                1057209.364084: (0, 0, 145.7843),
                1057209.366084: (0, 0, 146.68936),
                1057879.456616: (0, 0, 146.68936),
                1057879.458616: (0, 0, -172.96065),
                1058874.960508: (0, 0, -172.96065),
                1058874.962508: (0, 0, -158.46608),
                1059272.724256: (0, 0, -158.46608),
                1059272.726256: (0, 0, -158.1986),
                1059649.685794: (0, 0, -158.1986),
                1059649.687794: (0, 0, 21.801409),
                1060026.64733: (0, 0, 21.801409),
                1060026.64933: (0, 0, 21.533924),
                1060424.411078: (0, 0, 21.533924),
                1060424.413078: (0, 0, 7.039351),
                1061419.914972: (0, 0, 7.039351),
                1061419.916972: (0, 0, -33.31063),
                1062090.007502: (0, 0, -33.31063),
                1062090.009502: (0, 0, -34.215702),
                1062694.65616: (0, 0, -34.215702),
                1062694.65816: (0, 0, 145.7843),
                1063299.304818: (0, 0, 145.7843),
                1063299.306818: (0, 0, 146.68936),
                1063969.39735: (0, 0, 146.68936),
                1063969.39935: (0, 0, -172.96065),
                1064964.901242: (0, 0, -172.96065),
                1064964.903242: (0, 0, -158.46608),
                1065362.664992: (0, 0, -158.46608),
                1065362.666992: (0, 0, -158.1986),
                1065739.626528: (0, 0, -158.1986),
                1065739.628528: (0, 0, 21.801409),
                1066116.588064: (0, 0, 21.801409),
                1066116.590064: (0, 0, 21.533924),
                1066514.351814: (0, 0, 21.533924),
                1066514.353814: (0, 0, 7.039351),
                1067509.855706: (0, 0, 7.039351),
                1067509.857706: (0, 0, -33.31063),
                1068179.948236: (0, 0, -33.31063),
                1068179.950236: (0, 0, -34.215702),
                1068784.596894: (0, 0, -34.215702),
                1068784.598894: (0, 0, 145.7843),
                1069389.245554: (0, 0, 145.7843),
                1069389.247554: (0, 0, 146.68936),
                1070059.338084: (0, 0, 146.68936),
                1070059.340084: (0, 0, -172.96065),
                1071054.841976: (0, 0, -172.96065),
                1071054.843976: (0, 0, -158.46608),
                1071452.605726: (0, 0, -158.46608),
                1071452.607726: (0, 0, -158.1986),
                1071829.567262: (0, 0, -158.1986),
                1071829.569262: (0, 0, 21.801409),
                1072206.528798: (0, 0, 21.801409),
                1072206.530798: (0, 0, 21.533924),
                1072604.292548: (0, 0, 21.533924),
                1072604.294548: (0, 0, 7.039351),
                1073599.79644: (0, 0, 7.039351),
                1073599.79844: (0, 0, -33.31063),
                1074269.888972: (0, 0, -33.31063),
                1074269.890972: (0, 0, -34.215702),
                1074874.53763: (0, 0, -34.215702),
                1074874.53963: (0, 0, 145.7843),
                1075479.186288: (0, 0, 145.7843),
                1075479.188288: (0, 0, 146.68936),
                1076149.278818: (0, 0, 146.68936),
                1076149.280818: (0, 0, -172.96065),
                1077144.782712: (0, 0, -172.96065),
                1077144.784712: (0, 0, -158.46608),
                1077542.54646: (0, 0, -158.46608),
                1077542.54846: (0, 0, -158.1986),
                1077919.507996: (0, 0, -158.1986),
                1077919.509996: (0, 0, 21.801409),
                1078296.469534: (0, 0, 21.801409),
                1078296.471534: (0, 0, 21.533924),
                1078694.233282: (0, 0, 21.533924),
                1078694.235282: (0, 0, 7.039351),
                1079689.737174: (0, 0, 7.039351),
                1079689.739174: (0, 0, -33.31063),
                1080359.829706: (0, 0, -33.31063),
                1080359.831706: (0, 0, -34.215702),
                1080964.478364: (0, 0, -34.215702),
                1080964.480364: (0, 0, 145.7843),
                1081569.127022: (0, 0, 145.7843),
                1081569.129022: (0, 0, 146.68936),
                1082239.219554: (0, 0, 146.68936),
                1082239.221554: (0, 0, -172.96065),
                1083234.723446: (0, 0, -172.96065),
                1083234.725446: (0, 0, -158.46608),
                1083632.487194: (0, 0, -158.46608),
                1083632.489194: (0, 0, -158.1986),
                1084009.448732: (0, 0, -158.1986),
                1084009.450732: (0, 0, 21.801409),
                1084386.410268: (0, 0, 21.801409),
                1084386.412268: (0, 0, 21.533924),
                1084784.174016: (0, 0, 21.533924),
                1084784.176016: (0, 0, 7.039351),
                1085779.67791: (0, 0, 7.039351),
                1085779.67991: (0, 0, -33.31063),
                1086449.77044: (0, 0, -33.31063),
                1086449.77244: (0, 0, -34.215702),
                1087054.419098: (0, 0, -34.215702),
                1087054.421098: (0, 0, 145.7843),
                1087659.067756: (0, 0, 145.7843),
                1087659.069756: (0, 0, 146.68936),
                1088329.160288: (0, 0, 146.68936),
                1088329.162288: (0, 0, -172.96065),
                1089324.66418: (0, 0, -172.96065),
                1089324.66618: (0, 0, -158.46608),
                1089722.427928: (0, 0, -158.46608),
                1089722.429928: (0, 0, -158.1986),
                1090099.389466: (0, 0, -158.1986),
                1090099.391466: (0, 0, 21.801409),
                1090476.351002: (0, 0, 21.801409),
                1090476.353002: (0, 0, 21.533924),
                1090874.11475: (0, 0, 21.533924),
                1090874.11675: (0, 0, 7.039351),
                1091869.618644: (0, 0, 7.039351),
                1091869.620644: (0, 0, -33.31063),
                1092539.711174: (0, 0, -33.31063),
                1092539.713174: (0, 0, -34.215702),
                1093144.359832: (0, 0, -34.215702),
                1093144.361832: (0, 0, 145.7843),
                1093749.008492: (0, 0, 145.7843),
                1093749.010492: (0, 0, 146.68936),
                1094419.101022: (0, 0, 146.68936),
                1094419.103022: (0, 0, -172.96065),
                1095414.604914: (0, 0, -172.96065),
                1095414.606914: (0, 0, -158.46608),
                1095812.368664: (0, 0, -158.46608),
                1095812.370664: (0, 0, -158.1986),
                1096189.3302: (0, 0, -158.1986),
                1096189.3322: (0, 0, 21.801409),
                1096566.291736: (0, 0, 21.801409),
                1096566.293736: (0, 0, 21.533924),
                1096964.055486: (0, 0, 21.533924),
                1096964.057486: (0, 0, 7.039351),
                1097959.559378: (0, 0, 7.039351),
                1097959.561378: (0, 0, -33.31063),
                1098629.651908: (0, 0, -33.31063),
                1098629.653908: (0, 0, -34.215702),
                1099234.300568: (0, 0, -34.215702),
                1099234.302568: (0, 0, 145.7843),
                1099838.949226: (0, 0, 145.7843),
                1099838.951226: (0, 0, 146.68936),
                1100509.041756: (0, 0, 146.68936),
                1100509.043756: (0, 0, -172.96065),
                1101504.545648: (0, 0, -172.96065),
                1101504.547648: (0, 0, -158.46608),
                1101902.309398: (0, 0, -158.46608),
                1101902.311398: (0, 0, -158.1986),
                1102279.270934: (0, 0, -158.1986),
                1102279.272934: (0, 0, 21.801409),
                1102656.23247: (0, 0, 21.801409),
                1102656.23447: (0, 0, 21.533924),
                1103053.99622: (0, 0, 21.533924),
                1103053.99822: (0, 0, 7.039351),
                1104049.500112: (0, 0, 7.039351),
                1104049.502112: (0, 0, -33.31063),
                1104719.592644: (0, 0, -33.31063),
                1104719.594644: (0, 0, -34.215702),
                1105324.241302: (0, 0, -34.215702),
                1105324.243302: (0, 0, 145.7843),
                1105928.88996: (0, 0, 145.7843),
                1105928.89196: (0, 0, 146.68936),
                1106598.98249: (0, 0, 146.68936),
                1106598.98449: (0, 0, -172.96065),
                1107594.486384: (0, 0, -172.96065),
                1107594.488384: (0, 0, -158.46608),
                1107992.250132: (0, 0, -158.46608),
                1107992.252132: (0, 0, -158.1986),
                1108369.211668: (0, 0, -158.1986),
                1108369.213668: (0, 0, 21.801409),
                1108746.173206: (0, 0, 21.801409),
                1108746.175206: (0, 0, 21.533924),
                1109143.936954: (0, 0, 21.533924),
                1109143.938954: (0, 0, 7.039351),
                1110139.440846: (0, 0, 7.039351),
                1110139.442846: (0, 0, -33.31063),
                1110809.533378: (0, 0, -33.31063),
                1110809.535378: (0, 0, -34.215702),
                1111414.182036: (0, 0, -34.215702),
                1111414.184036: (0, 0, 145.7843),
                1112018.830694: (0, 0, 145.7843),
                1112018.832694: (0, 0, 146.68936),
                1112688.923226: (0, 0, 146.68936),
                1112688.925226: (0, 0, -172.96065),
                1113684.427118: (0, 0, -172.96065),
                1113684.429118: (0, 0, -158.46608),
                1114082.190866: (0, 0, -158.46608),
                1114082.192866: (0, 0, -158.1986),
                1114459.152404: (0, 0, -158.1986),
                1114459.154404: (0, 0, 21.801409),
                1114836.11394: (0, 0, 21.801409),
                1114836.11594: (0, 0, 21.533924),
                1115233.877688: (0, 0, 21.533924),
                1115233.879688: (0, 0, 7.039351),
                1116229.381582: (0, 0, 7.039351),
                1116229.383582: (0, 0, -33.31063),
                1116899.474112: (0, 0, -33.31063),
                1116899.476112: (0, 0, -34.215702),
                1117504.12277: (0, 0, -34.215702),
                1117504.12477: (0, 0, 145.7843),
                1118108.771428: (0, 0, 145.7843),
                1118108.773428: (0, 0, 146.68936),
                1118778.86396: (0, 0, 146.68936),
                1118778.86596: (0, 0, -172.96065),
                1119774.367852: (0, 0, -172.96065),
                1119774.369852: (0, 0, -158.46608),
                1120172.131602: (0, 0, -158.46608),
                1120172.133602: (0, 0, -158.1986),
                1120549.093138: (0, 0, -158.1986),
                1120549.095138: (0, 0, 21.801409),
                1120926.054674: (0, 0, 21.801409),
                1120926.056674: (0, 0, 21.533924),
                1121323.818424: (0, 0, 21.533924),
                1121323.820424: (0, 0, 7.039351),
                1122319.322316: (0, 0, 7.039351),
                1122319.324316: (0, 0, -33.31063),
                1122989.414846: (0, 0, -33.31063),
                1122989.416846: (0, 0, -34.215702),
                1123594.063504: (0, 0, -34.215702),
                1123594.065504: (0, 0, 145.7843),
                1124198.712164: (0, 0, 145.7843),
                1124198.714164: (0, 0, 146.68936),
                1124868.804694: (0, 0, 146.68936),
                1124868.806694: (0, 0, -172.96065),
                1125864.308586: (0, 0, -172.96065),
                1125864.310586: (0, 0, -158.46608),
                1126262.072336: (0, 0, -158.46608),
                1126262.074336: (0, 0, -158.1986),
                1126639.033872: (0, 0, -158.1986),
                1126639.035872: (0, 0, 21.801409),
                1127015.995408: (0, 0, 21.801409),
                1127015.997408: (0, 0, 21.533924),
                1127413.759158: (0, 0, 21.533924),
                1127413.761158: (0, 0, 7.039351),
                1128409.26305: (0, 0, 7.039351),
                1128409.26505: (0, 0, -33.31063),
                1129079.355582: (0, 0, -33.31063),
                1129079.357582: (0, 0, -34.215702),
                1129684.00424: (0, 0, -34.215702),
                1129684.00624: (0, 0, 145.7843),
                1130288.652898: (0, 0, 145.7843),
                1130288.654898: (0, 0, 146.68936),
                1130958.745428: (0, 0, 146.68936),
                1130958.747428: (0, 0, -172.96065),
                1131954.249322: (0, 0, -172.96065),
                1131954.251322: (0, 0, -158.46608),
                1132352.01307: (0, 0, -158.46608),
                1132352.01507: (0, 0, -158.1986),
                1132728.974606: (0, 0, -158.1986),
                1132728.976606: (0, 0, 21.801409),
                1133105.936144: (0, 0, 21.801409),
                1133105.938144: (0, 0, 21.533924),
                1133503.699892: (0, 0, 21.533924),
                1133503.701892: (0, 0, 7.039351),
                1134499.203784: (0, 0, 7.039351),
                1134499.205784: (0, 0, -33.31063),
                1135169.296316: (0, 0, -33.31063),
                1135169.298316: (0, 0, -34.215702),
                1135773.944974: (0, 0, -34.215702),
                1135773.946974: (0, 0, 145.7843),
                1136378.593632: (0, 0, 145.7843),
                1136378.595632: (0, 0, 146.68936),
                1137048.686164: (0, 0, 146.68936),
                1137048.688164: (0, 0, -172.96065),
                1138044.190056: (0, 0, -172.96065),
                1138044.192056: (0, 0, -158.46608),
                1138441.953804: (0, 0, -158.46608),
                1138441.955804: (0, 0, -158.1986),
                1138818.915342: (0, 0, -158.1986),
                1138818.917342: (0, 0, 21.801409),
                1139195.876878: (0, 0, 21.801409),
                1139195.878878: (0, 0, 21.533924),
                1139593.640626: (0, 0, 21.533924),
                1139593.642626: (0, 0, 7.039351),
                1140589.14452: (0, 0, 7.039351),
                1140589.14652: (0, 0, -33.31063),
                1141259.23705: (0, 0, -33.31063),
                1141259.23905: (0, 0, -34.215702),
                1141863.885708: (0, 0, -34.215702),
                1141863.887708: (0, 0, 145.7843),
                1142468.534366: (0, 0, 145.7843),
                1142468.536366: (0, 0, 146.68936),
                1143138.626898: (0, 0, 146.68936),
                1143138.628898: (0, 0, -172.96065),
                1144134.13079: (0, 0, -172.96065),
                1144134.13279: (0, 0, -158.46608),
                1144531.894538: (0, 0, -158.46608),
                1144531.896538: (0, 0, -158.1986),
                1144908.856076: (0, 0, -158.1986),
                1144908.858076: (0, 0, 21.801409),
                1145285.817612: (0, 0, 21.801409),
                1145285.819612: (0, 0, 21.533924),
                1145683.58136: (0, 0, 21.533924),
                1145683.58336: (0, 0, 7.039351),
                1146679.085254: (0, 0, 7.039351),
                1146679.087254: (0, 0, -33.31063),
                1147349.177784: (0, 0, -33.31063),
                1147349.179784: (0, 0, -34.215702),
                1147953.826442: (0, 0, -34.215702),
                1147953.828442: (0, 0, 145.7843),
                1148558.475102: (0, 0, 145.7843),
                1148558.477102: (0, 0, 146.68936),
                1149228.567632: (0, 0, 146.68936),
                1149228.569632: (0, 0, -172.96065),
                1150224.071524: (0, 0, -172.96065),
                1150224.073524: (0, 0, -158.46608),
                1150621.835274: (0, 0, -158.46608),
                1150621.837274: (0, 0, -158.1986),
                1150998.79681: (0, 0, -158.1986),
                1150998.79881: (0, 0, 21.801409),
                1151375.758346: (0, 0, 21.801409),
                1151375.760346: (0, 0, 21.533924),
                1151773.522096: (0, 0, 21.533924),
                1151773.524096: (0, 0, 7.039351),
                1152769.025988: (0, 0, 7.039351),
                1152769.027988: (0, 0, -33.31063),
                1153439.118518: (0, 0, -33.31063),
                1153439.120518: (0, 0, -34.215702),
                1154043.767178: (0, 0, -34.215702),
                1154043.769178: (0, 0, 145.7843),
                1154648.415836: (0, 0, 145.7843),
                1154648.417836: (0, 0, 146.68936),
                1155318.508366: (0, 0, 146.68936),
                1155318.510366: (0, 0, -172.96065),
                1156314.012258: (0, 0, -172.96065),
                1156314.014258: (0, 0, -158.46608),
                1156711.776008: (0, 0, -158.46608),
                1156711.778008: (0, 0, -158.1986),
                1157088.737544: (0, 0, -158.1986),
                1157088.739544: (0, 0, 21.801409),
                1157465.69908: (0, 0, 21.801409),
                1157465.70108: (0, 0, 21.533924),
                1157863.46283: (0, 0, 21.533924),
                1157863.46483: (0, 0, 7.039351),
                1158858.966722: (0, 0, 7.039351),
                1158858.968722: (0, 0, -33.31063),
                1159529.059254: (0, 0, -33.31063),
                1159529.061254: (0, 0, -34.215702),
                1160133.707912: (0, 0, -34.215702),
                1160133.709912: (0, 0, 145.7843),
                1160738.35657: (0, 0, 145.7843),
                1160738.35857: (0, 0, 146.68936),
                1161408.4491: (0, 0, 146.68936),
                1161408.4511: (0, 0, -172.96065),
                1162403.952994: (0, 0, -172.96065),
                1162403.954994: (0, 0, -158.46608),
                1162801.716742: (0, 0, -158.46608),
                1162801.718742: (0, 0, -158.1986),
                1163178.678278: (0, 0, -158.1986),
                1163178.680278: (0, 0, 21.801409),
                1163555.639816: (0, 0, 21.801409),
                1163555.641816: (0, 0, 21.533924),
                1163953.403564: (0, 0, 21.533924),
                1163953.405564: (0, 0, 7.039351),
                1164948.907456: (0, 0, 7.039351),
                1164948.909456: (0, 0, -33.31063),
                1165618.999988: (0, 0, -33.31063),
                1165619.001988: (0, 0, -34.215702),
                1166223.648646: (0, 0, -34.215702),
                1166223.650646: (0, 0, 145.7843),
                1166828.297304: (0, 0, 145.7843),
                1166828.299304: (0, 0, 146.68936),
                1167498.389836: (0, 0, 146.68936),
                1167498.391836: (0, 0, -172.96065),
                1168493.893728: (0, 0, -172.96065),
                1168493.895728: (0, 0, -158.46608),
                1168891.657476: (0, 0, -158.46608),
                1168891.659476: (0, 0, -158.1986),
                1169268.619014: (0, 0, -158.1986),
                1169268.621014: (0, 0, 21.801409),
                1169645.58055: (0, 0, 21.801409),
                1169645.58255: (0, 0, 21.533924),
                1170043.344298: (0, 0, 21.533924),
                1170043.346298: (0, 0, 7.039351),
                1171038.848192: (0, 0, 7.039351),
                1171038.850192: (0, 0, -33.31063),
                1171708.940722: (0, 0, -33.31063),
                1171708.942722: (0, 0, -34.215702),
                1172313.58938: (0, 0, -34.215702),
                1172313.59138: (0, 0, 145.7843),
                1172918.238038: (0, 0, 145.7843),
                1172918.240038: (0, 0, 146.68936),
                1173588.33057: (0, 0, 146.68936),
                1173588.33257: (0, 0, -172.96065),
                1174583.834462: (0, 0, -172.96065),
                1174583.836462: (0, 0, -158.46608),
                1174981.598212: (0, 0, -158.46608),
                1174981.600212: (0, 0, -158.1986),
                1175358.559748: (0, 0, -158.1986),
                1175358.561748: (0, 0, 21.801409),
                1175735.521284: (0, 0, 21.801409),
                1175735.523284: (0, 0, 21.533924),
                1176133.285034: (0, 0, 21.533924),
                1176133.287034: (0, 0, 7.039351),
                1177128.788926: (0, 0, 7.039351),
                1177128.790926: (0, 0, -33.31063),
                1177798.881456: (0, 0, -33.31063),
                1177798.883456: (0, 0, -34.215702),
                1178403.530114: (0, 0, -34.215702),
                1178403.532114: (0, 0, 145.7843),
                1179008.178774: (0, 0, 145.7843),
                1179008.180774: (0, 0, 146.68936),
                1179678.271304: (0, 0, 146.68936),
                1179678.273304: (0, 0, -172.96065),
                1180673.775196: (0, 0, -172.96065),
                1180673.777196: (0, 0, -158.46608),
                1181071.538946: (0, 0, -158.46608),
                1181071.540946: (0, 0, -158.1986),
                1181448.500482: (0, 0, -158.1986),
                1181448.502482: (0, 0, 21.801409),
                1181825.462018: (0, 0, 21.801409),
                1181825.464018: (0, 0, 21.533924),
                1182223.225768: (0, 0, 21.533924),
                1182223.227768: (0, 0, 7.039351),
                1183218.72966: (0, 0, 7.039351),
                1183218.73166: (0, 0, -33.31063),
                1183888.822192: (0, 0, -33.31063),
                1183888.824192: (0, 0, -34.215702),
                1184493.47085: (0, 0, -34.215702),
                1184493.47285: (0, 0, 145.7843),
                1185098.119508: (0, 0, 145.7843),
                1185098.121508: (0, 0, 146.68936),
                1185768.212038: (0, 0, 146.68936),
                1185768.214038: (0, 0, -172.96065),
                1186763.715932: (0, 0, -172.96065),
                1186763.717932: (0, 0, -158.46608),
                1187161.47968: (0, 0, -158.46608),
                1187161.48168: (0, 0, -158.1986),
                1187538.441216: (0, 0, -158.1986),
                1187538.443216: (0, 0, 21.801409),
                1187915.402754: (0, 0, 21.801409),
                1187915.404754: (0, 0, 21.533924),
                1188313.166502: (0, 0, 21.533924),
                1188313.168502: (0, 0, 7.039351),
                1189308.670394: (0, 0, 7.039351),
                1189308.672394: (0, 0, -33.31063),
                1189978.762926: (0, 0, -33.31063),
                1189978.764926: (0, 0, -34.215702),
                1190583.411584: (0, 0, -34.215702),
                1190583.413584: (0, 0, 145.7843),
                1191188.060242: (0, 0, 145.7843),
                1191188.062242: (0, 0, 146.68936),
                1191858.152774: (0, 0, 146.68936),
                1191858.154774: (0, 0, -172.96065),
                1192853.656666: (0, 0, -172.96065),
                1192853.658666: (0, 0, -158.46608),
                1193251.420414: (0, 0, -158.46608),
                1193251.422414: (0, 0, -158.1986),
                1193628.381952: (0, 0, -158.1986),
                1193628.383952: (0, 0, 21.801409),
                1194005.343488: (0, 0, 21.801409),
                1194005.345488: (0, 0, 21.533924),
                1194403.107236: (0, 0, 21.533924),
                1194403.109236: (0, 0, 7.039351),
                1195398.61113: (0, 0, 7.039351),
                1195398.61313: (0, 0, -33.31063),
                1196068.70366: (0, 0, -33.31063),
                1196068.70566: (0, 0, -34.215702),
                1196673.352318: (0, 0, -34.215702),
                1196673.354318: (0, 0, 145.7843),
                1197278.000976: (0, 0, 145.7843),
                1197278.002976: (0, 0, 146.68936),
                1197948.093508: (0, 0, 146.68936),
                1197948.095508: (0, 0, -172.96065),
                1198943.5974: (0, 0, -172.96065),
                1198943.5994: (0, 0, -158.46608),
                1199341.361148: (0, 0, -158.46608),
                1199341.363148: (0, 0, -158.1986),
                1199718.322686: (0, 0, -158.1986),
                1199718.324686: (0, 0, 21.801409),
                1200095.284222: (0, 0, 21.801409),
                1200095.286222: (0, 0, 21.533924),
                1200493.04797: (0, 0, 21.533924),
                1200493.04997: (0, 0, 7.039351),
                1201488.551864: (0, 0, 7.039351),
                1201488.553864: (0, 0, -33.31063),
                1202158.644394: (0, 0, -33.31063),
                1202158.646394: (0, 0, -34.215702),
                1202763.293052: (0, 0, -34.215702),
                1202763.295052: (0, 0, 145.7843),
                1203367.94171: (0, 0, 145.7843),
                1203367.94371: (0, 0, 146.68936),
                1204038.034242: (0, 0, 146.68936),
                1204038.036242: (0, 0, -172.96065),
                1205033.538134: (0, 0, -172.96065),
                1205033.540134: (0, 0, -158.46608),
                1205431.301884: (0, 0, -158.46608),
                1205431.303884: (0, 0, -158.1986),
                1205808.26342: (0, 0, -158.1986),
                1205808.26542: (0, 0, 21.801409),
                1206185.224956: (0, 0, 21.801409),
                1206185.226956: (0, 0, 21.533924),
                1206582.988706: (0, 0, 21.533924),
                1206582.990706: (0, 0, 7.039351),
                1207578.492598: (0, 0, 7.039351),
                1207578.494598: (0, 0, -33.31063),
                1208248.585128: (0, 0, -33.31063),
                1208248.587128: (0, 0, -34.215702),
                1208853.233788: (0, 0, -34.215702),
                1208853.235788: (0, 0, 145.7843),
                1209457.882446: (0, 0, 145.7843),
                1209457.884446: (0, 0, 146.68936),
                1210127.974976: (0, 0, 146.68936),
                1210127.976976: (0, 0, -172.96065),
                1211123.478868: (0, 0, -172.96065),
                1211123.480868: (0, 0, -158.46608),
                1211521.242618: (0, 0, -158.46608),
                1211521.244618: (0, 0, -158.1986),
                1211898.204154: (0, 0, -158.1986),
                1211898.206154: (0, 0, 21.801409),
                1212275.16569: (0, 0, 21.801409),
                1212275.16769: (0, 0, 21.533924),
                1212672.92944: (0, 0, 21.533924),
                1212672.93144: (0, 0, 7.039351),
                1213668.433332: (0, 0, 7.039351),
                1213668.435332: (0, 0, -33.31063),
                1214338.525864: (0, 0, -33.31063),
                1214338.527864: (0, 0, -34.215702),
                1214943.174522: (0, 0, -34.215702),
                1214943.176522: (0, 0, 145.7843),
                1215547.82318: (0, 0, 145.7843),
                1215547.82518: (0, 0, 146.68936),
                1216217.91571: (0, 0, 146.68936),
                1216217.91771: (0, 0, -172.96065),
                1217213.419604: (0, 0, -172.96065),
                1217213.421604: (0, 0, -158.46608),
                1217611.183352: (0, 0, -158.46608),
                1217611.185352: (0, 0, -158.1986),
                1217988.144888: (0, 0, -158.1986),
                1217988.146888: (0, 0, 21.801409),
                1218365.106426: (0, 0, 21.801409),
                1218365.108426: (0, 0, 21.533924),
                1218762.870174: (0, 0, 21.533924),
                1218762.872174: (0, 0, 7.039351),
                1219758.374066: (0, 0, 7.039351),
                1219758.376066: (0, 0, -33.31063),
                1220428.466598: (0, 0, -33.31063),
                1220428.468598: (0, 0, -34.215702),
                1221033.115256: (0, 0, -34.215702),
                1221033.117256: (0, 0, 145.7843),
                1221637.763914: (0, 0, 145.7843),
                1221637.765914: (0, 0, 146.68936),
                1222307.856446: (0, 0, 146.68936),
                1222307.858446: (0, 0, -172.96065),
                1223303.360338: (0, 0, -172.96065),
                1223303.362338: (0, 0, -158.46608),
                1223701.124086: (0, 0, -158.46608),
                1223701.126086: (0, 0, -158.1986),
                1224078.085624: (0, 0, -158.1986),
                1224078.087624: (0, 0, 21.801409),
                1224455.04716: (0, 0, 21.801409),
                1224455.04916: (0, 0, 21.533924),
                1224852.810908: (0, 0, 21.533924),
                1224852.812908: (0, 0, 7.039351),
                1225848.314802: (0, 0, 7.039351),
                1225848.316802: (0, 0, -33.31063),
                1226518.407332: (0, 0, -33.31063),
                1226518.409332: (0, 0, -34.215702),
                1227123.05599: (0, 0, -34.215702),
                1227123.05799: (0, 0, 145.7843),
                1227727.704648: (0, 0, 145.7843),
                1227727.706648: (0, 0, 146.68936),
                1228397.79718: (0, 0, 146.68936),
                1228397.79918: (0, 0, -172.96065),
                1229393.301072: (0, 0, -172.96065),
                1229393.303072: (0, 0, -158.46608),
                1229791.064822: (0, 0, -158.46608),
                1229791.066822: (0, 0, -158.1986),
                1230168.026358: (0, 0, -158.1986),
                1230168.028358: (0, 0, 21.801409),
                1230544.987894: (0, 0, 21.801409),
                1230544.989894: (0, 0, 21.533924),
                1230942.751644: (0, 0, 21.533924),
                1230942.753644: (0, 0, 7.039351),
                1231938.255536: (0, 0, 7.039351),
                1231938.257536: (0, 0, -33.31063),
                1232608.348066: (0, 0, -33.31063),
                1232608.350066: (0, 0, -34.215702),
                1233212.996724: (0, 0, -34.215702),
                1233212.998724: (0, 0, 145.7843),
                1233817.645384: (0, 0, 145.7843),
                1233817.647384: (0, 0, 146.68936),
                1234487.737914: (0, 0, 146.68936),
                1234487.739914: (0, 0, -172.96065),
                1235483.241806: (0, 0, -172.96065),
                1235483.243806: (0, 0, -158.46608),
                1235881.005556: (0, 0, -158.46608),
                1235881.007556: (0, 0, -158.1986),
                1236257.967092: (0, 0, -158.1986),
                1236257.969092: (0, 0, 21.801409),
                1236634.928628: (0, 0, 21.801409),
                1236634.930628: (0, 0, 21.533924),
                1237032.692378: (0, 0, 21.533924),
                1237032.694378: (0, 0, 7.039351),
                1238028.19627: (0, 0, 7.039351),
                1238028.19827: (0, 0, -33.31063),
                1238698.288802: (0, 0, -33.31063),
                1238698.290802: (0, 0, -34.215702),
                1239302.93746: (0, 0, -34.215702),
                1239302.93946: (0, 0, 145.7843),
                1239907.586118: (0, 0, 145.7843),
                1239907.588118: (0, 0, 146.68936),
                1240577.678648: (0, 0, 146.68936),
                1240577.680648: (0, 0, -172.96065),
                1241573.182542: (0, 0, -172.96065),
                1241573.184542: (0, 0, -158.46608),
                1241970.94629: (0, 0, -158.46608),
                1241970.94829: (0, 0, -158.1986),
                1242347.907826: (0, 0, -158.1986),
                1242347.909826: (0, 0, 21.801409),
                1242724.869364: (0, 0, 21.801409),
                1242724.871364: (0, 0, 21.533924),
                1243122.633112: (0, 0, 21.533924),
                1243122.635112: (0, 0, 7.039351),
                1244118.137004: (0, 0, 7.039351),
                1244118.139004: (0, 0, -33.31063),
                1244788.229536: (0, 0, -33.31063),
                1244788.231536: (0, 0, -34.215702),
                1245392.878194: (0, 0, -34.215702),
                1245392.880194: (0, 0, 145.7843),
                1245997.526852: (0, 0, 145.7843),
                1245997.528852: (0, 0, 146.68936),
                1246667.619384: (0, 0, 146.68936),
                1246667.621384: (0, 0, -172.96065),
                1247663.123276: (0, 0, -172.96065),
                1247663.125276: (0, 0, -158.46608),
                1248060.887024: (0, 0, -158.46608),
                1248060.889024: (0, 0, -158.1986),
                1248437.848562: (0, 0, -158.1986),
                1248437.850562: (0, 0, 21.801409),
                1248814.810098: (0, 0, 21.801409),
                1248814.812098: (0, 0, 21.533924),
                1249212.573846: (0, 0, 21.533924),
                1249212.575846: (0, 0, 7.039351),
                1250208.07774: (0, 0, 7.039351),
                1250208.07974: (0, 0, -33.31063),
                1250878.17027: (0, 0, -33.31063),
                1250878.17227: (0, 0, -34.215702),
                1251482.818928: (0, 0, -34.215702),
                1251482.820928: (0, 0, 145.7843),
                1252087.467586: (0, 0, 145.7843),
                1252087.469586: (0, 0, 146.68936),
                1252757.560118: (0, 0, 146.68936),
                1252757.562118: (0, 0, -172.96065),
                1253753.06401: (0, 0, -172.96065),
                1253753.06601: (0, 0, -158.46608),
                1254150.827758: (0, 0, -158.46608),
                1254150.829758: (0, 0, -158.1986),
                1254527.789296: (0, 0, -158.1986),
                1254527.791296: (0, 0, 21.801409),
                1254904.750832: (0, 0, 21.801409),
                1254904.752832: (0, 0, 21.533924),
                1255302.51458: (0, 0, 21.533924),
                1255302.51658: (0, 0, 7.039351),
                1256298.018474: (0, 0, 7.039351),
                1256298.020474: (0, 0, -33.31063),
                1256968.111004: (0, 0, -33.31063),
                1256968.113004: (0, 0, -34.215702),
                1257572.759662: (0, 0, -34.215702),
                1257572.761662: (0, 0, 145.7843),
                1258177.40832: (0, 0, 145.7843),
                1258177.41032: (0, 0, 146.68936),
                1258847.500852: (0, 0, 146.68936),
                1258847.502852: (0, 0, -172.96065),
                1259843.004744: (0, 0, -172.96065),
                1259843.006744: (0, 0, -158.46608),
                1260240.768494: (0, 0, -158.46608),
                1260240.770494: (0, 0, -158.1986),
                1260617.73003: (0, 0, -158.1986),
                1260617.73203: (0, 0, 21.801409),
                1260994.691566: (0, 0, 21.801409),
                1260994.693566: (0, 0, 21.533924),
                1261392.455316: (0, 0, 21.533924),
                1261392.457316: (0, 0, 7.039351),
                1262387.959208: (0, 0, 7.039351),
                1262387.961208: (0, 0, -33.31063),
                1263058.051738: (0, 0, -33.31063),
                1263058.053738: (0, 0, -34.215702),
                1263662.700398: (0, 0, -34.215702),
                1263662.702398: (0, 0, 145.7843),
                1264267.349056: (0, 0, 145.7843),
                1264267.351056: (0, 0, 146.68936),
                1264937.441586: (0, 0, 146.68936),
                1264937.443586: (0, 0, -172.96065),
                1265932.945478: (0, 0, -172.96065),
                1265932.947478: (0, 0, -158.46608),
                1266330.709228: (0, 0, -158.46608),
                1266330.711228: (0, 0, -158.1986),
                1266707.670764: (0, 0, -158.1986),
                1266707.672764: (0, 0, 21.801409),
                1267084.6323: (0, 0, 21.801409),
                1267084.6343: (0, 0, 21.533924),
                1267482.39605: (0, 0, 21.533924),
                1267482.39805: (0, 0, 7.039351),
                1268477.899942: (0, 0, 7.039351),
                1268477.901942: (0, 0, -33.31063),
                1269147.992474: (0, 0, -33.31063),
                1269147.994474: (0, 0, -34.215702),
                1269752.641132: (0, 0, -34.215702),
                1269752.643132: (0, 0, 145.7843),
                1270357.28979: (0, 0, 145.7843),
                1270357.29179: (0, 0, 146.68936),
                1271027.38232: (0, 0, 146.68936),
                1271027.38432: (0, 0, -172.96065),
                1272022.886214: (0, 0, -172.96065),
                1272022.888214: (0, 0, -158.46608),
                1272420.649962: (0, 0, -158.46608),
                1272420.651962: (0, 0, -158.1986),
                1272797.611498: (0, 0, -158.1986),
                1272797.613498: (0, 0, 21.801409),
                1273174.573036: (0, 0, 21.801409),
                1273174.575036: (0, 0, 21.533924),
                1273572.336784: (0, 0, 21.533924),
                1273572.338784: (0, 0, 7.039351),
                1274567.840676: (0, 0, 7.039351),
                1274567.842676: (0, 0, -33.31063),
                1275237.933208: (0, 0, -33.31063),
                1275237.935208: (0, 0, -34.215702),
                1275842.581866: (0, 0, -34.215702),
                1275842.583866: (0, 0, 145.7843),
                1276447.230524: (0, 0, 145.7843),
                1276447.232524: (0, 0, 146.68936),
                1277117.323056: (0, 0, 146.68936),
                1277117.325056: (0, 0, -172.96065),
                1278112.826948: (0, 0, -172.96065),
                1278112.828948: (0, 0, -158.46608),
                1278510.590696: (0, 0, -158.46608),
                1278510.592696: (0, 0, -158.1986),
                1278887.552234: (0, 0, -158.1986),
                1278887.554234: (0, 0, 21.801409),
                1279264.51377: (0, 0, 21.801409),
                1279264.51577: (0, 0, 21.533924),
                1279662.277518: (0, 0, 21.533924),
                1279662.279518: (0, 0, 7.039351),
                1280657.781412: (0, 0, 7.039351),
                1280657.783412: (0, 0, -33.31063),
                1281327.873942: (0, 0, -33.31063),
                1281327.875942: (0, 0, -34.215702),
                1281932.5226: (0, 0, -34.215702),
                1281932.5246: (0, 0, 145.7843),
                1282537.171258: (0, 0, 145.7843),
                1282537.173258: (0, 0, 146.68936),
                1283207.26379: (0, 0, 146.68936),
                1283207.26579: (0, 0, -172.96065),
                1284202.767682: (0, 0, -172.96065),
                1284202.769682: (0, 0, -158.46608),
                1284600.531432: (0, 0, -158.46608),
                1284600.533432: (0, 0, -158.1986),
                1284977.492968: (0, 0, -158.1986),
                1284977.494968: (0, 0, 21.801409),
                1285354.454504: (0, 0, 21.801409),
                1285354.456504: (0, 0, 21.533924),
                1285752.218254: (0, 0, 21.533924),
                1285752.220254: (0, 0, 7.039351),
                1286747.722146: (0, 0, 7.039351),
                1286747.724146: (0, 0, -33.31063),
                1287417.814676: (0, 0, -33.31063),
                1287417.816676: (0, 0, -34.215702),
                1288022.463334: (0, 0, -34.215702),
                1288022.465334: (0, 0, 145.7843),
                1288627.111994: (0, 0, 145.7843),
                1288627.113994: (0, 0, 146.68936),
                1289297.204524: (0, 0, 146.68936),
                1289297.206524: (0, 0, -172.96065),
                1290292.708416: (0, 0, -172.96065),
                1290292.710416: (0, 0, -158.46608),
                1290690.472166: (0, 0, -158.46608),
                1290690.474166: (0, 0, -158.1986),
                1291067.433702: (0, 0, -158.1986),
                1291067.435702: (0, 0, 21.801409),
                1291444.395238: (0, 0, 21.801409),
                1291444.397238: (0, 0, 21.533924),
                1291842.158988: (0, 0, 21.533924),
                1291842.160988: (0, 0, 7.039351),
                1292837.66288: (0, 0, 7.039351),
                1292837.66488: (0, 0, -33.31063),
                1293507.755412: (0, 0, -33.31063),
                1293507.757412: (0, 0, -34.215702),
                1294112.40407: (0, 0, -34.215702),
                1294112.40607: (0, 0, 145.7843),
                1294717.052728: (0, 0, 145.7843),
                1294717.054728: (0, 0, 146.68936),
                1295387.145258: (0, 0, 146.68936),
                1295387.147258: (0, 0, -172.96065),
                1296382.649152: (0, 0, -172.96065),
                1296382.651152: (0, 0, -158.46608),
                1296780.4129: (0, 0, -158.46608),
                1296780.4149: (0, 0, -158.1986),
                1297157.374436: (0, 0, -158.1986),
                1297157.376436: (0, 0, 21.801409),
                1297534.335974: (0, 0, 21.801409),
                1297534.337974: (0, 0, 21.533924),
                1297932.099722: (0, 0, 21.533924),
                1297932.101722: (0, 0, 7.039351),
                1298927.603614: (0, 0, 7.039351),
                1298927.605614: (0, 0, -33.31063),
                1299597.696146: (0, 0, -33.31063),
                1299597.698146: (0, 0, -34.215702),
                1300202.344804: (0, 0, -34.215702),
                1300202.346804: (0, 0, 145.7843),
                1300806.993462: (0, 0, 145.7843),
                1300806.995462: (0, 0, 146.68936),
                1301477.085994: (0, 0, 146.68936),
                1301477.087994: (0, 0, -172.96065),
                1302472.589886: (0, 0, -172.96065),
                1302472.591886: (0, 0, -158.46608),
                1302870.353634: (0, 0, -158.46608),
                1302870.355634: (0, 0, -158.1986),
                1303247.315172: (0, 0, -158.1986),
                1303247.317172: (0, 0, 21.801409),
                1303624.276708: (0, 0, 21.801409),
                1303624.278708: (0, 0, 21.533924),
                1304022.040456: (0, 0, 21.533924),
                1304022.042456: (0, 0, 7.039351),
                1305017.544348: (0, 0, 7.039351),
                1305017.546348: (0, 0, -33.31063),
                1305687.63688: (0, 0, -33.31063),
                1305687.63888: (0, 0, -34.215702),
                1306292.285538: (0, 0, -34.215702),
                1306292.287538: (0, 0, 145.7843),
                1306896.934196: (0, 0, 145.7843),
                1306896.936196: (0, 0, 146.68936),
                1307567.026728: (0, 0, 146.68936),
                1307567.028728: (0, 0, -172.96065),
                1308562.53062: (0, 0, -172.96065),
                1308562.53262: (0, 0, -158.46608),
                1308960.294368: (0, 0, -158.46608),
                1308960.296368: (0, 0, -158.1986),
                1309337.255906: (0, 0, -158.1986),
                1309337.257906: (0, 0, 21.801409),
                1309714.217442: (0, 0, 21.801409),
                1309714.219442: (0, 0, 21.533924),
                1310111.98119: (0, 0, 21.533924),
                1310111.98319: (0, 0, 7.039351),
                1311107.485084: (0, 0, 7.039351),
                1311107.487084: (0, 0, -33.31063),
                1311777.577614: (0, 0, -33.31063),
                1311777.579614: (0, 0, -34.215702),
                1312382.226272: (0, 0, -34.215702),
                1312382.228272: (0, 0, 145.7843),
                1312986.87493: (0, 0, 145.7843),
                1312986.87693: (0, 0, 146.68936),
                1313656.967462: (0, 0, 146.68936),
                1313656.969462: (0, 0, -172.96065),
                1314652.471354: (0, 0, -172.96065),
                1314652.473354: (0, 0, -158.46608),
                1315050.235104: (0, 0, -158.46608),
                1315050.237104: (0, 0, -158.1986),
                1315427.19664: (0, 0, -158.1986),
                1315427.19864: (0, 0, 21.801409),
                1315804.158176: (0, 0, 21.801409),
                1315804.160176: (0, 0, 21.533924),
                1316201.921926: (0, 0, 21.533924),
                1316201.923926: (0, 0, 7.039351),
                1317197.425818: (0, 0, 7.039351),
                1317197.427818: (0, 0, -33.31063),
                1317867.518348: (0, 0, -33.31063),
                1317867.520348: (0, 0, -34.215702),
                1318472.167008: (0, 0, -34.215702),
                1318472.169008: (0, 0, 145.7843),
                1319076.815666: (0, 0, 145.7843),
                1319076.817666: (0, 0, 146.68936),
                1319746.908196: (0, 0, 146.68936),
                1319746.910196: (0, 0, -172.96065),
                1320742.412088: (0, 0, -172.96065),
                1320742.414088: (0, 0, -158.46608),
                1321140.175838: (0, 0, -158.46608),
                1321140.177838: (0, 0, -158.1986),
                1321517.137374: (0, 0, -158.1986),
                1321517.139374: (0, 0, 21.801409),
                1321894.09891: (0, 0, 21.801409),
                1321894.10091: (0, 0, 21.533924),
                1322291.86266: (0, 0, 21.533924),
                1322291.86466: (0, 0, 7.039351),
                1323287.366552: (0, 0, 7.039351),
                1323287.368552: (0, 0, -33.31063),
                1323957.459084: (0, 0, -33.31063),
                1323957.461084: (0, 0, -34.215702),
                1324562.107742: (0, 0, -34.215702),
                1324562.109742: (0, 0, 145.7843),
                1325166.7564: (0, 0, 145.7843),
                1325166.7584: (0, 0, 146.68936),
                1325836.84893: (0, 0, 146.68936),
                1325836.85093: (0, 0, -172.96065),
                1326832.352824: (0, 0, -172.96065),
                1326832.354824: (0, 0, -158.46608),
                1327230.116572: (0, 0, -158.46608),
                1327230.118572: (0, 0, -158.1986),
                1327607.078108: (0, 0, -158.1986),
                1327607.080108: (0, 0, 21.801409),
                1327984.039646: (0, 0, 21.801409),
                1327984.041646: (0, 0, 21.533924),
                1328381.803394: (0, 0, 21.533924),
                1328381.805394: (0, 0, 7.039351),
                1329377.307286: (0, 0, 7.039351),
                1329377.309286: (0, 0, -33.31063),
                1330047.399818: (0, 0, -33.31063),
                1330047.401818: (0, 0, -34.215702),
                1330652.048476: (0, 0, -34.215702),
                1330652.050476: (0, 0, 145.7843),
                1331256.697134: (0, 0, 145.7843),
                1331256.699134: (0, 0, 146.68936),
                1331926.789666: (0, 0, 146.68936),
                1331926.791666: (0, 0, -172.96065),
                1332922.293558: (0, 0, -172.96065),
                1332922.295558: (0, 0, -158.46608),
                1333320.057306: (0, 0, -158.46608),
                1333320.059306: (0, 0, -158.1986),
                1333697.018844: (0, 0, -158.1986),
                1333697.020844: (0, 0, 21.801409),
                1334073.98038: (0, 0, 21.801409),
                1334073.98238: (0, 0, 21.533924),
                1334471.744128: (0, 0, 21.533924),
                1334471.746128: (0, 0, 7.039351),
                1335467.248022: (0, 0, 7.039351),
                1335467.250022: (0, 0, -33.31063),
                1336137.340552: (0, 0, -33.31063),
                1336137.342552: (0, 0, -34.215702),
                1336741.98921: (0, 0, -34.215702),
                1336741.99121: (0, 0, 145.7843),
                1337346.637868: (0, 0, 145.7843),
                1337346.639868: (0, 0, 146.68936),
                1338016.7304: (0, 0, 146.68936),
                1338016.7324: (0, 0, -172.96065),
                1339012.234292: (0, 0, -172.96065),
                1339012.236292: (0, 0, -158.46608),
                1339409.998042: (0, 0, -158.46608),
                1339410.000042: (0, 0, -158.1986),
                1339786.959578: (0, 0, -158.1986),
                1339786.961578: (0, 0, 21.801409),
                1340163.921114: (0, 0, 21.801409),
                1340163.923114: (0, 0, 21.533924),
                1340561.684864: (0, 0, 21.533924),
                1340561.686864: (0, 0, 7.039351),
                1341557.188756: (0, 0, 7.039351),
                1341557.190756: (0, 0, -33.31063),
                1342227.281286: (0, 0, -33.31063),
                1342227.283286: (0, 0, -34.215702),
                1342831.929944: (0, 0, -34.215702),
                1342831.931944: (0, 0, 145.7843),
                1343436.578604: (0, 0, 145.7843),
                1343436.580604: (0, 0, 146.68936),
                1344106.671134: (0, 0, 146.68936),
                1344106.673134: (0, 0, -172.96065),
                1345102.175026: (0, 0, -172.96065),
                1345102.177026: (0, 0, -158.46608),
                1345499.938776: (0, 0, -158.46608),
                1345499.940776: (0, 0, -158.1986),
                1345876.900312: (0, 0, -158.1986),
                1345876.902312: (0, 0, 21.801409),
                1346253.861848: (0, 0, 21.801409),
                1346253.863848: (0, 0, 21.533924),
                1346651.625598: (0, 0, 21.533924),
                1346651.627598: (0, 0, 7.039351),
                1347647.12949: (0, 0, 7.039351),
                1347647.13149: (0, 0, -33.31063),
                1348317.222022: (0, 0, -33.31063),
                1348317.224022: (0, 0, -34.215702),
                1348921.87068: (0, 0, -34.215702),
                1348921.87268: (0, 0, 145.7843),
                1349526.519338: (0, 0, 145.7843),
                1349526.521338: (0, 0, 146.68936),
                1350196.611868: (0, 0, 146.68936),
                1350196.613868: (0, 0, -172.96065),
                1351192.115762: (0, 0, -172.96065),
                1351192.117762: (0, 0, -158.46608),
                1351589.87951: (0, 0, -158.46608),
                1351589.88151: (0, 0, -158.1986),
                1351966.841046: (0, 0, -158.1986),
                1351966.843046: (0, 0, 21.801409),
                1352343.802584: (0, 0, 21.801409),
                1352343.804584: (0, 0, 21.533924),
                1352741.566332: (0, 0, 21.533924),
                1352741.568332: (0, 0, 7.039351),
                1353737.070224: (0, 0, 7.039351),
                1353737.072224: (0, 0, -33.31063),
                1354407.162756: (0, 0, -33.31063),
                1354407.164756: (0, 0, -34.215702),
                1355011.811414: (0, 0, -34.215702),
                1355011.813414: (0, 0, 145.7843),
                1355616.460072: (0, 0, 145.7843),
                1355616.462072: (0, 0, 146.68936),
                1356286.552604: (0, 0, 146.68936),
                1356286.554604: (0, 0, -172.96065),
                1357282.056496: (0, 0, -172.96065),
                1357282.058496: (0, 0, -158.46608),
                1357679.820244: (0, 0, -158.46608),
                1357679.822244: (0, 0, -158.1986),
                1358056.781782: (0, 0, -158.1986),
                1358056.783782: (0, 0, 21.801409),
                1358433.743318: (0, 0, 21.801409),
                1358433.745318: (0, 0, 21.533924),
                1358831.507066: (0, 0, 21.533924),
                1358831.509066: (0, 0, 7.039351),
                1359827.010958: (0, 0, 7.039351),
                1359827.012958: (0, 0, -33.31063),
                1360497.10349: (0, 0, -33.31063),
                1360497.10549: (0, 0, -34.215702),
                1361101.752148: (0, 0, -34.215702),
                1361101.754148: (0, 0, 145.7843),
                1361706.400806: (0, 0, 145.7843),
                1361706.402806: (0, 0, 146.68936),
                1362376.493338: (0, 0, 146.68936),
                1362376.495338: (0, 0, -172.96065),
                1363371.99723: (0, 0, -172.96065),
                1363371.99923: (0, 0, -158.46608),
                1363769.760978: (0, 0, -158.46608),
                1363769.762978: (0, 0, -158.1986),
                1364146.722516: (0, 0, -158.1986),
                1364146.724516: (0, 0, 21.801409),
                1364523.684052: (0, 0, 21.801409),
                1364523.686052: (0, 0, 21.533924),
                1364921.4478: (0, 0, 21.533924),
                1364921.4498: (0, 0, 7.039351),
                1365916.951694: (0, 0, 7.039351),
                1365916.953694: (0, 0, -33.31063),
                1366587.044224: (0, 0, -33.31063),
                1366587.046224: (0, 0, -34.215702),
                1367191.692882: (0, 0, -34.215702),
                1367191.694882: (0, 0, 145.7843),
                1367796.34154: (0, 0, 145.7843),
                1367796.34354: (0, 0, 146.68936),
                1368466.434072: (0, 0, 146.68936),
                1368466.436072: (0, 0, -172.96065),
                1369461.937964: (0, 0, -172.96065),
                1369461.939964: (0, 0, -158.46608),
                1369859.701714: (0, 0, -158.46608),
                1369859.703714: (0, 0, -158.1986),
                1370236.66325: (0, 0, -158.1986),
                1370236.66525: (0, 0, 21.801409),
                1370613.624786: (0, 0, 21.801409),
                1370613.626786: (0, 0, 21.533924),
                1371011.388536: (0, 0, 21.533924),
                1371011.390536: (0, 0, 7.039351),
                1372006.892428: (0, 0, 7.039351),
                1372006.894428: (0, 0, -33.31063),
                1372676.984958: (0, 0, -33.31063),
                1372676.986958: (0, 0, -34.215702),
                1373281.633618: (0, 0, -34.215702),
                1373281.635618: (0, 0, 145.7843),
                1373886.282276: (0, 0, 145.7843),
                1373886.284276: (0, 0, 146.68936),
                1374556.374806: (0, 0, 146.68936),
                1374556.376806: (0, 0, -172.96065),
                1375551.878698: (0, 0, -172.96065),
                1375551.880698: (0, 0, -158.46608),
                1375949.642448: (0, 0, -158.46608),
                1375949.644448: (0, 0, -158.1986),
                1376326.603984: (0, 0, -158.1986),
                1376326.605984: (0, 0, 21.801409),
                1376703.56552: (0, 0, 21.801409),
                1376703.56752: (0, 0, 21.533924),
                1377101.32927: (0, 0, 21.533924),
                1377101.33127: (0, 0, 7.039351),
                1378096.833162: (0, 0, 7.039351),
                1378096.835162: (0, 0, -33.31063),
                1378766.925694: (0, 0, -33.31063),
                1378766.927694: (0, 0, -34.215702),
                1379371.574352: (0, 0, -34.215702),
                1379371.576352: (0, 0, 145.7843),
                1379976.22301: (0, 0, 145.7843),
                1379976.22501: (0, 0, 146.68936),
                1380646.31554: (0, 0, 146.68936),
                1380646.31754: (0, 0, -172.96065),
                1381641.819434: (0, 0, -172.96065),
                1381641.821434: (0, 0, -158.46608),
                1382039.583182: (0, 0, -158.46608),
                1382039.585182: (0, 0, -158.1986),
                1382416.544718: (0, 0, -158.1986),
                1382416.546718: (0, 0, 21.801409),
                1382793.506256: (0, 0, 21.801409),
                1382793.508256: (0, 0, 21.533924),
                1383191.270004: (0, 0, 21.533924),
                1383191.272004: (0, 0, 7.039351),
                1384186.773896: (0, 0, 7.039351),
                1384186.775896: (0, 0, -33.31063),
                1384856.866428: (0, 0, -33.31063),
                1384856.868428: (0, 0, -34.215702),
                1385461.515086: (0, 0, -34.215702),
                1385461.517086: (0, 0, 145.7843),
                1386066.163744: (0, 0, 145.7843),
                1386066.165744: (0, 0, 146.68936),
                1386736.256276: (0, 0, 146.68936),
                1386736.258276: (0, 0, -172.96065),
                1387731.760168: (0, 0, -172.96065),
                1387731.762168: (0, 0, -158.46608),
                1388129.523916: (0, 0, -158.46608),
                1388129.525916: (0, 0, -158.1986),
                1388506.485454: (0, 0, -158.1986),
                1388506.487454: (0, 0, 21.801409),
                1388883.44699: (0, 0, 21.801409),
                1388883.44899: (0, 0, 21.533924),
                1389281.210738: (0, 0, 21.533924),
                1389281.212738: (0, 0, 7.039351),
                1390276.714632: (0, 0, 7.039351),
                1390276.716632: (0, 0, -33.31063),
                1390946.807162: (0, 0, -33.31063),
                1390946.809162: (0, 0, -34.215702),
                1391551.45582: (0, 0, -34.215702),
                1391551.45782: (0, 0, 145.7843),
                1392156.104478: (0, 0, 145.7843),
                1392156.106478: (0, 0, 146.68936),
                1392826.19701: (0, 0, 146.68936),
                1392826.19901: (0, 0, -172.96065),
                1393821.700902: (0, 0, -172.96065),
                1393821.702902: (0, 0, -158.46608),
                1394219.464652: (0, 0, -158.46608),
                1394219.466652: (0, 0, -158.1986),
                1394596.426188: (0, 0, -158.1986),
                1394596.428188: (0, 0, 21.801409),
                1394973.387724: (0, 0, 21.801409),
                1394973.389724: (0, 0, 21.533924),
                1395371.151474: (0, 0, 21.533924),
                1395371.153474: (0, 0, 7.039351),
                1396366.655366: (0, 0, 7.039351),
                1396366.657366: (0, 0, -33.31063),
                1397036.747896: (0, 0, -33.31063),
                1397036.749896: (0, 0, -34.215702),
                1397641.396554: (0, 0, -34.215702),
                1397641.398554: (0, 0, 145.7843),
                1398246.045214: (0, 0, 145.7843),
                1398246.047214: (0, 0, 146.68936),
                1398916.137744: (0, 0, 146.68936),
                1398916.139744: (0, 0, -172.96065),
                1399911.641636: (0, 0, -172.96065),
                1399911.643636: (0, 0, -158.46608),
                1400309.405386: (0, 0, -158.46608),
                1400309.407386: (0, 0, -158.1986),
                1400686.366922: (0, 0, -158.1986),
                1400686.368922: (0, 0, 21.801409),
                1401063.328458: (0, 0, 21.801409),
                1401063.330458: (0, 0, 21.533924),
                1401461.092208: (0, 0, 21.533924),
                1401461.094208: (0, 0, 7.039351),
                1402456.5961: (0, 0, 7.039351),
                1402456.5981: (0, 0, -33.31063),
                1403126.688632: (0, 0, -33.31063),
                1403126.690632: (0, 0, -34.215702),
                1403731.33729: (0, 0, -34.215702),
                1403731.33929: (0, 0, 145.7843),
                1404335.985948: (0, 0, 145.7843),
                1404335.987948: (0, 0, 146.68936),
                1405006.078478: (0, 0, 146.68936),
                1405006.080478: (0, 0, -172.96065),
                1406001.582372: (0, 0, -172.96065),
                1406001.584372: (0, 0, -158.46608),
                1406399.34612: (0, 0, -158.46608),
                1406399.34812: (0, 0, -158.1986),
                1406776.307656: (0, 0, -158.1986),
                1406776.309656: (0, 0, 21.801409),
                1407153.269194: (0, 0, 21.801409),
                1407153.271194: (0, 0, 21.533924),
                1407551.032942: (0, 0, 21.533924),
                1407551.034942: (0, 0, 7.039351),
                1408546.536834: (0, 0, 7.039351),
                1408546.538834: (0, 0, -33.31063),
                1409216.629366: (0, 0, -33.31063),
                1409216.631366: (0, 0, -34.215702),
                1409821.278024: (0, 0, -34.215702),
                1409821.280024: (0, 0, 145.7843),
                1410425.926682: (0, 0, 145.7843),
                1410425.928682: (0, 0, 146.68936),
                1411096.019214: (0, 0, 146.68936),
                1411096.021214: (0, 0, -172.96065),
                1412091.523106: (0, 0, -172.96065),
                1412091.525106: (0, 0, -158.46608),
                1412489.286854: (0, 0, -158.46608),
                1412489.288854: (0, 0, -158.1986),
                1412866.248392: (0, 0, -158.1986),
                1412866.250392: (0, 0, 21.801409),
                1413243.209928: (0, 0, 21.801409),
                1413243.211928: (0, 0, 21.533924),
                1413640.973676: (0, 0, 21.533924),
                1413640.975676: (0, 0, 7.039351),
                1414636.477568: (0, 0, 7.039351),
                1414636.479568: (0, 0, -33.31063),
                1415306.5701: (0, 0, -33.31063),
                1415306.5721: (0, 0, -34.215702),
                1415911.218758: (0, 0, -34.215702),
                1415911.220758: (0, 0, 145.7843),
                1416515.867416: (0, 0, 145.7843),
                1416515.869416: (0, 0, 146.68936),
                1417185.959948: (0, 0, 146.68936),
                1417185.961948: (0, 0, -172.96065),
                1418181.46384: (0, 0, -172.96065),
                1418181.46584: (0, 0, -158.46608),
                1418579.227588: (0, 0, -158.46608),
                1418579.229588: (0, 0, -158.1986),
                1418956.189126: (0, 0, -158.1986),
                1418956.191126: (0, 0, 21.801409),
                1419333.150662: (0, 0, 21.801409),
                1419333.152662: (0, 0, 21.533924),
                1419730.91441: (0, 0, 21.533924),
                1419730.91641: (0, 0, 7.039351),
                1420726.418304: (0, 0, 7.039351),
                1420726.420304: (0, 0, -33.31063),
                1421396.510834: (0, 0, -33.31063),
                1421396.512834: (0, 0, -34.215702),
                1422001.159492: (0, 0, -34.215702),
                1422001.161492: (0, 0, 145.7843),
                1422605.80815: (0, 0, 145.7843),
                1422605.81015: (0, 0, 146.68936),
                1423275.900682: (0, 0, 146.68936),
                1423275.902682: (0, 0, -172.96065),
                1424271.404574: (0, 0, -172.96065),
                1424271.406574: (0, 0, -158.46608),
                1424669.168324: (0, 0, -158.46608),
                1424669.170324: (0, 0, -158.1986),
                1425046.12986: (0, 0, -158.1986),
                1425046.13186: (0, 0, 21.801409),
                1425423.091396: (0, 0, 21.801409),
                1425423.093396: (0, 0, 21.533924),
                1425820.855146: (0, 0, 21.533924),
                1425820.857146: (0, 0, 7.039351),
                1426816.359038: (0, 0, 7.039351),
                1426816.361038: (0, 0, -33.31063),
                1427486.451568: (0, 0, -33.31063),
                1427486.453568: (0, 0, -34.215702),
                1428091.100228: (0, 0, -34.215702),
                1428091.102228: (0, 0, 145.7843),
                1428695.748886: (0, 0, 145.7843),
                1428695.750886: (0, 0, 146.68936),
                1429365.841416: (0, 0, 146.68936),
                1429365.843416: (0, 0, -172.96065),
                1430361.345308: (0, 0, -172.96065),
                1430361.347308: (0, 0, -158.46608),
                1430759.109058: (0, 0, -158.46608),
                1430759.111058: (0, 0, -158.1986),
                1431136.070594: (0, 0, -158.1986),
                1431136.072594: (0, 0, 21.801409),
                1431513.03213: (0, 0, 21.801409),
                1431513.03413: (0, 0, 21.533924),
                1431910.79588: (0, 0, 21.533924),
                1431910.79788: (0, 0, 7.039351),
                1432906.299772: (0, 0, 7.039351),
                1432906.301772: (0, 0, -33.31063),
                1433576.392304: (0, 0, -33.31063),
                1433576.394304: (0, 0, -34.215702),
                1434181.040962: (0, 0, -34.215702),
                1434181.042962: (0, 0, 145.7843),
                1434785.68962: (0, 0, 145.7843),
                1434785.69162: (0, 0, 146.68936),
                1435455.78215: (0, 0, 146.68936),
                1435455.78415: (0, 0, -172.96065),
                1436451.286044: (0, 0, -172.96065),
                1436451.288044: (0, 0, -158.46608),
                1436849.049792: (0, 0, -158.46608),
                1436849.051792: (0, 0, -158.1986),
                1437226.011328: (0, 0, -158.1986),
                1437226.013328: (0, 0, 21.801409),
                1437602.972866: (0, 0, 21.801409),
                1437602.974866: (0, 0, 21.533924),
                1438000.736614: (0, 0, 21.533924),
                1438000.738614: (0, 0, 7.039351),
                1438996.240506: (0, 0, 7.039351),
                1438996.242506: (0, 0, -33.31063),
                1439666.333038: (0, 0, -33.31063),
                1439666.335038: (0, 0, -34.215702),
                1440270.981696: (0, 0, -34.215702),
                1440270.983696: (0, 0, 145.7843),
                1440875.630354: (0, 0, 145.7843),
                1440875.632354: (0, 0, 146.68936),
                1441545.722886: (0, 0, 146.68936),
                1441545.724886: (0, 0, -172.96065),
                1442541.226778: (0, 0, -172.96065),
                1442541.228778: (0, 0, -158.46608),
                1442938.990526: (0, 0, -158.46608),
                1442938.992526: (0, 0, -158.1986),
                1443315.952064: (0, 0, -158.1986),
                1443315.954064: (0, 0, 21.801409),
                1443692.9136: (0, 0, 21.801409),
                1443692.9156: (0, 0, 21.533924),
                1444090.677348: (0, 0, 21.533924),
                1444090.679348: (0, 0, 7.039351),
                1445086.181242: (0, 0, 7.039351),
                1445086.183242: (0, 0, -33.31063),
                1445756.273772: (0, 0, -33.31063),
                1445756.275772: (0, 0, -34.215702),
                1446360.92243: (0, 0, -34.215702),
                1446360.92443: (0, 0, 145.7843),
                1446965.571088: (0, 0, 145.7843),
                1446965.573088: (0, 0, 146.68936),
                1447635.66362: (0, 0, 146.68936),
                1447635.66562: (0, 0, -172.96065),
                1448631.167512: (0, 0, -172.96065),
                1448631.169512: (0, 0, -158.46608),
                1449028.931262: (0, 0, -158.46608),
                1449028.933262: (0, 0, -158.1986),
                1449405.892798: (0, 0, -158.1986),
                1449405.894798: (0, 0, 21.801409),
                1449782.854334: (0, 0, 21.801409),
                1449782.856334: (0, 0, 21.533924),
                1450180.618084: (0, 0, 21.533924),
                1450180.620084: (0, 0, 7.039351),
                1451176.121976: (0, 0, 7.039351),
                1451176.123976: (0, 0, -33.31063),
                1451846.214506: (0, 0, -33.31063),
                1451846.216506: (0, 0, -34.215702),
                1452450.863164: (0, 0, -34.215702),
                1452450.865164: (0, 0, 145.7843),
                1453055.511824: (0, 0, 145.7843),
                1453055.513824: (0, 0, 146.68936),
                1453725.604354: (0, 0, 146.68936),
                1453725.606354: (0, 0, -172.96065),
                1454721.108246: (0, 0, -172.96065),
                1454721.110246: (0, 0, -158.46608),
                1455118.871996: (0, 0, -158.46608),
                1455118.873996: (0, 0, -158.1986),
                1455495.833532: (0, 0, -158.1986),
                1455495.835532: (0, 0, 21.801409),
                1455872.795068: (0, 0, 21.801409),
                1455872.797068: (0, 0, 21.533924),
                1456270.558818: (0, 0, 21.533924),
                1456270.560818: (0, 0, 7.039351),
                1457266.06271: (0, 0, 7.039351),
                1457266.06471: (0, 0, -33.31063),
                1457936.155242: (0, 0, -33.31063),
                1457936.157242: (0, 0, -34.215702),
                1458540.8039: (0, 0, -34.215702),
                1458540.8059: (0, 0, 145.7843),
                1459145.452558: (0, 0, 145.7843),
                1459145.454558: (0, 0, 146.68936),
                1459815.545088: (0, 0, 146.68936),
                1459815.547088: (0, 0, -172.96065),
                1460811.048982: (0, 0, -172.96065),
                1460811.050982: (0, 0, -158.46608),
                1461208.81273: (0, 0, -158.46608),
                1461208.81473: (0, 0, -158.1986),
                1461585.774266: (0, 0, -158.1986),
                1461585.776266: (0, 0, 21.801409),
                1461962.735804: (0, 0, 21.801409),
                1461962.737804: (0, 0, 21.533924),
                1462360.499552: (0, 0, 21.533924),
                1462360.501552: (0, 0, 7.039351),
                1463356.003444: (0, 0, 7.039351),
                1463356.005444: (0, 0, -33.31063),
                1464026.095976: (0, 0, -33.31063),
                1464026.097976: (0, 0, -34.215702),
                1464630.744634: (0, 0, -34.215702),
                1464630.746634: (0, 0, 145.7843),
                1465235.393292: (0, 0, 145.7843),
                1465235.395292: (0, 0, 146.68936),
                1465905.485824: (0, 0, 146.68936),
                1465905.487824: (0, 0, -172.96065),
                1466900.989716: (0, 0, -172.96065),
                1466900.991716: (0, 0, -158.46608),
                1467298.753464: (0, 0, -158.46608),
                1467298.755464: (0, 0, -158.1986),
                1467675.715002: (0, 0, -158.1986),
                1467675.717002: (0, 0, 21.801409),
                1468052.676538: (0, 0, 21.801409),
                1468052.678538: (0, 0, 21.533924),
                1468450.440286: (0, 0, 21.533924),
                1468450.442286: (0, 0, 7.039351),
                1469445.944178: (0, 0, 7.039351),
                1469445.946178: (0, 0, -33.31063),
                1470116.03671: (0, 0, -33.31063),
                1470116.03871: (0, 0, -34.215702),
                1470720.685368: (0, 0, -34.215702),
                1470720.687368: (0, 0, 145.7843),
                1471325.334026: (0, 0, 145.7843),
                1471325.336026: (0, 0, 146.68936),
                1471995.426558: (0, 0, 146.68936),
                1471995.428558: (0, 0, -172.96065),
                1472990.93045: (0, 0, -172.96065),
                1472990.93245: (0, 0, -158.46608),
                1473388.694198: (0, 0, -158.46608),
                1473388.696198: (0, 0, -158.1986),
                1473765.655736: (0, 0, -158.1986),
                1473765.657736: (0, 0, 21.801409),
                1474142.617272: (0, 0, 21.801409),
                1474142.619272: (0, 0, 21.533924),
                1474540.38102: (0, 0, 21.533924),
                1474540.38302: (0, 0, 7.039351),
                1475535.884914: (0, 0, 7.039351),
                1475535.886914: (0, 0, -33.31063),
                1476205.977444: (0, 0, -33.31063),
                1476205.979444: (0, 0, -34.215702),
                1476810.626102: (0, 0, -34.215702),
                1476810.628102: (0, 0, 145.7843),
                1477415.27476: (0, 0, 145.7843),
                1477415.27676: (0, 0, 146.68936),
                1478085.367292: (0, 0, 146.68936),
                1478085.369292: (0, 0, -172.96065),
                1479080.871184: (0, 0, -172.96065),
                1479080.873184: (0, 0, -158.46608),
                1479478.634934: (0, 0, -158.46608),
                1479478.636934: (0, 0, -158.1986),
                1479855.59647: (0, 0, -158.1986),
                1479855.59847: (0, 0, 21.801409),
                1480232.558006: (0, 0, 21.801409),
                1480232.560006: (0, 0, 21.533924),
                1480630.321756: (0, 0, 21.533924),
                1480630.323756: (0, 0, 7.039351),
                1481625.825648: (0, 0, 7.039351),
                1481625.827648: (0, 0, -33.31063),
                1482295.918178: (0, 0, -33.31063),
                1482295.920178: (0, 0, -34.215702),
                1482900.566838: (0, 0, -34.215702),
                1482900.568838: (0, 0, 145.7843),
                1483505.215496: (0, 0, 145.7843),
                1483505.217496: (0, 0, 146.68936),
                1484175.308026: (0, 0, 146.68936),
                1484175.310026: (0, 0, -172.96065),
                1485170.811918: (0, 0, -172.96065),
                1485170.813918: (0, 0, -158.46608),
                1485568.575668: (0, 0, -158.46608),
                1485568.577668: (0, 0, -158.1986),
                1485945.537204: (0, 0, -158.1986),
                1485945.539204: (0, 0, 21.801409),
                1486322.49874: (0, 0, 21.801409),
                1486322.50074: (0, 0, 21.533924),
                1486720.26249: (0, 0, 21.533924),
                1486720.26449: (0, 0, 7.039351),
                1487715.766382: (0, 0, 7.039351),
                1487715.768382: (0, 0, -33.31063),
                1488385.858914: (0, 0, -33.31063),
                1488385.860914: (0, 0, -34.215702),
                1488990.507572: (0, 0, -34.215702),
                1488990.509572: (0, 0, 145.7843),
                1489595.15623: (0, 0, 145.7843),
                1489595.15823: (0, 0, 146.68936),
                1490265.24876: (0, 0, 146.68936),
                1490265.25076: (0, 0, -172.96065),
                1491260.752654: (0, 0, -172.96065),
                1491260.754654: (0, 0, -158.46608),
                1491658.516402: (0, 0, -158.46608),
                1491658.518402: (0, 0, -158.1986),
                1492035.477938: (0, 0, -158.1986),
                1492035.479938: (0, 0, 21.801409),
                1492412.439476: (0, 0, 21.801409),
                1492412.441476: (0, 0, 21.533924),
                1492810.203224: (0, 0, 21.533924),
                1492810.205224: (0, 0, 7.039351),
                1493805.707116: (0, 0, 7.039351),
                1493805.709116: (0, 0, -33.31063),
                1494475.799648: (0, 0, -33.31063),
                1494475.801648: (0, 0, -34.215702),
                1495080.448306: (0, 0, -34.215702),
                1495080.450306: (0, 0, 145.7843),
                1495685.096964: (0, 0, 145.7843),
                1495685.098964: (0, 0, 146.68936),
                1496355.189496: (0, 0, 146.68936),
                1496355.191496: (0, 0, -172.96065),
                1497350.693388: (0, 0, -172.96065),
                1497350.695388: (0, 0, -158.46608),
                1497748.457136: (0, 0, -158.46608),
                1497748.459136: (0, 0, -158.1986),
                1498125.418674: (0, 0, -158.1986),
                1498125.420674: (0, 0, 21.801409),
                1498502.38021: (0, 0, 21.801409),
                1498502.38221: (0, 0, 21.533924),
                1498900.143958: (0, 0, 21.533924),
                1498900.145958: (0, 0, 7.039351),
                1499895.647852: (0, 0, 7.039351),
                1499895.649852: (0, 0, -33.31063),
                1500565.740382: (0, 0, -33.31063),
                1500565.742382: (0, 0, -34.215702),
                1501170.38904: (0, 0, -34.215702),
                1501170.39104: (0, 0, 145.7843),
                1501775.037698: (0, 0, 145.7843),
                1501775.039698: (0, 0, 146.68936),
                1502445.13023: (0, 0, 146.68936),
                1502445.13223: (0, 0, -172.96065),
                1503440.634122: (0, 0, -172.96065),
                1503440.636122: (0, 0, -158.46608),
                1503838.397872: (0, 0, -158.46608),
                1503838.399872: (0, 0, -158.1986),
                1504215.359408: (0, 0, -158.1986),
                1504215.361408: (0, 0, 21.801409),
                1504592.320944: (0, 0, 21.801409),
                1504592.322944: (0, 0, 21.533924),
                1504990.084694: (0, 0, 21.533924),
                1504990.086694: (0, 0, 7.039351),
                1505985.588586: (0, 0, 7.039351),
                1505985.590586: (0, 0, -33.31063),
                1506655.681116: (0, 0, -33.31063),
                1506655.683116: (0, 0, -34.215702),
                1507260.329774: (0, 0, -34.215702),
                1507260.331774: (0, 0, 145.7843),
                1507864.978434: (0, 0, 145.7843),
                1507864.980434: (0, 0, 146.68936),
                1508535.070964: (0, 0, 146.68936),
                1508535.072964: (0, 0, -172.96065),
                1509530.574856: (0, 0, -172.96065),
                1509530.576856: (0, 0, -158.46608),
                1509928.338606: (0, 0, -158.46608),
                1509928.340606: (0, 0, -158.1986),
                1510305.300142: (0, 0, -158.1986),
                1510305.302142: (0, 0, 21.801409),
                1510682.261678: (0, 0, 21.801409),
                1510682.263678: (0, 0, 21.533924),
                1511080.025428: (0, 0, 21.533924),
                1511080.027428: (0, 0, 7.039351),
                1512075.52932: (0, 0, 7.039351),
                1512075.53132: (0, 0, -33.31063),
                1512745.621852: (0, 0, -33.31063),
                1512745.623852: (0, 0, -34.215702),
                1513350.27051: (0, 0, -34.215702),
                1513350.27251: (0, 0, 145.7843),
                1513954.919168: (0, 0, 145.7843),
                1513954.921168: (0, 0, 146.68936),
                1514625.011698: (0, 0, 146.68936),
                1514625.013698: (0, 0, -172.96065),
                1515620.515592: (0, 0, -172.96065),
                1515620.517592: (0, 0, -158.46608),
                1516018.27934: (0, 0, -158.46608),
                1516018.28134: (0, 0, -158.1986),
                1516395.240876: (0, 0, -158.1986),
                1516395.242876: (0, 0, 21.801409),
                1516772.202414: (0, 0, 21.801409),
                1516772.204414: (0, 0, 21.533924),
                1517169.966162: (0, 0, 21.533924),
                1517169.968162: (0, 0, 7.039351),
                1518165.470054: (0, 0, 7.039351),
                1518165.472054: (0, 0, -33.31063),
                1518835.562586: (0, 0, -33.31063),
                1518835.564586: (0, 0, -34.215702),
                1519440.211244: (0, 0, -34.215702),
                1519440.213244: (0, 0, 145.7843),
                1520044.859902: (0, 0, 145.7843),
                1520044.861902: (0, 0, 146.68936),
                1520714.952434: (0, 0, 146.68936),
                1520714.954434: (0, 0, -172.96065),
                1521710.456326: (0, 0, -172.96065),
                1521710.458326: (0, 0, -158.46608),
                1522108.220074: (0, 0, -158.46608),
                1522108.222074: (0, 0, -158.1986),
                1522485.181612: (0, 0, -158.1986),
                1522485.183612: (0, 0, 21.801409),
                1522862.143148: (0, 0, 21.801409),
                1522862.145148: (0, 0, 21.533924),
                1523259.906896: (0, 0, 21.533924),
                1523259.908896: (0, 0, 7.039351),
                1524255.410788: (0, 0, 7.039351),
                1524255.412788: (0, 0, -33.31063),
                1524925.50332: (0, 0, -33.31063),
                1524925.50532: (0, 0, -34.215702),
                1525530.151978: (0, 0, -34.215702),
                1525530.153978: (0, 0, 145.7843),
                1526134.800636: (0, 0, 145.7843),
                1526134.802636: (0, 0, 146.68936),
                1526804.893168: (0, 0, 146.68936),
                1526804.895168: (0, 0, -172.96065),
                1527800.39706: (0, 0, -172.96065),
                1527800.39906: (0, 0, -158.46608),
                1528198.160808: (0, 0, -158.46608),
                1528198.162808: (0, 0, -158.1986),
                1528575.122346: (0, 0, -158.1986),
                1528575.124346: (0, 0, 21.801409),
                1528952.083882: (0, 0, 21.801409),
                1528952.085882: (0, 0, 21.533924),
                1529349.84763: (0, 0, 21.533924),
                1529349.84963: (0, 0, 7.039351),
                1530345.351524: (0, 0, 7.039351),
                1530345.353524: (0, 0, -33.31063),
                1531015.444054: (0, 0, -33.31063),
                1531015.446054: (0, 0, -34.215702),
                1531620.092712: (0, 0, -34.215702),
                1531620.094712: (0, 0, 145.7843),
                1532224.74137: (0, 0, 145.7843),
                1532224.74337: (0, 0, 146.68936),
                1532894.833902: (0, 0, 146.68936),
                1532894.835902: (0, 0, -172.96065),
                1533890.337794: (0, 0, -172.96065),
                1533890.339794: (0, 0, -158.46608),
                1534288.101544: (0, 0, -158.46608),
                1534288.103544: (0, 0, -158.1986),
                1534665.06308: (0, 0, -158.1986),
                1534665.06508: (0, 0, 21.801409),
                1535042.024616: (0, 0, 21.801409),
                1535042.026616: (0, 0, 21.533924),
                1535439.788366: (0, 0, 21.533924),
                1535439.790366: (0, 0, 7.039351),
                1536435.292258: (0, 0, 7.039351),
                1536435.294258: (0, 0, -33.31063),
                1537105.384788: (0, 0, -33.31063),
                1537105.386788: (0, 0, -34.215702),
                1537710.033448: (0, 0, -34.215702),
                1537710.035448: (0, 0, 145.7843),
                1538314.682106: (0, 0, 145.7843),
                1538314.684106: (0, 0, 146.68936),
                1538984.774636: (0, 0, 146.68936),
                1538984.776636: (0, 0, -172.96065),
                1539980.278528: (0, 0, -172.96065),
                1539980.280528: (0, 0, -158.46608),
                1540378.042278: (0, 0, -158.46608),
                1540378.044278: (0, 0, -158.1986),
                1540755.003814: (0, 0, -158.1986),
                1540755.005814: (0, 0, 21.801409),
                1541131.96535: (0, 0, 21.801409),
                1541131.96735: (0, 0, 21.533924),
                1541529.7291: (0, 0, 21.533924),
                1541529.7311: (0, 0, 7.039351),
                1542525.232992: (0, 0, 7.039351),
                1542525.234992: (0, 0, -33.31063),
                1543195.325524: (0, 0, -33.31063),
                1543195.327524: (0, 0, -34.215702),
                1543799.974182: (0, 0, -34.215702),
                1543799.976182: (0, 0, 145.7843),
                1544404.62284: (0, 0, 145.7843),
                1544404.62484: (0, 0, 146.68936),
                1545074.71537: (0, 0, 146.68936),
                1545074.71737: (0, 0, -172.96065),
                1546070.219264: (0, 0, -172.96065),
                1546070.221264: (0, 0, -158.46608),
                1546467.983012: (0, 0, -158.46608),
                1546467.985012: (0, 0, -158.1986),
                1546844.944548: (0, 0, -158.1986),
                1546844.946548: (0, 0, 21.801409),
                1547221.906086: (0, 0, 21.801409),
                1547221.908086: (0, 0, 21.533924),
                1547619.669834: (0, 0, 21.533924),
                1547619.671834: (0, 0, 7.039351),
                1548615.173726: (0, 0, 7.039351),
                1548615.175726: (0, 0, -33.31063),
                1549285.266258: (0, 0, -33.31063),
                1549285.268258: (0, 0, -34.215702),
                1549889.914916: (0, 0, -34.215702),
                1549889.916916: (0, 0, 145.7843),
                1550494.563574: (0, 0, 145.7843),
                1550494.565574: (0, 0, 146.68936),
                1551164.656106: (0, 0, 146.68936),
                1551164.658106: (0, 0, -172.96065),
                1552160.159998: (0, 0, -172.96065),
                1552160.161998: (0, 0, -158.46608),
                1552557.923746: (0, 0, -158.46608),
                1552557.925746: (0, 0, -158.1986),
                1552934.885284: (0, 0, -158.1986),
                1552934.887284: (0, 0, 21.801409),
                1553311.84682: (0, 0, 21.801409),
                1553311.84882: (0, 0, 21.533924),
                1553709.610568: (0, 0, 21.533924),
                1553709.612568: (0, 0, 7.039351),
                1554705.114462: (0, 0, 7.039351),
                1554705.116462: (0, 0, -33.31063),
                1555375.206992: (0, 0, -33.31063),
                1555375.208992: (0, 0, -34.215702),
                1555979.85565: (0, 0, -34.215702),
                1555979.85765: (0, 0, 145.7843),
                1556584.504308: (0, 0, 145.7843),
                1556584.506308: (0, 0, 146.68936),
                1557254.59684: (0, 0, 146.68936),
                1557254.59884: (0, 0, -172.96065),
                1558250.100732: (0, 0, -172.96065),
                1558250.102732: (0, 0, -158.46608),
                1558647.864482: (0, 0, -158.46608),
                1558647.866482: (0, 0, -158.1986),
                1559024.826018: (0, 0, -158.1986),
                1559024.828018: (0, 0, 21.801409),
                1559401.787554: (0, 0, 21.801409),
                1559401.789554: (0, 0, 21.533924),
                1559799.551304: (0, 0, 21.533924),
                1559799.553304: (0, 0, 7.039351),
                1560795.055196: (0, 0, 7.039351),
                1560795.057196: (0, 0, -33.31063),
                1561465.147726: (0, 0, -33.31063),
                1561465.149726: (0, 0, -34.215702),
                1562069.796384: (0, 0, -34.215702),
                1562069.798384: (0, 0, 145.7843),
                1562674.445044: (0, 0, 145.7843),
                1562674.447044: (0, 0, 146.68936),
                1563344.537574: (0, 0, 146.68936),
                1563344.539574: (0, 0, -172.96065),
                1564340.041466: (0, 0, -172.96065),
                1564340.043466: (0, 0, -158.46608),
                1564737.805216: (0, 0, -158.46608),
                1564737.807216: (0, 0, -158.1986),
                1565114.766752: (0, 0, -158.1986),
                1565114.768752: (0, 0, 21.801409),
                1565491.728288: (0, 0, 21.801409),
                1565491.730288: (0, 0, 21.533924),
                1565889.492038: (0, 0, 21.533924),
                1565889.494038: (0, 0, 7.039351),
                1566884.99593: (0, 0, 7.039351),
                1566884.99793: (0, 0, -33.31063),
                1567555.088462: (0, 0, -33.31063),
                1567555.090462: (0, 0, -34.215702),
                1568159.73712: (0, 0, -34.215702),
                1568159.73912: (0, 0, 145.7843),
                1568764.385778: (0, 0, 145.7843),
                1568764.387778: (0, 0, 146.68936),
                1569434.478308: (0, 0, 146.68936),
                1569434.480308: (0, 0, -172.96065),
                1570429.982202: (0, 0, -172.96065),
                1570429.984202: (0, 0, -158.46608),
                1570827.74595: (0, 0, -158.46608),
                1570827.74795: (0, 0, -158.1986),
                1571204.707486: (0, 0, -158.1986),
                1571204.709486: (0, 0, 21.801409),
                1571581.669024: (0, 0, 21.801409),
                1571581.671024: (0, 0, 21.533924),
                1571979.432772: (0, 0, 21.533924),
                1571979.434772: (0, 0, 7.039351),
                1572974.936664: (0, 0, 7.039351),
                1572974.938664: (0, 0, -33.31063),
                1573645.029196: (0, 0, -33.31063),
                1573645.031196: (0, 0, -34.215702),
                1574249.677854: (0, 0, -34.215702),
                1574249.679854: (0, 0, 145.7843),
                1574854.326512: (0, 0, 145.7843),
                1574854.328512: (0, 0, 146.68936),
                1575524.419044: (0, 0, 146.68936),
                1575524.421044: (0, 0, -172.96065),
                1576519.922936: (0, 0, -172.96065),
                1576519.924936: (0, 0, -158.46608),
                1576917.686684: (0, 0, -158.46608),
                1576917.688684: (0, 0, -158.1986),
                1577294.648222: (0, 0, -158.1986),
                1577294.650222: (0, 0, 21.801409),
                1577671.609758: (0, 0, 21.801409),
                1577671.611758: (0, 0, 21.533924),
                1578069.373506: (0, 0, 21.533924),
                1578069.375506: (0, 0, 7.039351),
                1579064.877398: (0, 0, 7.039351),
                1579064.879398: (0, 0, -33.31063),
                1579734.96993: (0, 0, -33.31063),
                1579734.97193: (0, 0, -34.215702),
                1580339.618588: (0, 0, -34.215702),
                1580339.620588: (0, 0, 145.7843),
                1580944.267246: (0, 0, 145.7843),
                1580944.269246: (0, 0, 146.68936),
                1581614.359778: (0, 0, 146.68936),
                1581614.361778: (0, 0, -172.96065),
                1582609.86367: (0, 0, -172.96065),
                1582609.86567: (0, 0, -158.46608),
                1583007.627418: (0, 0, -158.46608),
                1583007.629418: (0, 0, -158.1986),
                1583384.588956: (0, 0, -158.1986),
                1583384.590956: (0, 0, 21.801409),
                1583761.550492: (0, 0, 21.801409),
                1583761.552492: (0, 0, 21.533924),
                1584159.31424: (0, 0, 21.533924),
                1584159.31624: (0, 0, 7.039351),
                1585154.818134: (0, 0, 7.039351),
                1585154.820134: (0, 0, -33.31063),
                1585824.910664: (0, 0, -33.31063),
                1585824.912664: (0, 0, -34.215702),
                1586429.559322: (0, 0, -34.215702),
                1586429.561322: (0, 0, 145.7843),
                1587034.20798: (0, 0, 145.7843),
                1587034.20998: (0, 0, 146.68936),
                1587704.300512: (0, 0, 146.68936),
                1587704.302512: (0, 0, -172.96065),
                1588699.804404: (0, 0, -172.96065),
                1588699.806404: (0, 0, -158.46608),
                1589097.568154: (0, 0, -158.46608),
                1589097.570154: (0, 0, -158.1986),
                1589474.52969: (0, 0, -158.1986),
                1589474.53169: (0, 0, 21.801409),
                1589851.491226: (0, 0, 21.801409),
                1589851.493226: (0, 0, 21.533924),
                1590249.254976: (0, 0, 21.533924),
                1590249.256976: (0, 0, 7.039351),
                1591244.758868: (0, 0, 7.039351),
                1591244.760868: (0, 0, -33.31063),
                1591914.851398: (0, 0, -33.31063),
                1591914.853398: (0, 0, -34.215702),
                1592519.500058: (0, 0, -34.215702),
                1592519.502058: (0, 0, 145.7843),
                1593124.148716: (0, 0, 145.7843),
                1593124.150716: (0, 0, 146.68936),
                1593794.241246: (0, 0, 146.68936),
                1593794.243246: (0, 0, -172.96065),
                1594789.745138: (0, 0, -172.96065),
                1594789.747138: (0, 0, -158.46608),
                1595187.508888: (0, 0, -158.46608),
                1595187.510888: (0, 0, -158.1986),
                1595564.470424: (0, 0, -158.1986),
                1595564.472424: (0, 0, 21.801409),
                1595941.43196: (0, 0, 21.801409),
                1595941.43396: (0, 0, 21.533924),
                1596339.19571: (0, 0, 21.533924),
                1596339.19771: (0, 0, 7.039351),
                1597334.699602: (0, 0, 7.039351),
                1597334.701602: (0, 0, -33.31063),
                1598004.792134: (0, 0, -33.31063),
                1598004.794134: (0, 0, -34.215702),
                1598609.440792: (0, 0, -34.215702),
                1598609.442792: (0, 0, 145.7843),
                1599214.08945: (0, 0, 145.7843),
                1599214.09145: (0, 0, 146.68936),
                1599884.18198: (0, 0, 146.68936),
                1599884.18398: (0, 0, -172.96065),
                1600879.685874: (0, 0, -172.96065),
                1600879.687874: (0, 0, -158.46608),
                1601277.449622: (0, 0, -158.46608),
                1601277.451622: (0, 0, -158.1986),
                1601654.411158: (0, 0, -158.1986),
                1601654.413158: (0, 0, 21.801409),
                1602031.372696: (0, 0, 21.801409),
                1602031.374696: (0, 0, 21.533924),
                1602429.136444: (0, 0, 21.533924),
                1602429.138444: (0, 0, 7.039351),
                1603424.640336: (0, 0, 7.039351),
                1603424.642336: (0, 0, -33.31063),
                1604094.732868: (0, 0, -33.31063),
                1604094.734868: (0, 0, -34.215702),
                1604699.381526: (0, 0, -34.215702),
                1604699.383526: (0, 0, 145.7843),
                1605304.030184: (0, 0, 145.7843),
                1605304.032184: (0, 0, 146.68936),
                1605974.122716: (0, 0, 146.68936),
                1605974.124716: (0, 0, -172.96065),
                1606969.626608: (0, 0, -172.96065),
                1606969.628608: (0, 0, -158.46608),
                1607367.390356: (0, 0, -158.46608),
                1607367.392356: (0, 0, -158.1986),
                1607744.351894: (0, 0, -158.1986),
                1607744.353894: (0, 0, 21.801409),
                1608121.31343: (0, 0, 21.801409),
                1608121.31543: (0, 0, 21.533924),
                1608519.077178: (0, 0, 21.533924),
                1608519.079178: (0, 0, 7.039351),
                1609514.581072: (0, 0, 7.039351),
                1609514.583072: (0, 0, -33.31063),
                1610184.673602: (0, 0, -33.31063),
                1610184.675602: (0, 0, -34.215702),
                1610789.32226: (0, 0, -34.215702),
                1610789.32426: (0, 0, 145.7843),
                1611393.970918: (0, 0, 145.7843),
                1611393.972918: (0, 0, 146.68936),
                1612064.06345: (0, 0, 146.68936),
                1612064.06545: (0, 0, -172.96065),
                1613059.567342: (0, 0, -172.96065),
                1613059.569342: (0, 0, -158.46608),
                1613457.331092: (0, 0, -158.46608),
                1613457.333092: (0, 0, -158.1986),
                1613834.292628: (0, 0, -158.1986),
                1613834.294628: (0, 0, 21.801409),
                1614211.254164: (0, 0, 21.801409),
                1614211.256164: (0, 0, 21.533924),
                1614609.017914: (0, 0, 21.533924),
                1614609.019914: (0, 0, 7.039351),
                1615604.521806: (0, 0, 7.039351),
                1615604.523806: (0, 0, -33.31063),
                1616274.614336: (0, 0, -33.31063),
                1616274.616336: (0, 0, -34.215702),
                1616879.262994: (0, 0, -34.215702),
                1616879.264994: (0, 0, 145.7843),
                1617483.911654: (0, 0, 145.7843),
                1617483.913654: (0, 0, 146.68936),
                1618154.004184: (0, 0, 146.68936),
                1618154.006184: (0, 0, -172.96065),
                1619149.508076: (0, 0, -172.96065),
                1619149.510076: (0, 0, -158.46608),
                1619547.271826: (0, 0, -158.46608),
                1619547.273826: (0, 0, -158.1986),
                1619924.233362: (0, 0, -158.1986),
                1619924.235362: (0, 0, 21.801409),
                1620301.194898: (0, 0, 21.801409),
                1620301.196898: (0, 0, 21.533924),
                1620698.958648: (0, 0, 21.533924),
                1620698.960648: (0, 0, 7.039351),
                1621694.46254: (0, 0, 7.039351),
                1621694.46454: (0, 0, -33.31063),
                1622364.555072: (0, 0, -33.31063),
                1622364.557072: (0, 0, -34.215702),
                1622969.20373: (0, 0, -34.215702),
                1622969.20573: (0, 0, 145.7843),
                1623573.852388: (0, 0, 145.7843),
                1623573.854388: (0, 0, 146.68936),
                1624243.944918: (0, 0, 146.68936),
                1624243.946918: (0, 0, -172.96065),
                1625239.448812: (0, 0, -172.96065),
                1625239.450812: (0, 0, -158.46608),
                1625637.21256: (0, 0, -158.46608),
                1625637.21456: (0, 0, -158.1986),
                1626014.174096: (0, 0, -158.1986),
                1626014.176096: (0, 0, 21.801409),
                1626391.135634: (0, 0, 21.801409),
                1626391.137634: (0, 0, 21.533924),
                1626788.899382: (0, 0, 21.533924),
                1626788.901382: (0, 0, 7.039351),
                1627784.403274: (0, 0, 7.039351),
                1627784.405274: (0, 0, -33.31063),
                1628454.495806: (0, 0, -33.31063),
                1628454.497806: (0, 0, -34.215702),
                1629059.144464: (0, 0, -34.215702),
                1629059.146464: (0, 0, 145.7843),
                1629663.793122: (0, 0, 145.7843),
                1629663.795122: (0, 0, 146.68936),
                1630333.885654: (0, 0, 146.68936),
                1630333.887654: (0, 0, -172.96065),
                1631329.389546: (0, 0, -172.96065),
                1631329.391546: (0, 0, -158.46608),
                1631727.153294: (0, 0, -158.46608),
                1631727.155294: (0, 0, -158.1986),
                1632104.114832: (0, 0, -158.1986),
                1632104.116832: (0, 0, 21.801409),
                1632481.076368: (0, 0, 21.801409),
                1632481.078368: (0, 0, 21.533924),
                1632878.840116: (0, 0, 21.533924),
                1632878.842116: (0, 0, 7.039351),
                1633874.344008: (0, 0, 7.039351),
                1633874.346008: (0, 0, -33.31063),
                1634544.43654: (0, 0, -33.31063),
                1634544.43854: (0, 0, -34.215702),
                1635149.085198: (0, 0, -34.215702),
                1635149.087198: (0, 0, 145.7843),
                1635753.733856: (0, 0, 145.7843),
                1635753.735856: (0, 0, 146.68936),
                1636423.826388: (0, 0, 146.68936),
                1636423.828388: (0, 0, -172.96065),
                1637419.33028: (0, 0, -172.96065),
                1637419.33228: (0, 0, -158.46608),
                1637817.094028: (0, 0, -158.46608),
                1637817.096028: (0, 0, -158.1986),
                1638194.055566: (0, 0, -158.1986),
                1638194.057566: (0, 0, 21.801409),
                1638571.017102: (0, 0, 21.801409),
                1638571.019102: (0, 0, 21.533924),
                1638968.78085: (0, 0, 21.533924),
                1638968.78285: (0, 0, 7.039351),
                1639964.284744: (0, 0, 7.039351),
                1639964.286744: (0, 0, -33.31063),
                1640634.377274: (0, 0, -33.31063),
                1640634.379274: (0, 0, -34.215702),
                1641239.025932: (0, 0, -34.215702),
                1641239.027932: (0, 0, 145.7843),
                1641843.67459: (0, 0, 145.7843),
                1641843.67659: (0, 0, 146.68936),
                1642513.767122: (0, 0, 146.68936),
                1642513.769122: (0, 0, -172.96065),
                1643509.271014: (0, 0, -172.96065),
                1643509.273014: (0, 0, -158.46608),
                1643907.034764: (0, 0, -158.46608),
                1643907.036764: (0, 0, -158.1986),
                1644283.9963: (0, 0, -158.1986),
                1644283.9983: (0, 0, 21.801409),
                1644660.957836: (0, 0, 21.801409),
                1644660.959836: (0, 0, 21.533924),
                1645058.721586: (0, 0, 21.533924),
                1645058.723586: (0, 0, 7.039351),
                1646054.225478: (0, 0, 7.039351),
                1646054.227478: (0, 0, -33.31063),
                1646724.318008: (0, 0, -33.31063),
                1646724.320008: (0, 0, -34.215702),
                1647328.966668: (0, 0, -34.215702),
                1647328.968668: (0, 0, 145.7843),
                1647933.615326: (0, 0, 145.7843),
                1647933.617326: (0, 0, 146.68936),
                1648603.707856: (0, 0, 146.68936),
                1648603.709856: (0, 0, -172.96065),
                1649599.211748: (0, 0, -172.96065),
                1649599.213748: (0, 0, -158.46608),
                1649996.975498: (0, 0, -158.46608),
                1649996.977498: (0, 0, -158.1986),
                1650373.937034: (0, 0, -158.1986),
                1650373.939034: (0, 0, 21.801409),
                1650750.89857: (0, 0, 21.801409),
                1650750.90057: (0, 0, 21.533924),
                1651148.66232: (0, 0, 21.533924),
                1651148.66432: (0, 0, 7.039351),
                1652144.166212: (0, 0, 7.039351),
                1652144.168212: (0, 0, -33.31063),
                1652814.258744: (0, 0, -33.31063),
                1652814.260744: (0, 0, -34.215702),
                1653418.907402: (0, 0, -34.215702),
                1653418.909402: (0, 0, 145.7843),
                1654023.55606: (0, 0, 145.7843),
                1654023.55806: (0, 0, 146.68936),
                1654693.64859: (0, 0, 146.68936),
                1654693.65059: (0, 0, -172.96065),
                1655689.152484: (0, 0, -172.96065),
                1655689.154484: (0, 0, -158.46608),
                1656086.916232: (0, 0, -158.46608),
                1656086.918232: (0, 0, -158.1986),
                1656463.877768: (0, 0, -158.1986),
                1656463.879768: (0, 0, 21.801409),
                1656840.839306: (0, 0, 21.801409),
                1656840.841306: (0, 0, 21.533924),
                1657238.603054: (0, 0, 21.533924),
                1657238.605054: (0, 0, 7.039351),
                1658234.106946: (0, 0, 7.039351),
                1658234.108946: (0, 0, -33.31063),
                1658904.199478: (0, 0, -33.31063),
                1658904.201478: (0, 0, -34.215702),
                1659508.848136: (0, 0, -34.215702),
                1659508.850136: (0, 0, 145.7843),
                1660113.496794: (0, 0, 145.7843),
                1660113.498794: (0, 0, 146.68936),
                1660783.589326: (0, 0, 146.68936),
                1660783.591326: (0, 0, -172.96065),
                1661779.093218: (0, 0, -172.96065),
                1661779.095218: (0, 0, -158.46608),
                1662176.856966: (0, 0, -158.46608),
                1662176.858966: (0, 0, -158.1986),
                1662553.818504: (0, 0, -158.1986),
                1662553.820504: (0, 0, 21.801409),
                1662930.78004: (0, 0, 21.801409),
                1662930.78204: (0, 0, 21.533924),
                1663328.543788: (0, 0, 21.533924),
                1663328.545788: (0, 0, 7.039351),
                1664324.047682: (0, 0, 7.039351),
                1664324.049682: (0, 0, -33.31063),
                1664994.140212: (0, 0, -33.31063),
                1664994.142212: (0, 0, -34.215702),
                1665598.78887: (0, 0, -34.215702),
                1665598.79087: (0, 0, 145.7843),
                1666203.437528: (0, 0, 145.7843),
                1666203.439528: (0, 0, 146.68936),
                1666873.53006: (0, 0, 146.68936),
                1666873.53206: (0, 0, -172.96065),
                1667869.033952: (0, 0, -172.96065),
                1667869.035952: (0, 0, -158.46608),
                1668266.797702: (0, 0, -158.46608),
                1668266.799702: (0, 0, -158.1986),
                1668643.759238: (0, 0, -158.1986),
                1668643.761238: (0, 0, 21.801409),
                1669020.720774: (0, 0, 21.801409),
                1669020.722774: (0, 0, 21.533924),
                1669418.484524: (0, 0, 21.533924),
                1669418.486524: (0, 0, 7.039351),
                1670413.988416: (0, 0, 7.039351),
                1670413.990416: (0, 0, -33.31063),
                1671084.080946: (0, 0, -33.31063),
                1671084.082946: (0, 0, -34.215702),
                1671688.729604: (0, 0, -34.215702),
                1671688.731604: (0, 0, 145.7843),
                1672293.378264: (0, 0, 145.7843),
                1672293.380264: (0, 0, 146.68936),
                1672963.470794: (0, 0, 146.68936),
                1672963.472794: (0, 0, -172.96065),
                1673958.974686: (0, 0, -172.96065),
                1673958.976686: (0, 0, -158.46608),
                1674356.738436: (0, 0, -158.46608),
                1674356.740436: (0, 0, -158.1986),
                1674733.699972: (0, 0, -158.1986),
                1674733.701972: (0, 0, 21.801409),
                1675110.661508: (0, 0, 21.801409),
                1675110.663508: (0, 0, 21.533924),
                1675508.425258: (0, 0, 21.533924),
                1675508.427258: (0, 0, 7.039351),
                1676503.92915: (0, 0, 7.039351),
                1676503.93115: (0, 0, -33.31063),
                1677174.021682: (0, 0, -33.31063),
                1677174.023682: (0, 0, -34.215702),
                1677778.67034: (0, 0, -34.215702),
                1677778.67234: (0, 0, 145.7843),
                1678383.318998: (0, 0, 145.7843),
                1678383.320998: (0, 0, 146.68936),
                1679053.411528: (0, 0, 146.68936),
                1679053.413528: (0, 0, -172.96065),
                1680048.915422: (0, 0, -172.96065),
                1680048.917422: (0, 0, -158.46608),
                1680446.67917: (0, 0, -158.46608),
                1680446.68117: (0, 0, -158.1986),
                1680823.640706: (0, 0, -158.1986),
                1680823.642706: (0, 0, 21.801409),
                1681200.602244: (0, 0, 21.801409),
                1681200.604244: (0, 0, 21.533924),
                1681598.365992: (0, 0, 21.533924),
                1681598.367992: (0, 0, 7.039351),
                1682593.869884: (0, 0, 7.039351),
                1682593.871884: (0, 0, -33.31063),
                1683263.962416: (0, 0, -33.31063),
                1683263.964416: (0, 0, -34.215702),
                1683868.611074: (0, 0, -34.215702),
                1683868.613074: (0, 0, 145.7843),
                1684473.259732: (0, 0, 145.7843),
                1684473.261732: (0, 0, 146.68936),
                1685143.352264: (0, 0, 146.68936),
                1685143.354264: (0, 0, -172.96065),
                1686138.856156: (0, 0, -172.96065),
                1686138.858156: (0, 0, -158.46608),
                1686536.619904: (0, 0, -158.46608),
                1686536.621904: (0, 0, -158.1986),
                1686913.58144: (0, 0, -158.1986),
                1686913.58344: (0, 0, 21.801409),
                1687290.542978: (0, 0, 21.801409),
                1687290.544978: (0, 0, 21.533924),
                1687688.306726: (0, 0, 21.533924),
                1687688.308726: (0, 0, 7.039351),
                1688683.810618: (0, 0, 7.039351),
                1688683.812618: (0, 0, -33.31063),
                1689353.90315: (0, 0, -33.31063),
                1689353.90515: (0, 0, -34.215702),
                1689958.551808: (0, 0, -34.215702),
                1689958.553808: (0, 0, 145.7843),
                1690563.200466: (0, 0, 145.7843),
                1690563.202466: (0, 0, 146.68936),
                1691233.292998: (0, 0, 146.68936),
                1691233.294998: (0, 0, -172.96065),
                1692228.79689: (0, 0, -172.96065),
                1692228.79889: (0, 0, -158.46608),
                1692626.560638: (0, 0, -158.46608),
                1692626.562638: (0, 0, -158.1986),
                1693003.522176: (0, 0, -158.1986),
                1693003.524176: (0, 0, 21.801409),
                1693380.483712: (0, 0, 21.801409),
                1693380.485712: (0, 0, 21.533924),
                1693778.24746: (0, 0, 21.533924),
                1693778.24946: (0, 0, 7.039351),
                1694773.751354: (0, 0, 7.039351),
                1694773.753354: (0, 0, -33.31063),
                1695443.843884: (0, 0, -33.31063),
                1695443.845884: (0, 0, -34.215702),
                1696048.492542: (0, 0, -34.215702),
                1696048.494542: (0, 0, 145.7843),
                1696653.1412: (0, 0, 145.7843),
                1696653.1432: (0, 0, 146.68936),
                1697323.233732: (0, 0, 146.68936),
                1697323.235732: (0, 0, -172.96065),
                1698318.737624: (0, 0, -172.96065),
                1698318.739624: (0, 0, -158.46608),
                1698716.501374: (0, 0, -158.46608),
                1698716.503374: (0, 0, -158.1986),
                1699093.46291: (0, 0, -158.1986),
                1699093.46491: (0, 0, 21.801409),
                1699470.424446: (0, 0, 21.801409),
                1699470.426446: (0, 0, 21.533924),
                1699868.188196: (0, 0, 21.533924),
                1699868.190196: (0, 0, 7.039351),
                1700863.692088: (0, 0, 7.039351),
                1700863.694088: (0, 0, -33.31063),
                1701533.784618: (0, 0, -33.31063),
                1701533.786618: (0, 0, -34.215702),
                1702138.433278: (0, 0, -34.215702),
                1702138.435278: (0, 0, 145.7843),
                1702743.081936: (0, 0, 145.7843),
                1702743.083936: (0, 0, 146.68936),
                1703413.174466: (0, 0, 146.68936),
                1703413.176466: (0, 0, -172.96065),
                1704408.678358: (0, 0, -172.96065),
                1704408.680358: (0, 0, -158.46608),
                1704806.442108: (0, 0, -158.46608),
                1704806.444108: (0, 0, -158.1986),
                1705183.403644: (0, 0, -158.1986),
                1705183.405644: (0, 0, 21.801409),
                1705560.36518: (0, 0, 21.801409),
                1705560.36718: (0, 0, 21.533924),
                1705958.12893: (0, 0, 21.533924),
                1705958.13093: (0, 0, 7.039351),
                1706953.632822: (0, 0, 7.039351),
                1706953.634822: (0, 0, -33.31063),
                1707623.725354: (0, 0, -33.31063),
                1707623.727354: (0, 0, -34.215702),
                1708228.374012: (0, 0, -34.215702),
                1708228.376012: (0, 0, 145.7843),
                1708833.02267: (0, 0, 145.7843),
                1708833.02467: (0, 0, 146.68936),
                1709503.1152: (0, 0, 146.68936),
                1709503.1172: (0, 0, -172.96065),
                1710498.619094: (0, 0, -172.96065),
                1710498.621094: (0, 0, -158.46608),
                1710896.382842: (0, 0, -158.46608),
                1710896.384842: (0, 0, -158.1986),
                1711273.344378: (0, 0, -158.1986),
                1711273.346378: (0, 0, 21.801409),
                1711650.305916: (0, 0, 21.801409),
                1711650.307916: (0, 0, 21.533924),
                1712048.069664: (0, 0, 21.533924),
                1712048.071664: (0, 0, 7.039351),
                1713043.573556: (0, 0, 7.039351),
                1713043.575556: (0, 0, -33.31063),
                1713713.666088: (0, 0, -33.31063),
                1713713.668088: (0, 0, -34.215702),
                1714318.314746: (0, 0, -34.215702),
                1714318.316746: (0, 0, 145.7843),
                1714922.963404: (0, 0, 145.7843),
                1714922.965404: (0, 0, 146.68936),
                1715593.055936: (0, 0, 146.68936),
                1715593.057936: (0, 0, -172.96065),
                1716588.559828: (0, 0, -172.96065),
                1716588.561828: (0, 0, -158.46608),
                1716986.323576: (0, 0, -158.46608),
                1716986.325576: (0, 0, -158.1986),
                1717363.285114: (0, 0, -158.1986),
                1717363.287114: (0, 0, 21.801409),
                1717740.24665: (0, 0, 21.801409),
                1717740.24865: (0, 0, 21.533924),
                1718138.010398: (0, 0, 21.533924),
                1718138.012398: (0, 0, 7.039351),
                1719133.514292: (0, 0, 7.039351),
                1719133.516292: (0, 0, -33.31063),
                1719803.606822: (0, 0, -33.31063),
                1719803.608822: (0, 0, -34.215702),
                1720408.25548: (0, 0, -34.215702),
                1720408.25748: (0, 0, 145.7843),
                1721012.904138: (0, 0, 145.7843),
                1721012.906138: (0, 0, 146.68936),
                1721682.99667: (0, 0, 146.68936),
                1721682.99867: (0, 0, -172.96065),
                1722678.500562: (0, 0, -172.96065),
                1722678.502562: (0, 0, -158.46608),
                1723076.264312: (0, 0, -158.46608),
                1723076.266312: (0, 0, -158.1986),
                1723453.225848: (0, 0, -158.1986),
                1723453.227848: (0, 0, 21.801409),
                1723830.187384: (0, 0, 21.801409),
                1723830.189384: (0, 0, 21.533924),
                1724227.951134: (0, 0, 21.533924),
                1724227.953134: (0, 0, 7.039351),
                1725223.455026: (0, 0, 7.039351),
                1725223.457026: (0, 0, -33.31063),
                1725893.547556: (0, 0, -33.31063),
                1725893.549556: (0, 0, -34.215702),
                1726498.196214: (0, 0, -34.215702),
                1726498.198214: (0, 0, 145.7843),
                1727102.844874: (0, 0, 145.7843),
                1727102.846874: (0, 0, 146.68936),
                1727772.937404: (0, 0, 146.68936),
                1727772.939404: (0, 0, -172.96065),
            }
            double3 xformOp:translate.timeSamples = {
                0: (0.84, 9.33, 0.1),
                376.961536: (1.54, 7.58, 0.1),
                774.725286: (2.27, 5.73, 0.1),
                1770.229178: (2.88, 0.79, 0.1),
                2440.321708: (1.04, -2.01, 0.1),
                3044.970368: (-0.66, -4.51, 0.1),
                3649.619026: (1.04, -2.01, 0.1),
                4319.711556: (2.88, 0.79, 0.1),
                5315.215448: (2.27, 5.73, 0.1),
                5712.979198: (1.54, 7.58, 0.1),
                6089.940734: (0.84, 9.33, 0.1),
                6466.90227: (1.54, 7.58, 0.1),
                6864.66602: (2.27, 5.73, 0.1),
                7860.169912: (2.88, 0.79, 0.1),
                8530.262444: (1.04, -2.01, 0.1),
                9134.911102: (-0.66, -4.51, 0.1),
                9739.55976: (1.04, -2.01, 0.1),
                10409.65229: (2.88, 0.79, 0.1),
                11405.156184: (2.27, 5.73, 0.1),
                11802.919932: (1.54, 7.58, 0.1),
                12179.881468: (0.84, 9.33, 0.1),
                12556.843006: (1.54, 7.58, 0.1),
                12954.606754: (2.27, 5.73, 0.1),
                13950.110646: (2.88, 0.79, 0.1),
                14620.203178: (1.04, -2.01, 0.1),
                15224.851836: (-0.66, -4.51, 0.1),
                15829.500494: (1.04, -2.01, 0.1),
                16499.593026: (2.88, 0.79, 0.1),
                17495.096918: (2.27, 5.73, 0.1),
                17892.860666: (1.54, 7.58, 0.1),
                18269.822204: (0.84, 9.33, 0.1),
                18646.78374: (1.54, 7.58, 0.1),
                19044.547488: (2.27, 5.73, 0.1),
                20040.051382: (2.88, 0.79, 0.1),
                20710.143912: (1.04, -2.01, 0.1),
                21314.79257: (-0.66, -4.51, 0.1),
                21919.441228: (1.04, -2.01, 0.1),
                22589.53376: (2.88, 0.79, 0.1),
                23585.037652: (2.27, 5.73, 0.1),
                23982.801402: (1.54, 7.58, 0.1),
                24359.762938: (0.84, 9.33, 0.1),
                24736.724474: (1.54, 7.58, 0.1),
                25134.488224: (2.27, 5.73, 0.1),
                26129.992116: (2.88, 0.79, 0.1),
                26800.084646: (1.04, -2.01, 0.1),
                27404.733304: (-0.66, -4.51, 0.1),
                28009.381964: (1.04, -2.01, 0.1),
                28679.474494: (2.88, 0.79, 0.1),
                29674.978386: (2.27, 5.73, 0.1),
                30072.742136: (1.54, 7.58, 0.1),
                30449.703672: (0.84, 9.33, 0.1),
                30826.665208: (1.54, 7.58, 0.1),
                31224.428958: (2.27, 5.73, 0.1),
                32219.93285: (2.88, 0.79, 0.1),
                32890.025382: (1.04, -2.01, 0.1),
                33494.67404: (-0.66, -4.51, 0.1),
                34099.322698: (1.04, -2.01, 0.1),
                34769.415228: (2.88, 0.79, 0.1),
                35764.919122: (2.27, 5.73, 0.1),
                36162.68287: (1.54, 7.58, 0.1),
                36539.644406: (0.84, 9.33, 0.1),
                36916.605944: (1.54, 7.58, 0.1),
                37314.369692: (2.27, 5.73, 0.1),
                38309.873584: (2.88, 0.79, 0.1),
                38979.966116: (1.04, -2.01, 0.1),
                39584.614774: (-0.66, -4.51, 0.1),
                40189.263432: (1.04, -2.01, 0.1),
                40859.355964: (2.88, 0.79, 0.1),
                41854.859856: (2.27, 5.73, 0.1),
                42252.623604: (1.54, 7.58, 0.1),
                42629.585142: (0.84, 9.33, 0.1),
                43006.546678: (1.54, 7.58, 0.1),
                43404.310426: (2.27, 5.73, 0.1),
                44399.81432: (2.88, 0.79, 0.1),
                45069.90685: (1.04, -2.01, 0.1),
                45674.555508: (-0.66, -4.51, 0.1),
                46279.204166: (1.04, -2.01, 0.1),
                46949.296698: (2.88, 0.79, 0.1),
                47944.80059: (2.27, 5.73, 0.1),
                48342.56434: (1.54, 7.58, 0.1),
                48719.525876: (0.84, 9.33, 0.1),
                49096.487412: (1.54, 7.58, 0.1),
                49494.251162: (2.27, 5.73, 0.1),
                50489.755054: (2.88, 0.79, 0.1),
                51159.847584: (1.04, -2.01, 0.1),
                51764.496242: (-0.66, -4.51, 0.1),
                52369.144902: (1.04, -2.01, 0.1),
                53039.237432: (2.88, 0.79, 0.1),
                54034.741324: (2.27, 5.73, 0.1),
                54432.505074: (1.54, 7.58, 0.1),
                54809.46661: (0.84, 9.33, 0.1),
                55186.428146: (1.54, 7.58, 0.1),
                55584.191896: (2.27, 5.73, 0.1),
                56579.695788: (2.88, 0.79, 0.1),
                57249.788318: (1.04, -2.01, 0.1),
                57854.436978: (-0.66, -4.51, 0.1),
                58459.085636: (1.04, -2.01, 0.1),
                59129.178166: (2.88, 0.79, 0.1),
                60124.682058: (2.27, 5.73, 0.1),
                60522.445808: (1.54, 7.58, 0.1),
                60899.407344: (0.84, 9.33, 0.1),
                61276.36888: (1.54, 7.58, 0.1),
                61674.13263: (2.27, 5.73, 0.1),
                62669.636522: (2.88, 0.79, 0.1),
                63339.729054: (1.04, -2.01, 0.1),
                63944.377712: (-0.66, -4.51, 0.1),
                64549.02637: (1.04, -2.01, 0.1),
                65219.1189: (2.88, 0.79, 0.1),
                66214.622794: (2.27, 5.73, 0.1),
                66612.386542: (1.54, 7.58, 0.1),
                66989.348078: (0.84, 9.33, 0.1),
                67366.309616: (1.54, 7.58, 0.1),
                67764.073364: (2.27, 5.73, 0.1),
                68759.577256: (2.88, 0.79, 0.1),
                69429.669788: (1.04, -2.01, 0.1),
                70034.318446: (-0.66, -4.51, 0.1),
                70638.967104: (1.04, -2.01, 0.1),
                71309.059636: (2.88, 0.79, 0.1),
                72304.563528: (2.27, 5.73, 0.1),
                72702.327276: (1.54, 7.58, 0.1),
                73079.288814: (0.84, 9.33, 0.1),
                73456.25035: (1.54, 7.58, 0.1),
                73854.014098: (2.27, 5.73, 0.1),
                74849.517992: (2.88, 0.79, 0.1),
                75519.610522: (1.04, -2.01, 0.1),
                76124.25918: (-0.66, -4.51, 0.1),
                76728.907838: (1.04, -2.01, 0.1),
                77399.00037: (2.88, 0.79, 0.1),
                78394.504262: (2.27, 5.73, 0.1),
                78792.268012: (1.54, 7.58, 0.1),
                79169.229548: (0.84, 9.33, 0.1),
                79546.191084: (1.54, 7.58, 0.1),
                79943.954834: (2.27, 5.73, 0.1),
                80939.458726: (2.88, 0.79, 0.1),
                81609.551256: (1.04, -2.01, 0.1),
                82214.199914: (-0.66, -4.51, 0.1),
                82818.848574: (1.04, -2.01, 0.1),
                83488.941104: (2.88, 0.79, 0.1),
                84484.444996: (2.27, 5.73, 0.1),
                84882.208746: (1.54, 7.58, 0.1),
                85259.170282: (0.84, 9.33, 0.1),
                85636.131818: (1.54, 7.58, 0.1),
                86033.895568: (2.27, 5.73, 0.1),
                87029.39946: (2.88, 0.79, 0.1),
                87699.491992: (1.04, -2.01, 0.1),
                88304.14065: (-0.66, -4.51, 0.1),
                88908.789308: (1.04, -2.01, 0.1),
                89578.881838: (2.88, 0.79, 0.1),
                90574.385732: (2.27, 5.73, 0.1),
                90972.14948: (1.54, 7.58, 0.1),
                91349.111016: (0.84, 9.33, 0.1),
                91726.072554: (1.54, 7.58, 0.1),
                92123.836302: (2.27, 5.73, 0.1),
                93119.340194: (2.88, 0.79, 0.1),
                93789.432726: (1.04, -2.01, 0.1),
                94394.081384: (-0.66, -4.51, 0.1),
                94998.730042: (1.04, -2.01, 0.1),
                95668.822574: (2.88, 0.79, 0.1),
                96664.326466: (2.27, 5.73, 0.1),
                97062.090214: (1.54, 7.58, 0.1),
                97439.051752: (0.84, 9.33, 0.1),
                97816.013288: (1.54, 7.58, 0.1),
                98213.777036: (2.27, 5.73, 0.1),
                99209.28093: (2.88, 0.79, 0.1),
                99879.37346: (1.04, -2.01, 0.1),
                100484.022118: (-0.66, -4.51, 0.1),
                101088.670776: (1.04, -2.01, 0.1),
                101758.763308: (2.88, 0.79, 0.1),
                102754.2672: (2.27, 5.73, 0.1),
                103152.03095: (1.54, 7.58, 0.1),
                103528.992486: (0.84, 9.33, 0.1),
                103905.954022: (1.54, 7.58, 0.1),
                104303.717772: (2.27, 5.73, 0.1),
                105299.221664: (2.88, 0.79, 0.1),
                105969.314194: (1.04, -2.01, 0.1),
                106573.962852: (-0.66, -4.51, 0.1),
                107178.611512: (1.04, -2.01, 0.1),
                107848.704042: (2.88, 0.79, 0.1),
                108844.207934: (2.27, 5.73, 0.1),
                109241.971684: (1.54, 7.58, 0.1),
                109618.93322: (0.84, 9.33, 0.1),
                109995.894756: (1.54, 7.58, 0.1),
                110393.658506: (2.27, 5.73, 0.1),
                111389.162398: (2.88, 0.79, 0.1),
                112059.254928: (1.04, -2.01, 0.1),
                112663.903588: (-0.66, -4.51, 0.1),
                113268.552246: (1.04, -2.01, 0.1),
                113938.644776: (2.88, 0.79, 0.1),
                114934.148668: (2.27, 5.73, 0.1),
                115331.912418: (1.54, 7.58, 0.1),
                115708.873954: (0.84, 9.33, 0.1),
                116085.83549: (1.54, 7.58, 0.1),
                116483.59924: (2.27, 5.73, 0.1),
                117479.103132: (2.88, 0.79, 0.1),
                118149.195664: (1.04, -2.01, 0.1),
                118753.844322: (-0.66, -4.51, 0.1),
                119358.49298: (1.04, -2.01, 0.1),
                120028.58551: (2.88, 0.79, 0.1),
                121024.089404: (2.27, 5.73, 0.1),
                121421.853152: (1.54, 7.58, 0.1),
                121798.814688: (0.84, 9.33, 0.1),
                122175.776226: (1.54, 7.58, 0.1),
                122573.539974: (2.27, 5.73, 0.1),
                123569.043866: (2.88, 0.79, 0.1),
                124239.136398: (1.04, -2.01, 0.1),
                124843.785056: (-0.66, -4.51, 0.1),
                125448.433714: (1.04, -2.01, 0.1),
                126118.526246: (2.88, 0.79, 0.1),
                127114.030138: (2.27, 5.73, 0.1),
                127511.793886: (1.54, 7.58, 0.1),
                127888.755424: (0.84, 9.33, 0.1),
                128265.71696: (1.54, 7.58, 0.1),
                128663.480708: (2.27, 5.73, 0.1),
                129658.984602: (2.88, 0.79, 0.1),
                130329.077132: (1.04, -2.01, 0.1),
                130933.72579: (-0.66, -4.51, 0.1),
                131538.374448: (1.04, -2.01, 0.1),
                132208.46698: (2.88, 0.79, 0.1),
                133203.970872: (2.27, 5.73, 0.1),
                133601.734622: (1.54, 7.58, 0.1),
                133978.696158: (0.84, 9.33, 0.1),
                134355.657694: (1.54, 7.58, 0.1),
                134753.421444: (2.27, 5.73, 0.1),
                135748.925336: (2.88, 0.79, 0.1),
                136419.017866: (1.04, -2.01, 0.1),
                137023.666524: (-0.66, -4.51, 0.1),
                137628.315184: (1.04, -2.01, 0.1),
                138298.407714: (2.88, 0.79, 0.1),
                139293.911606: (2.27, 5.73, 0.1),
                139691.675356: (1.54, 7.58, 0.1),
                140068.636892: (0.84, 9.33, 0.1),
                140445.598428: (1.54, 7.58, 0.1),
                140843.362178: (2.27, 5.73, 0.1),
                141838.86607: (2.88, 0.79, 0.1),
                142508.958602: (1.04, -2.01, 0.1),
                143113.60726: (-0.66, -4.51, 0.1),
                143718.255918: (1.04, -2.01, 0.1),
                144388.348448: (2.88, 0.79, 0.1),
                145383.852342: (2.27, 5.73, 0.1),
                145781.61609: (1.54, 7.58, 0.1),
                146158.577626: (0.84, 9.33, 0.1),
                146535.539164: (1.54, 7.58, 0.1),
                146933.302912: (2.27, 5.73, 0.1),
                147928.806804: (2.88, 0.79, 0.1),
                148598.899336: (1.04, -2.01, 0.1),
                149203.547994: (-0.66, -4.51, 0.1),
                149808.196652: (1.04, -2.01, 0.1),
                150478.289184: (2.88, 0.79, 0.1),
                151473.793076: (2.27, 5.73, 0.1),
                151871.556824: (1.54, 7.58, 0.1),
                152248.518362: (0.84, 9.33, 0.1),
                152625.479898: (1.54, 7.58, 0.1),
                153023.243646: (2.27, 5.73, 0.1),
                154018.74754: (2.88, 0.79, 0.1),
                154688.84007: (1.04, -2.01, 0.1),
                155293.488728: (-0.66, -4.51, 0.1),
                155898.137386: (1.04, -2.01, 0.1),
                156568.229918: (2.88, 0.79, 0.1),
                157563.73381: (2.27, 5.73, 0.1),
                157961.49756: (1.54, 7.58, 0.1),
                158338.459096: (0.84, 9.33, 0.1),
                158715.420632: (1.54, 7.58, 0.1),
                159113.184382: (2.27, 5.73, 0.1),
                160108.688274: (2.88, 0.79, 0.1),
                160778.780804: (1.04, -2.01, 0.1),
                161383.429462: (-0.66, -4.51, 0.1),
                161988.078122: (1.04, -2.01, 0.1),
                162658.170652: (2.88, 0.79, 0.1),
                163653.674544: (2.27, 5.73, 0.1),
                164051.438294: (1.54, 7.58, 0.1),
                164428.39983: (0.84, 9.33, 0.1),
                164805.361366: (1.54, 7.58, 0.1),
                165203.125116: (2.27, 5.73, 0.1),
                166198.629008: (2.88, 0.79, 0.1),
                166868.721538: (1.04, -2.01, 0.1),
                167473.370198: (-0.66, -4.51, 0.1),
                168078.018856: (1.04, -2.01, 0.1),
                168748.111386: (2.88, 0.79, 0.1),
                169743.615278: (2.27, 5.73, 0.1),
                170141.379028: (1.54, 7.58, 0.1),
                170518.340564: (0.84, 9.33, 0.1),
                170895.3021: (1.54, 7.58, 0.1),
                171293.06585: (2.27, 5.73, 0.1),
                172288.569742: (2.88, 0.79, 0.1),
                172958.662274: (1.04, -2.01, 0.1),
                173563.310932: (-0.66, -4.51, 0.1),
                174167.95959: (1.04, -2.01, 0.1),
                174838.05212: (2.88, 0.79, 0.1),
                175833.556014: (2.27, 5.73, 0.1),
                176231.319762: (1.54, 7.58, 0.1),
                176608.281298: (0.84, 9.33, 0.1),
                176985.242836: (1.54, 7.58, 0.1),
                177383.006584: (2.27, 5.73, 0.1),
                178378.510476: (2.88, 0.79, 0.1),
                179048.603008: (1.04, -2.01, 0.1),
                179653.251666: (-0.66, -4.51, 0.1),
                180257.900324: (1.04, -2.01, 0.1),
                180927.992856: (2.88, 0.79, 0.1),
                181923.496748: (2.27, 5.73, 0.1),
                182321.260496: (1.54, 7.58, 0.1),
                182698.222034: (0.84, 9.33, 0.1),
                183075.18357: (1.54, 7.58, 0.1),
                183472.947318: (2.27, 5.73, 0.1),
                184468.451212: (2.88, 0.79, 0.1),
                185138.543742: (1.04, -2.01, 0.1),
                185743.1924: (-0.66, -4.51, 0.1),
                186347.841058: (1.04, -2.01, 0.1),
                187017.93359: (2.88, 0.79, 0.1),
                188013.437482: (2.27, 5.73, 0.1),
                188411.201232: (1.54, 7.58, 0.1),
                188788.162768: (0.84, 9.33, 0.1),
                189165.124304: (1.54, 7.58, 0.1),
                189562.888054: (2.27, 5.73, 0.1),
                190558.391946: (2.88, 0.79, 0.1),
                191228.484476: (1.04, -2.01, 0.1),
                191833.133134: (-0.66, -4.51, 0.1),
                192437.781794: (1.04, -2.01, 0.1),
                193107.874324: (2.88, 0.79, 0.1),
                194103.378216: (2.27, 5.73, 0.1),
                194501.141966: (1.54, 7.58, 0.1),
                194878.103502: (0.84, 9.33, 0.1),
                195255.065038: (1.54, 7.58, 0.1),
                195652.828788: (2.27, 5.73, 0.1),
                196648.33268: (2.88, 0.79, 0.1),
                197318.425212: (1.04, -2.01, 0.1),
                197923.07387: (-0.66, -4.51, 0.1),
                198527.722528: (1.04, -2.01, 0.1),
                199197.815058: (2.88, 0.79, 0.1),
                200193.318952: (2.27, 5.73, 0.1),
                200591.0827: (1.54, 7.58, 0.1),
                200968.044236: (0.84, 9.33, 0.1),
                201345.005774: (1.54, 7.58, 0.1),
                201742.769522: (2.27, 5.73, 0.1),
                202738.273414: (2.88, 0.79, 0.1),
                203408.365946: (1.04, -2.01, 0.1),
                204013.014604: (-0.66, -4.51, 0.1),
                204617.663262: (1.04, -2.01, 0.1),
                205287.755794: (2.88, 0.79, 0.1),
                206283.259686: (2.27, 5.73, 0.1),
                206681.023434: (1.54, 7.58, 0.1),
                207057.984972: (0.84, 9.33, 0.1),
                207434.946508: (1.54, 7.58, 0.1),
                207832.710256: (2.27, 5.73, 0.1),
                208828.21415: (2.88, 0.79, 0.1),
                209498.30668: (1.04, -2.01, 0.1),
                210102.955338: (-0.66, -4.51, 0.1),
                210707.603996: (1.04, -2.01, 0.1),
                211377.696528: (2.88, 0.79, 0.1),
                212373.20042: (2.27, 5.73, 0.1),
                212770.96417: (1.54, 7.58, 0.1),
                213147.925706: (0.84, 9.33, 0.1),
                213524.887242: (1.54, 7.58, 0.1),
                213922.650992: (2.27, 5.73, 0.1),
                214918.154884: (2.88, 0.79, 0.1),
                215588.247414: (1.04, -2.01, 0.1),
                216192.896072: (-0.66, -4.51, 0.1),
                216797.544732: (1.04, -2.01, 0.1),
                217467.637262: (2.88, 0.79, 0.1),
                218463.141154: (2.27, 5.73, 0.1),
                218860.904904: (1.54, 7.58, 0.1),
                219237.86644: (0.84, 9.33, 0.1),
                219614.827976: (1.54, 7.58, 0.1),
                220012.591726: (2.27, 5.73, 0.1),
                221008.095618: (2.88, 0.79, 0.1),
                221678.188148: (1.04, -2.01, 0.1),
                222282.836808: (-0.66, -4.51, 0.1),
                222887.485466: (1.04, -2.01, 0.1),
                223557.577996: (2.88, 0.79, 0.1),
                224553.081888: (2.27, 5.73, 0.1),
                224950.845638: (1.54, 7.58, 0.1),
                225327.807174: (0.84, 9.33, 0.1),
                225704.76871: (1.54, 7.58, 0.1),
                226102.53246: (2.27, 5.73, 0.1),
                227098.036352: (2.88, 0.79, 0.1),
                227768.128884: (1.04, -2.01, 0.1),
                228372.777542: (-0.66, -4.51, 0.1),
                228977.4262: (1.04, -2.01, 0.1),
                229647.51873: (2.88, 0.79, 0.1),
                230643.022624: (2.27, 5.73, 0.1),
                231040.786372: (1.54, 7.58, 0.1),
                231417.747908: (0.84, 9.33, 0.1),
                231794.709446: (1.54, 7.58, 0.1),
                232192.473194: (2.27, 5.73, 0.1),
                233187.977086: (2.88, 0.79, 0.1),
                233858.069618: (1.04, -2.01, 0.1),
                234462.718276: (-0.66, -4.51, 0.1),
                235067.366934: (1.04, -2.01, 0.1),
                235737.459466: (2.88, 0.79, 0.1),
                236732.963358: (2.27, 5.73, 0.1),
                237130.727106: (1.54, 7.58, 0.1),
                237507.688644: (0.84, 9.33, 0.1),
                237884.65018: (1.54, 7.58, 0.1),
                238282.413928: (2.27, 5.73, 0.1),
                239277.917822: (2.88, 0.79, 0.1),
                239948.010352: (1.04, -2.01, 0.1),
                240552.65901: (-0.66, -4.51, 0.1),
                241157.307668: (1.04, -2.01, 0.1),
                241827.4002: (2.88, 0.79, 0.1),
                242822.904092: (2.27, 5.73, 0.1),
                243220.667842: (1.54, 7.58, 0.1),
                243597.629378: (0.84, 9.33, 0.1),
                243974.590914: (1.54, 7.58, 0.1),
                244372.354664: (2.27, 5.73, 0.1),
                245367.858556: (2.88, 0.79, 0.1),
                246037.951086: (1.04, -2.01, 0.1),
                246642.599744: (-0.66, -4.51, 0.1),
                247247.248404: (1.04, -2.01, 0.1),
                247917.340934: (2.88, 0.79, 0.1),
                248912.844826: (2.27, 5.73, 0.1),
                249310.608576: (1.54, 7.58, 0.1),
                249687.570112: (0.84, 9.33, 0.1),
                250064.531648: (1.54, 7.58, 0.1),
                250462.295398: (2.27, 5.73, 0.1),
                251457.79929: (2.88, 0.79, 0.1),
                252127.891822: (1.04, -2.01, 0.1),
                252732.54048: (-0.66, -4.51, 0.1),
                253337.189138: (1.04, -2.01, 0.1),
                254007.281668: (2.88, 0.79, 0.1),
                255002.785562: (2.27, 5.73, 0.1),
                255400.54931: (1.54, 7.58, 0.1),
                255777.510846: (0.84, 9.33, 0.1),
                256154.472384: (1.54, 7.58, 0.1),
                256552.236132: (2.27, 5.73, 0.1),
                257547.740024: (2.88, 0.79, 0.1),
                258217.832556: (1.04, -2.01, 0.1),
                258822.481214: (-0.66, -4.51, 0.1),
                259427.129872: (1.04, -2.01, 0.1),
                260097.222404: (2.88, 0.79, 0.1),
                261092.726296: (2.27, 5.73, 0.1),
                261490.490044: (1.54, 7.58, 0.1),
                261867.451582: (0.84, 9.33, 0.1),
                262244.413118: (1.54, 7.58, 0.1),
                262642.176866: (2.27, 5.73, 0.1),
                263637.68076: (2.88, 0.79, 0.1),
                264307.77329: (1.04, -2.01, 0.1),
                264912.421948: (-0.66, -4.51, 0.1),
                265517.070606: (1.04, -2.01, 0.1),
                266187.163138: (2.88, 0.79, 0.1),
                267182.66703: (2.27, 5.73, 0.1),
                267580.43078: (1.54, 7.58, 0.1),
                267957.392316: (0.84, 9.33, 0.1),
                268334.353852: (1.54, 7.58, 0.1),
                268732.117602: (2.27, 5.73, 0.1),
                269727.621494: (2.88, 0.79, 0.1),
                270397.714024: (1.04, -2.01, 0.1),
                271002.362682: (-0.66, -4.51, 0.1),
                271607.011342: (1.04, -2.01, 0.1),
                272277.103872: (2.88, 0.79, 0.1),
                273272.607764: (2.27, 5.73, 0.1),
                273670.371514: (1.54, 7.58, 0.1),
                274047.33305: (0.84, 9.33, 0.1),
                274424.294586: (1.54, 7.58, 0.1),
                274822.058336: (2.27, 5.73, 0.1),
                275817.562228: (2.88, 0.79, 0.1),
                276487.654758: (1.04, -2.01, 0.1),
                277092.303418: (-0.66, -4.51, 0.1),
                277696.952076: (1.04, -2.01, 0.1),
                278367.044606: (2.88, 0.79, 0.1),
                279362.548498: (2.27, 5.73, 0.1),
                279760.312248: (1.54, 7.58, 0.1),
                280137.273784: (0.84, 9.33, 0.1),
                280514.23532: (1.54, 7.58, 0.1),
                280911.99907: (2.27, 5.73, 0.1),
                281907.502962: (2.88, 0.79, 0.1),
                282577.595494: (1.04, -2.01, 0.1),
                283182.244152: (-0.66, -4.51, 0.1),
                283786.89281: (1.04, -2.01, 0.1),
                284456.98534: (2.88, 0.79, 0.1),
                285452.489234: (2.27, 5.73, 0.1),
                285850.252982: (1.54, 7.58, 0.1),
                286227.214518: (0.84, 9.33, 0.1),
                286604.176056: (1.54, 7.58, 0.1),
                287001.939804: (2.27, 5.73, 0.1),
                287997.443696: (2.88, 0.79, 0.1),
                288667.536228: (1.04, -2.01, 0.1),
                289272.184886: (-0.66, -4.51, 0.1),
                289876.833544: (1.04, -2.01, 0.1),
                290546.926076: (2.88, 0.79, 0.1),
                291542.429968: (2.27, 5.73, 0.1),
                291940.193716: (1.54, 7.58, 0.1),
                292317.155254: (0.84, 9.33, 0.1),
                292694.11679: (1.54, 7.58, 0.1),
                293091.880538: (2.27, 5.73, 0.1),
                294087.384432: (2.88, 0.79, 0.1),
                294757.476962: (1.04, -2.01, 0.1),
                295362.12562: (-0.66, -4.51, 0.1),
                295966.774278: (1.04, -2.01, 0.1),
                296636.86681: (2.88, 0.79, 0.1),
                297632.370702: (2.27, 5.73, 0.1),
                298030.134452: (1.54, 7.58, 0.1),
                298407.095988: (0.84, 9.33, 0.1),
                298784.057524: (1.54, 7.58, 0.1),
                299181.821274: (2.27, 5.73, 0.1),
                300177.325166: (2.88, 0.79, 0.1),
                300847.417696: (1.04, -2.01, 0.1),
                301452.066354: (-0.66, -4.51, 0.1),
                302056.715014: (1.04, -2.01, 0.1),
                302726.807544: (2.88, 0.79, 0.1),
                303722.311436: (2.27, 5.73, 0.1),
                304120.075186: (1.54, 7.58, 0.1),
                304497.036722: (0.84, 9.33, 0.1),
                304873.998258: (1.54, 7.58, 0.1),
                305271.762008: (2.27, 5.73, 0.1),
                306267.2659: (2.88, 0.79, 0.1),
                306937.358432: (1.04, -2.01, 0.1),
                307542.00709: (-0.66, -4.51, 0.1),
                308146.655748: (1.04, -2.01, 0.1),
                308816.748278: (2.88, 0.79, 0.1),
                309812.252172: (2.27, 5.73, 0.1),
                310210.01592: (1.54, 7.58, 0.1),
                310586.977456: (0.84, 9.33, 0.1),
                310963.938994: (1.54, 7.58, 0.1),
                311361.702742: (2.27, 5.73, 0.1),
                312357.206634: (2.88, 0.79, 0.1),
                313027.299166: (1.04, -2.01, 0.1),
                313631.947824: (-0.66, -4.51, 0.1),
                314236.596482: (1.04, -2.01, 0.1),
                314906.689014: (2.88, 0.79, 0.1),
                315902.192906: (2.27, 5.73, 0.1),
                316299.956654: (1.54, 7.58, 0.1),
                316676.918192: (0.84, 9.33, 0.1),
                317053.879728: (1.54, 7.58, 0.1),
                317451.643476: (2.27, 5.73, 0.1),
                318447.14737: (2.88, 0.79, 0.1),
                319117.2399: (1.04, -2.01, 0.1),
                319721.888558: (-0.66, -4.51, 0.1),
                320326.537216: (1.04, -2.01, 0.1),
                320996.629748: (2.88, 0.79, 0.1),
                321992.13364: (2.27, 5.73, 0.1),
                322389.89739: (1.54, 7.58, 0.1),
                322766.858926: (0.84, 9.33, 0.1),
                323143.820462: (1.54, 7.58, 0.1),
                323541.584212: (2.27, 5.73, 0.1),
                324537.088104: (2.88, 0.79, 0.1),
                325207.180634: (1.04, -2.01, 0.1),
                325811.829292: (-0.66, -4.51, 0.1),
                326416.477952: (1.04, -2.01, 0.1),
                327086.570482: (2.88, 0.79, 0.1),
                328082.074374: (2.27, 5.73, 0.1),
                328479.838124: (1.54, 7.58, 0.1),
                328856.79966: (0.84, 9.33, 0.1),
                329233.761196: (1.54, 7.58, 0.1),
                329631.524946: (2.27, 5.73, 0.1),
                330627.028838: (2.88, 0.79, 0.1),
                331297.121368: (1.04, -2.01, 0.1),
                331901.770028: (-0.66, -4.51, 0.1),
                332506.418686: (1.04, -2.01, 0.1),
                333176.511216: (2.88, 0.79, 0.1),
                334172.015108: (2.27, 5.73, 0.1),
                334569.778858: (1.54, 7.58, 0.1),
                334946.740394: (0.84, 9.33, 0.1),
                335323.70193: (1.54, 7.58, 0.1),
                335721.46568: (2.27, 5.73, 0.1),
                336716.969572: (2.88, 0.79, 0.1),
                337387.062104: (1.04, -2.01, 0.1),
                337991.710762: (-0.66, -4.51, 0.1),
                338596.35942: (1.04, -2.01, 0.1),
                339266.45195: (2.88, 0.79, 0.1),
                340261.955844: (2.27, 5.73, 0.1),
                340659.719592: (1.54, 7.58, 0.1),
                341036.681128: (0.84, 9.33, 0.1),
                341413.642666: (1.54, 7.58, 0.1),
                341811.406414: (2.27, 5.73, 0.1),
                342806.910306: (2.88, 0.79, 0.1),
                343477.002838: (1.04, -2.01, 0.1),
                344081.651496: (-0.66, -4.51, 0.1),
                344686.300154: (1.04, -2.01, 0.1),
                345356.392686: (2.88, 0.79, 0.1),
                346351.896578: (2.27, 5.73, 0.1),
                346749.660326: (1.54, 7.58, 0.1),
                347126.621864: (0.84, 9.33, 0.1),
                347503.5834: (1.54, 7.58, 0.1),
                347901.347148: (2.27, 5.73, 0.1),
                348896.851042: (2.88, 0.79, 0.1),
                349566.943572: (1.04, -2.01, 0.1),
                350171.59223: (-0.66, -4.51, 0.1),
                350776.240888: (1.04, -2.01, 0.1),
                351446.33342: (2.88, 0.79, 0.1),
                352441.837312: (2.27, 5.73, 0.1),
                352839.601062: (1.54, 7.58, 0.1),
                353216.562598: (0.84, 9.33, 0.1),
                353593.524134: (1.54, 7.58, 0.1),
                353991.287884: (2.27, 5.73, 0.1),
                354986.791776: (2.88, 0.79, 0.1),
                355656.884306: (1.04, -2.01, 0.1),
                356261.532964: (-0.66, -4.51, 0.1),
                356866.181624: (1.04, -2.01, 0.1),
                357536.274154: (2.88, 0.79, 0.1),
                358531.778046: (2.27, 5.73, 0.1),
                358929.541796: (1.54, 7.58, 0.1),
                359306.503332: (0.84, 9.33, 0.1),
                359683.464868: (1.54, 7.58, 0.1),
                360081.228618: (2.27, 5.73, 0.1),
                361076.73251: (2.88, 0.79, 0.1),
                361746.825042: (1.04, -2.01, 0.1),
                362351.4737: (-0.66, -4.51, 0.1),
                362956.122358: (1.04, -2.01, 0.1),
                363626.214888: (2.88, 0.79, 0.1),
                364621.718782: (2.27, 5.73, 0.1),
                365019.48253: (1.54, 7.58, 0.1),
                365396.444066: (0.84, 9.33, 0.1),
                365773.405604: (1.54, 7.58, 0.1),
                366171.169352: (2.27, 5.73, 0.1),
                367166.673244: (2.88, 0.79, 0.1),
                367836.765776: (1.04, -2.01, 0.1),
                368441.414434: (-0.66, -4.51, 0.1),
                369046.063092: (1.04, -2.01, 0.1),
                369716.155624: (2.88, 0.79, 0.1),
                370711.659516: (2.27, 5.73, 0.1),
                371109.423264: (1.54, 7.58, 0.1),
                371486.384802: (0.84, 9.33, 0.1),
                371863.346338: (1.54, 7.58, 0.1),
                372261.110086: (2.27, 5.73, 0.1),
                373256.61398: (2.88, 0.79, 0.1),
                373926.70651: (1.04, -2.01, 0.1),
                374531.355168: (-0.66, -4.51, 0.1),
                375136.003826: (1.04, -2.01, 0.1),
                375806.096358: (2.88, 0.79, 0.1),
                376801.60025: (2.27, 5.73, 0.1),
                377199.364: (1.54, 7.58, 0.1),
                377576.325536: (0.84, 9.33, 0.1),
                377953.287072: (1.54, 7.58, 0.1),
                378351.05082: (2.27, 5.73, 0.1),
                379346.554714: (2.88, 0.79, 0.1),
                380016.647244: (1.04, -2.01, 0.1),
                380621.295902: (-0.66, -4.51, 0.1),
                381225.944562: (1.04, -2.01, 0.1),
                381896.037092: (2.88, 0.79, 0.1),
                382891.540984: (2.27, 5.73, 0.1),
                383289.304734: (1.54, 7.58, 0.1),
                383666.26627: (0.84, 9.33, 0.1),
                384043.227806: (1.54, 7.58, 0.1),
                384440.991556: (2.27, 5.73, 0.1),
                385436.495448: (2.88, 0.79, 0.1),
                386106.587978: (1.04, -2.01, 0.1),
                386711.236638: (-0.66, -4.51, 0.1),
                387315.885296: (1.04, -2.01, 0.1),
                387985.977826: (2.88, 0.79, 0.1),
                388981.481718: (2.27, 5.73, 0.1),
                389379.245468: (1.54, 7.58, 0.1),
                389756.207004: (0.84, 9.33, 0.1),
                390133.16854: (1.54, 7.58, 0.1),
                390530.93229: (2.27, 5.73, 0.1),
                391526.436182: (2.88, 0.79, 0.1),
                392196.528714: (1.04, -2.01, 0.1),
                392801.177372: (-0.66, -4.51, 0.1),
                393405.82603: (1.04, -2.01, 0.1),
                394075.91856: (2.88, 0.79, 0.1),
                395071.422454: (2.27, 5.73, 0.1),
                395469.186202: (1.54, 7.58, 0.1),
                395846.147738: (0.84, 9.33, 0.1),
                396223.109276: (1.54, 7.58, 0.1),
                396620.873024: (2.27, 5.73, 0.1),
                397616.376916: (2.88, 0.79, 0.1),
                398286.469448: (1.04, -2.01, 0.1),
                398891.118106: (-0.66, -4.51, 0.1),
                399495.766764: (1.04, -2.01, 0.1),
                400165.859296: (2.88, 0.79, 0.1),
                401161.363188: (2.27, 5.73, 0.1),
                401559.126936: (1.54, 7.58, 0.1),
                401936.088474: (0.84, 9.33, 0.1),
                402313.05001: (1.54, 7.58, 0.1),
                402710.813758: (2.27, 5.73, 0.1),
                403706.317652: (2.88, 0.79, 0.1),
                404376.410182: (1.04, -2.01, 0.1),
                404981.05884: (-0.66, -4.51, 0.1),
                405585.707498: (1.04, -2.01, 0.1),
                406255.80003: (2.88, 0.79, 0.1),
                407251.303922: (2.27, 5.73, 0.1),
                407649.067672: (1.54, 7.58, 0.1),
                408026.029208: (0.84, 9.33, 0.1),
                408402.990744: (1.54, 7.58, 0.1),
                408800.754494: (2.27, 5.73, 0.1),
                409796.258386: (2.88, 0.79, 0.1),
                410466.350916: (1.04, -2.01, 0.1),
                411070.999574: (-0.66, -4.51, 0.1),
                411675.648234: (1.04, -2.01, 0.1),
                412345.740764: (2.88, 0.79, 0.1),
                413341.244656: (2.27, 5.73, 0.1),
                413739.008406: (1.54, 7.58, 0.1),
                414115.969942: (0.84, 9.33, 0.1),
                414492.931478: (1.54, 7.58, 0.1),
                414890.695228: (2.27, 5.73, 0.1),
                415886.19912: (2.88, 0.79, 0.1),
                416556.291652: (1.04, -2.01, 0.1),
                417160.94031: (-0.66, -4.51, 0.1),
                417765.588968: (1.04, -2.01, 0.1),
                418435.681498: (2.88, 0.79, 0.1),
                419431.185392: (2.27, 5.73, 0.1),
                419828.94914: (1.54, 7.58, 0.1),
                420205.910676: (0.84, 9.33, 0.1),
                420582.872214: (1.54, 7.58, 0.1),
                420980.635962: (2.27, 5.73, 0.1),
                421976.139854: (2.88, 0.79, 0.1),
                422646.232386: (1.04, -2.01, 0.1),
                423250.881044: (-0.66, -4.51, 0.1),
                423855.529702: (1.04, -2.01, 0.1),
                424525.622234: (2.88, 0.79, 0.1),
                425521.126126: (2.27, 5.73, 0.1),
                425918.889874: (1.54, 7.58, 0.1),
                426295.851412: (0.84, 9.33, 0.1),
                426672.812948: (1.54, 7.58, 0.1),
                427070.576696: (2.27, 5.73, 0.1),
                428066.08059: (2.88, 0.79, 0.1),
                428736.17312: (1.04, -2.01, 0.1),
                429340.821778: (-0.66, -4.51, 0.1),
                429945.470436: (1.04, -2.01, 0.1),
                430615.562968: (2.88, 0.79, 0.1),
                431611.06686: (2.27, 5.73, 0.1),
                432008.83061: (1.54, 7.58, 0.1),
                432385.792146: (0.84, 9.33, 0.1),
                432762.753682: (1.54, 7.58, 0.1),
                433160.51743: (2.27, 5.73, 0.1),
                434156.021324: (2.88, 0.79, 0.1),
                434826.113854: (1.04, -2.01, 0.1),
                435430.762512: (-0.66, -4.51, 0.1),
                436035.411172: (1.04, -2.01, 0.1),
                436705.503702: (2.88, 0.79, 0.1),
                437701.007594: (2.27, 5.73, 0.1),
                438098.771344: (1.54, 7.58, 0.1),
                438475.73288: (0.84, 9.33, 0.1),
                438852.694416: (1.54, 7.58, 0.1),
                439250.458166: (2.27, 5.73, 0.1),
                440245.962058: (2.88, 0.79, 0.1),
                440916.054588: (1.04, -2.01, 0.1),
                441520.703248: (-0.66, -4.51, 0.1),
                442125.351906: (1.04, -2.01, 0.1),
                442795.444436: (2.88, 0.79, 0.1),
                443790.948328: (2.27, 5.73, 0.1),
                444188.712078: (1.54, 7.58, 0.1),
                444565.673614: (0.84, 9.33, 0.1),
                444942.63515: (1.54, 7.58, 0.1),
                445340.3989: (2.27, 5.73, 0.1),
                446335.902792: (2.88, 0.79, 0.1),
                447005.995324: (1.04, -2.01, 0.1),
                447610.643982: (-0.66, -4.51, 0.1),
                448215.29264: (1.04, -2.01, 0.1),
                448885.38517: (2.88, 0.79, 0.1),
                449880.889064: (2.27, 5.73, 0.1),
                450278.652812: (1.54, 7.58, 0.1),
                450655.614348: (0.84, 9.33, 0.1),
                451032.575886: (1.54, 7.58, 0.1),
                451430.339634: (2.27, 5.73, 0.1),
                452425.843526: (2.88, 0.79, 0.1),
                453095.936058: (1.04, -2.01, 0.1),
                453700.584716: (-0.66, -4.51, 0.1),
                454305.233374: (1.04, -2.01, 0.1),
                454975.325906: (2.88, 0.79, 0.1),
                455970.829798: (2.27, 5.73, 0.1),
                456368.593546: (1.54, 7.58, 0.1),
                456745.555084: (0.84, 9.33, 0.1),
                457122.51662: (1.54, 7.58, 0.1),
                457520.280368: (2.27, 5.73, 0.1),
                458515.784262: (2.88, 0.79, 0.1),
                459185.876792: (1.04, -2.01, 0.1),
                459790.52545: (-0.66, -4.51, 0.1),
                460395.174108: (1.04, -2.01, 0.1),
                461065.26664: (2.88, 0.79, 0.1),
                462060.770532: (2.27, 5.73, 0.1),
                462458.534282: (1.54, 7.58, 0.1),
                462835.495818: (0.84, 9.33, 0.1),
                463212.457354: (1.54, 7.58, 0.1),
                463610.221104: (2.27, 5.73, 0.1),
                464605.724996: (2.88, 0.79, 0.1),
                465275.817526: (1.04, -2.01, 0.1),
                465880.466184: (-0.66, -4.51, 0.1),
                466485.114844: (1.04, -2.01, 0.1),
                467155.207374: (2.88, 0.79, 0.1),
                468150.711266: (2.27, 5.73, 0.1),
                468548.475016: (1.54, 7.58, 0.1),
                468925.436552: (0.84, 9.33, 0.1),
                469302.398088: (1.54, 7.58, 0.1),
                469700.161838: (2.27, 5.73, 0.1),
                470695.66573: (2.88, 0.79, 0.1),
                471365.758262: (1.04, -2.01, 0.1),
                471970.40692: (-0.66, -4.51, 0.1),
                472575.055578: (1.04, -2.01, 0.1),
                473245.148108: (2.88, 0.79, 0.1),
                474240.652002: (2.27, 5.73, 0.1),
                474638.41575: (1.54, 7.58, 0.1),
                475015.377286: (0.84, 9.33, 0.1),
                475392.338824: (1.54, 7.58, 0.1),
                475790.102572: (2.27, 5.73, 0.1),
                476785.606464: (2.88, 0.79, 0.1),
                477455.698996: (1.04, -2.01, 0.1),
                478060.347654: (-0.66, -4.51, 0.1),
                478664.996312: (1.04, -2.01, 0.1),
                479335.088844: (2.88, 0.79, 0.1),
                480330.592736: (2.27, 5.73, 0.1),
                480728.356484: (1.54, 7.58, 0.1),
                481105.318022: (0.84, 9.33, 0.1),
                481482.279558: (1.54, 7.58, 0.1),
                481880.043306: (2.27, 5.73, 0.1),
                482875.5472: (2.88, 0.79, 0.1),
                483545.63973: (1.04, -2.01, 0.1),
                484150.288388: (-0.66, -4.51, 0.1),
                484754.937046: (1.04, -2.01, 0.1),
                485425.029578: (2.88, 0.79, 0.1),
                486420.53347: (2.27, 5.73, 0.1),
                486818.29722: (1.54, 7.58, 0.1),
                487195.258756: (0.84, 9.33, 0.1),
                487572.220292: (1.54, 7.58, 0.1),
                487969.98404: (2.27, 5.73, 0.1),
                488965.487934: (2.88, 0.79, 0.1),
                489635.580464: (1.04, -2.01, 0.1),
                490240.229122: (-0.66, -4.51, 0.1),
                490844.877782: (1.04, -2.01, 0.1),
                491514.970312: (2.88, 0.79, 0.1),
                492510.474204: (2.27, 5.73, 0.1),
                492908.237954: (1.54, 7.58, 0.1),
                493285.19949: (0.84, 9.33, 0.1),
                493662.161026: (1.54, 7.58, 0.1),
                494059.924776: (2.27, 5.73, 0.1),
                495055.428668: (2.88, 0.79, 0.1),
                495725.521198: (1.04, -2.01, 0.1),
                496330.169858: (-0.66, -4.51, 0.1),
                496934.818516: (1.04, -2.01, 0.1),
                497604.911046: (2.88, 0.79, 0.1),
                498600.414938: (2.27, 5.73, 0.1),
                498998.178688: (1.54, 7.58, 0.1),
                499375.140224: (0.84, 9.33, 0.1),
                499752.10176: (1.54, 7.58, 0.1),
                500149.86551: (2.27, 5.73, 0.1),
                501145.369402: (2.88, 0.79, 0.1),
                501815.461934: (1.04, -2.01, 0.1),
                502420.110592: (-0.66, -4.51, 0.1),
                503024.75925: (1.04, -2.01, 0.1),
                503694.85178: (2.88, 0.79, 0.1),
                504690.355674: (2.27, 5.73, 0.1),
                505088.119422: (1.54, 7.58, 0.1),
                505465.080958: (0.84, 9.33, 0.1),
                505842.042496: (1.54, 7.58, 0.1),
                506239.806244: (2.27, 5.73, 0.1),
                507235.310136: (2.88, 0.79, 0.1),
                507905.402668: (1.04, -2.01, 0.1),
                508510.051326: (-0.66, -4.51, 0.1),
                509114.699984: (1.04, -2.01, 0.1),
                509784.792516: (2.88, 0.79, 0.1),
                510780.296408: (2.27, 5.73, 0.1),
                511178.060156: (1.54, 7.58, 0.1),
                511555.021694: (0.84, 9.33, 0.1),
                511931.98323: (1.54, 7.58, 0.1),
                512329.746978: (2.27, 5.73, 0.1),
                513325.250872: (2.88, 0.79, 0.1),
                513995.343402: (1.04, -2.01, 0.1),
                514599.99206: (-0.66, -4.51, 0.1),
                515204.640718: (1.04, -2.01, 0.1),
                515874.73325: (2.88, 0.79, 0.1),
                516870.237142: (2.27, 5.73, 0.1),
                517268.000892: (1.54, 7.58, 0.1),
                517644.962428: (0.84, 9.33, 0.1),
                518021.923964: (1.54, 7.58, 0.1),
                518419.687714: (2.27, 5.73, 0.1),
                519415.191606: (2.88, 0.79, 0.1),
                520085.284136: (1.04, -2.01, 0.1),
                520689.932794: (-0.66, -4.51, 0.1),
                521294.581454: (1.04, -2.01, 0.1),
                521964.673984: (2.88, 0.79, 0.1),
                522960.177876: (2.27, 5.73, 0.1),
                523357.941626: (1.54, 7.58, 0.1),
                523734.903162: (0.84, 9.33, 0.1),
                524111.864698: (1.54, 7.58, 0.1),
                524509.628448: (2.27, 5.73, 0.1),
                525505.13234: (2.88, 0.79, 0.1),
                526175.224872: (1.04, -2.01, 0.1),
                526779.87353: (-0.66, -4.51, 0.1),
                527384.522188: (1.04, -2.01, 0.1),
                528054.614718: (2.88, 0.79, 0.1),
                529050.118612: (2.27, 5.73, 0.1),
                529447.88236: (1.54, 7.58, 0.1),
                529824.843896: (0.84, 9.33, 0.1),
                530201.805434: (1.54, 7.58, 0.1),
                530599.569182: (2.27, 5.73, 0.1),
                531595.073074: (2.88, 0.79, 0.1),
                532265.165606: (1.04, -2.01, 0.1),
                532869.814264: (-0.66, -4.51, 0.1),
                533474.462922: (1.04, -2.01, 0.1),
                534144.555454: (2.88, 0.79, 0.1),
                535140.059346: (2.27, 5.73, 0.1),
                535537.823094: (1.54, 7.58, 0.1),
                535914.784632: (0.84, 9.33, 0.1),
                536291.746168: (1.54, 7.58, 0.1),
                536689.509916: (2.27, 5.73, 0.1),
                537685.01381: (2.88, 0.79, 0.1),
                538355.10634: (1.04, -2.01, 0.1),
                538959.754998: (-0.66, -4.51, 0.1),
                539564.403656: (1.04, -2.01, 0.1),
                540234.496188: (2.88, 0.79, 0.1),
                541230.00008: (2.27, 5.73, 0.1),
                541627.76383: (1.54, 7.58, 0.1),
                542004.725366: (0.84, 9.33, 0.1),
                542381.686902: (1.54, 7.58, 0.1),
                542779.45065: (2.27, 5.73, 0.1),
                543774.954544: (2.88, 0.79, 0.1),
                544445.047074: (1.04, -2.01, 0.1),
                545049.695732: (-0.66, -4.51, 0.1),
                545654.344392: (1.04, -2.01, 0.1),
                546324.436922: (2.88, 0.79, 0.1),
                547319.940814: (2.27, 5.73, 0.1),
                547717.704564: (1.54, 7.58, 0.1),
                548094.6661: (0.84, 9.33, 0.1),
                548471.627636: (1.54, 7.58, 0.1),
                548869.391386: (2.27, 5.73, 0.1),
                549864.895278: (2.88, 0.79, 0.1),
                550534.987808: (1.04, -2.01, 0.1),
                551139.636468: (-0.66, -4.51, 0.1),
                551744.285126: (1.04, -2.01, 0.1),
                552414.377656: (2.88, 0.79, 0.1),
                553409.881548: (2.27, 5.73, 0.1),
                553807.645298: (1.54, 7.58, 0.1),
                554184.606834: (0.84, 9.33, 0.1),
                554561.56837: (1.54, 7.58, 0.1),
                554959.33212: (2.27, 5.73, 0.1),
                555954.836012: (2.88, 0.79, 0.1),
                556624.928544: (1.04, -2.01, 0.1),
                557229.577202: (-0.66, -4.51, 0.1),
                557834.22586: (1.04, -2.01, 0.1),
                558504.31839: (2.88, 0.79, 0.1),
                559499.822284: (2.27, 5.73, 0.1),
                559897.586032: (1.54, 7.58, 0.1),
                560274.547568: (0.84, 9.33, 0.1),
                560651.509106: (1.54, 7.58, 0.1),
                561049.272854: (2.27, 5.73, 0.1),
                562044.776746: (2.88, 0.79, 0.1),
                562714.869278: (1.04, -2.01, 0.1),
                563319.517936: (-0.66, -4.51, 0.1),
                563924.166594: (1.04, -2.01, 0.1),
                564594.259126: (2.88, 0.79, 0.1),
                565589.763018: (2.27, 5.73, 0.1),
                565987.526766: (1.54, 7.58, 0.1),
                566364.488304: (0.84, 9.33, 0.1),
                566741.44984: (1.54, 7.58, 0.1),
                567139.213588: (2.27, 5.73, 0.1),
                568134.717482: (2.88, 0.79, 0.1),
                568804.810012: (1.04, -2.01, 0.1),
                569409.45867: (-0.66, -4.51, 0.1),
                570014.107328: (1.04, -2.01, 0.1),
                570684.19986: (2.88, 0.79, 0.1),
                571679.703752: (2.27, 5.73, 0.1),
                572077.467502: (1.54, 7.58, 0.1),
                572454.429038: (0.84, 9.33, 0.1),
                572831.390574: (1.54, 7.58, 0.1),
                573229.154324: (2.27, 5.73, 0.1),
                574224.658216: (2.88, 0.79, 0.1),
                574894.750746: (1.04, -2.01, 0.1),
                575499.399404: (-0.66, -4.51, 0.1),
                576104.048064: (1.04, -2.01, 0.1),
                576774.140594: (2.88, 0.79, 0.1),
                577769.644486: (2.27, 5.73, 0.1),
                578167.408236: (1.54, 7.58, 0.1),
                578544.369772: (0.84, 9.33, 0.1),
                578921.331308: (1.54, 7.58, 0.1),
                579319.095058: (2.27, 5.73, 0.1),
                580314.59895: (2.88, 0.79, 0.1),
                580984.691482: (1.04, -2.01, 0.1),
                581589.34014: (-0.66, -4.51, 0.1),
                582193.988798: (1.04, -2.01, 0.1),
                582864.081328: (2.88, 0.79, 0.1),
                583859.585222: (2.27, 5.73, 0.1),
                584257.34897: (1.54, 7.58, 0.1),
                584634.310506: (0.84, 9.33, 0.1),
                585011.272044: (1.54, 7.58, 0.1),
                585409.035792: (2.27, 5.73, 0.1),
                586404.539684: (2.88, 0.79, 0.1),
                587074.632216: (1.04, -2.01, 0.1),
                587679.280874: (-0.66, -4.51, 0.1),
                588283.929532: (1.04, -2.01, 0.1),
                588954.022064: (2.88, 0.79, 0.1),
                589949.525956: (2.27, 5.73, 0.1),
                590347.289704: (1.54, 7.58, 0.1),
                590724.251242: (0.84, 9.33, 0.1),
                591101.212778: (1.54, 7.58, 0.1),
                591498.976526: (2.27, 5.73, 0.1),
                592494.48042: (2.88, 0.79, 0.1),
                593164.57295: (1.04, -2.01, 0.1),
                593769.221608: (-0.66, -4.51, 0.1),
                594373.870266: (1.04, -2.01, 0.1),
                595043.962798: (2.88, 0.79, 0.1),
                596039.46669: (2.27, 5.73, 0.1),
                596437.23044: (1.54, 7.58, 0.1),
                596814.191976: (0.84, 9.33, 0.1),
                597191.153512: (1.54, 7.58, 0.1),
                597588.91726: (2.27, 5.73, 0.1),
                598584.421154: (2.88, 0.79, 0.1),
                599254.513684: (1.04, -2.01, 0.1),
                599859.162342: (-0.66, -4.51, 0.1),
                600463.811002: (1.04, -2.01, 0.1),
                601133.903532: (2.88, 0.79, 0.1),
                602129.407424: (2.27, 5.73, 0.1),
                602527.171174: (1.54, 7.58, 0.1),
                602904.13271: (0.84, 9.33, 0.1),
                603281.094246: (1.54, 7.58, 0.1),
                603678.857996: (2.27, 5.73, 0.1),
                604674.361888: (2.88, 0.79, 0.1),
                605344.454418: (1.04, -2.01, 0.1),
                605949.103078: (-0.66, -4.51, 0.1),
                606553.751736: (1.04, -2.01, 0.1),
                607223.844266: (2.88, 0.79, 0.1),
                608219.348158: (2.27, 5.73, 0.1),
                608617.111908: (1.54, 7.58, 0.1),
                608994.073444: (0.84, 9.33, 0.1),
                609371.03498: (1.54, 7.58, 0.1),
                609768.79873: (2.27, 5.73, 0.1),
                610764.302622: (2.88, 0.79, 0.1),
                611434.395154: (1.04, -2.01, 0.1),
                612039.043812: (-0.66, -4.51, 0.1),
                612643.69247: (1.04, -2.01, 0.1),
                613313.785: (2.88, 0.79, 0.1),
                614309.288894: (2.27, 5.73, 0.1),
                614707.052642: (1.54, 7.58, 0.1),
                615084.014178: (0.84, 9.33, 0.1),
                615460.975716: (1.54, 7.58, 0.1),
                615858.739464: (2.27, 5.73, 0.1),
                616854.243356: (2.88, 0.79, 0.1),
                617524.335888: (1.04, -2.01, 0.1),
                618128.984546: (-0.66, -4.51, 0.1),
                618733.633204: (1.04, -2.01, 0.1),
                619403.725736: (2.88, 0.79, 0.1),
                620399.229628: (2.27, 5.73, 0.1),
                620796.993376: (1.54, 7.58, 0.1),
                621173.954914: (0.84, 9.33, 0.1),
                621550.91645: (1.54, 7.58, 0.1),
                621948.680198: (2.27, 5.73, 0.1),
                622944.184092: (2.88, 0.79, 0.1),
                623614.276622: (1.04, -2.01, 0.1),
                624218.92528: (-0.66, -4.51, 0.1),
                624823.573938: (1.04, -2.01, 0.1),
                625493.66647: (2.88, 0.79, 0.1),
                626489.170362: (2.27, 5.73, 0.1),
                626886.934112: (1.54, 7.58, 0.1),
                627263.895648: (0.84, 9.33, 0.1),
                627640.857184: (1.54, 7.58, 0.1),
                628038.620934: (2.27, 5.73, 0.1),
                629034.124826: (2.88, 0.79, 0.1),
                629704.217356: (1.04, -2.01, 0.1),
                630308.866014: (-0.66, -4.51, 0.1),
                630913.514674: (1.04, -2.01, 0.1),
                631583.607204: (2.88, 0.79, 0.1),
                632579.111096: (2.27, 5.73, 0.1),
                632976.874846: (1.54, 7.58, 0.1),
                633353.836382: (0.84, 9.33, 0.1),
                633730.797918: (1.54, 7.58, 0.1),
                634128.561668: (2.27, 5.73, 0.1),
                635124.06556: (2.88, 0.79, 0.1),
                635794.158092: (1.04, -2.01, 0.1),
                636398.80675: (-0.66, -4.51, 0.1),
                637003.455408: (1.04, -2.01, 0.1),
                637673.547938: (2.88, 0.79, 0.1),
                638669.051832: (2.27, 5.73, 0.1),
                639066.81558: (1.54, 7.58, 0.1),
                639443.777116: (0.84, 9.33, 0.1),
                639820.738654: (1.54, 7.58, 0.1),
                640218.502402: (2.27, 5.73, 0.1),
                641214.006294: (2.88, 0.79, 0.1),
                641884.098826: (1.04, -2.01, 0.1),
                642488.747484: (-0.66, -4.51, 0.1),
                643093.396142: (1.04, -2.01, 0.1),
                643763.488674: (2.88, 0.79, 0.1),
                644758.992566: (2.27, 5.73, 0.1),
                645156.756314: (1.54, 7.58, 0.1),
                645533.717852: (0.84, 9.33, 0.1),
                645910.679388: (1.54, 7.58, 0.1),
                646308.443136: (2.27, 5.73, 0.1),
                647303.94703: (2.88, 0.79, 0.1),
                647974.03956: (1.04, -2.01, 0.1),
                648578.688218: (-0.66, -4.51, 0.1),
                649183.336876: (1.04, -2.01, 0.1),
                649853.429408: (2.88, 0.79, 0.1),
                650848.9333: (2.27, 5.73, 0.1),
                651246.69705: (1.54, 7.58, 0.1),
                651623.658586: (0.84, 9.33, 0.1),
                652000.620122: (1.54, 7.58, 0.1),
                652398.38387: (2.27, 5.73, 0.1),
                653393.887764: (2.88, 0.79, 0.1),
                654063.980294: (1.04, -2.01, 0.1),
                654668.628952: (-0.66, -4.51, 0.1),
                655273.277612: (1.04, -2.01, 0.1),
                655943.370142: (2.88, 0.79, 0.1),
                656938.874034: (2.27, 5.73, 0.1),
                657336.637784: (1.54, 7.58, 0.1),
                657713.59932: (0.84, 9.33, 0.1),
                658090.560856: (1.54, 7.58, 0.1),
                658488.324606: (2.27, 5.73, 0.1),
                659483.828498: (2.88, 0.79, 0.1),
                660153.921028: (1.04, -2.01, 0.1),
                660758.569688: (-0.66, -4.51, 0.1),
                661363.218346: (1.04, -2.01, 0.1),
                662033.310876: (2.88, 0.79, 0.1),
                663028.814768: (2.27, 5.73, 0.1),
                663426.578518: (1.54, 7.58, 0.1),
                663803.540054: (0.84, 9.33, 0.1),
                664180.50159: (1.54, 7.58, 0.1),
                664578.26534: (2.27, 5.73, 0.1),
                665573.769232: (2.88, 0.79, 0.1),
                666243.861764: (1.04, -2.01, 0.1),
                666848.510422: (-0.66, -4.51, 0.1),
                667453.15908: (1.04, -2.01, 0.1),
                668123.25161: (2.88, 0.79, 0.1),
                669118.755504: (2.27, 5.73, 0.1),
                669516.519252: (1.54, 7.58, 0.1),
                669893.480788: (0.84, 9.33, 0.1),
                670270.442326: (1.54, 7.58, 0.1),
                670668.206074: (2.27, 5.73, 0.1),
                671663.709966: (2.88, 0.79, 0.1),
                672333.802498: (1.04, -2.01, 0.1),
                672938.451156: (-0.66, -4.51, 0.1),
                673543.099814: (1.04, -2.01, 0.1),
                674213.192346: (2.88, 0.79, 0.1),
                675208.696238: (2.27, 5.73, 0.1),
                675606.459986: (1.54, 7.58, 0.1),
                675983.421524: (0.84, 9.33, 0.1),
                676360.38306: (1.54, 7.58, 0.1),
                676758.146808: (2.27, 5.73, 0.1),
                677753.650702: (2.88, 0.79, 0.1),
                678423.743232: (1.04, -2.01, 0.1),
                679028.39189: (-0.66, -4.51, 0.1),
                679633.040548: (1.04, -2.01, 0.1),
                680303.13308: (2.88, 0.79, 0.1),
                681298.636972: (2.27, 5.73, 0.1),
                681696.400722: (1.54, 7.58, 0.1),
                682073.362258: (0.84, 9.33, 0.1),
                682450.323794: (1.54, 7.58, 0.1),
                682848.087544: (2.27, 5.73, 0.1),
                683843.591436: (2.88, 0.79, 0.1),
                684513.683966: (1.04, -2.01, 0.1),
                685118.332624: (-0.66, -4.51, 0.1),
                685722.981284: (1.04, -2.01, 0.1),
                686393.073814: (2.88, 0.79, 0.1),
                687388.577706: (2.27, 5.73, 0.1),
                687786.341456: (1.54, 7.58, 0.1),
                688163.302992: (0.84, 9.33, 0.1),
                688540.264528: (1.54, 7.58, 0.1),
                688938.028278: (2.27, 5.73, 0.1),
                689933.53217: (2.88, 0.79, 0.1),
                690603.624702: (1.04, -2.01, 0.1),
                691208.27336: (-0.66, -4.51, 0.1),
                691812.922018: (1.04, -2.01, 0.1),
                692483.014548: (2.88, 0.79, 0.1),
                693478.518442: (2.27, 5.73, 0.1),
                693876.28219: (1.54, 7.58, 0.1),
                694253.243726: (0.84, 9.33, 0.1),
                694630.205264: (1.54, 7.58, 0.1),
                695027.969012: (2.27, 5.73, 0.1),
                696023.472904: (2.88, 0.79, 0.1),
                696693.565436: (1.04, -2.01, 0.1),
                697298.214094: (-0.66, -4.51, 0.1),
                697902.862752: (1.04, -2.01, 0.1),
                698572.955284: (2.88, 0.79, 0.1),
                699568.459176: (2.27, 5.73, 0.1),
                699966.222924: (1.54, 7.58, 0.1),
                700343.184462: (0.84, 9.33, 0.1),
                700720.145998: (1.54, 7.58, 0.1),
                701117.909746: (2.27, 5.73, 0.1),
                702113.41364: (2.88, 0.79, 0.1),
                702783.50617: (1.04, -2.01, 0.1),
                703388.154828: (-0.66, -4.51, 0.1),
                703992.803486: (1.04, -2.01, 0.1),
                704662.896018: (2.88, 0.79, 0.1),
                705658.39991: (2.27, 5.73, 0.1),
                706056.163658: (1.54, 7.58, 0.1),
                706433.125196: (0.84, 9.33, 0.1),
                706810.086732: (1.54, 7.58, 0.1),
                707207.85048: (2.27, 5.73, 0.1),
                708203.354374: (2.88, 0.79, 0.1),
                708873.446904: (1.04, -2.01, 0.1),
                709478.095562: (-0.66, -4.51, 0.1),
                710082.744222: (1.04, -2.01, 0.1),
                710752.836752: (2.88, 0.79, 0.1),
                711748.340644: (2.27, 5.73, 0.1),
                712146.104394: (1.54, 7.58, 0.1),
                712523.06593: (0.84, 9.33, 0.1),
                712900.027466: (1.54, 7.58, 0.1),
                713297.791216: (2.27, 5.73, 0.1),
                714293.295108: (2.88, 0.79, 0.1),
                714963.387638: (1.04, -2.01, 0.1),
                715568.036298: (-0.66, -4.51, 0.1),
                716172.684956: (1.04, -2.01, 0.1),
                716842.777486: (2.88, 0.79, 0.1),
                717838.281378: (2.27, 5.73, 0.1),
                718236.045128: (1.54, 7.58, 0.1),
                718613.006664: (0.84, 9.33, 0.1),
                718989.9682: (1.54, 7.58, 0.1),
                719387.73195: (2.27, 5.73, 0.1),
                720383.235842: (2.88, 0.79, 0.1),
                721053.328374: (1.04, -2.01, 0.1),
                721657.977032: (-0.66, -4.51, 0.1),
                722262.62569: (1.04, -2.01, 0.1),
                722932.71822: (2.88, 0.79, 0.1),
                723928.222114: (2.27, 5.73, 0.1),
                724325.985862: (1.54, 7.58, 0.1),
                724702.947398: (0.84, 9.33, 0.1),
                725079.908936: (1.54, 7.58, 0.1),
                725477.672684: (2.27, 5.73, 0.1),
                726473.176576: (2.88, 0.79, 0.1),
                727143.269108: (1.04, -2.01, 0.1),
                727747.917766: (-0.66, -4.51, 0.1),
                728352.566424: (1.04, -2.01, 0.1),
                729022.658956: (2.88, 0.79, 0.1),
                730018.162848: (2.27, 5.73, 0.1),
                730415.926596: (1.54, 7.58, 0.1),
                730792.888134: (0.84, 9.33, 0.1),
                731169.84967: (1.54, 7.58, 0.1),
                731567.613418: (2.27, 5.73, 0.1),
                732563.117312: (2.88, 0.79, 0.1),
                733233.209842: (1.04, -2.01, 0.1),
                733837.8585: (-0.66, -4.51, 0.1),
                734442.507158: (1.04, -2.01, 0.1),
                735112.59969: (2.88, 0.79, 0.1),
                736108.103582: (2.27, 5.73, 0.1),
                736505.867332: (1.54, 7.58, 0.1),
                736882.828868: (0.84, 9.33, 0.1),
                737259.790404: (1.54, 7.58, 0.1),
                737657.554154: (2.27, 5.73, 0.1),
                738653.058046: (2.88, 0.79, 0.1),
                739323.150576: (1.04, -2.01, 0.1),
                739927.799234: (-0.66, -4.51, 0.1),
                740532.447894: (1.04, -2.01, 0.1),
                741202.540424: (2.88, 0.79, 0.1),
                742198.044316: (2.27, 5.73, 0.1),
                742595.808066: (1.54, 7.58, 0.1),
                742972.769602: (0.84, 9.33, 0.1),
                743349.731138: (1.54, 7.58, 0.1),
                743747.494888: (2.27, 5.73, 0.1),
                744742.99878: (2.88, 0.79, 0.1),
                745413.091312: (1.04, -2.01, 0.1),
                746017.73997: (-0.66, -4.51, 0.1),
                746622.388628: (1.04, -2.01, 0.1),
                747292.481158: (2.88, 0.79, 0.1),
                748287.985052: (2.27, 5.73, 0.1),
                748685.7488: (1.54, 7.58, 0.1),
                749062.710336: (0.84, 9.33, 0.1),
                749439.671874: (1.54, 7.58, 0.1),
                749837.435622: (2.27, 5.73, 0.1),
                750832.939514: (2.88, 0.79, 0.1),
                751503.032046: (1.04, -2.01, 0.1),
                752107.680704: (-0.66, -4.51, 0.1),
                752712.329362: (1.04, -2.01, 0.1),
                753382.421894: (2.88, 0.79, 0.1),
                754377.925786: (2.27, 5.73, 0.1),
                754775.689534: (1.54, 7.58, 0.1),
                755152.651072: (0.84, 9.33, 0.1),
                755529.612608: (1.54, 7.58, 0.1),
                755927.376356: (2.27, 5.73, 0.1),
                756922.88025: (2.88, 0.79, 0.1),
                757592.97278: (1.04, -2.01, 0.1),
                758197.621438: (-0.66, -4.51, 0.1),
                758802.270096: (1.04, -2.01, 0.1),
                759472.362628: (2.88, 0.79, 0.1),
                760467.86652: (2.27, 5.73, 0.1),
                760865.630268: (1.54, 7.58, 0.1),
                761242.591806: (0.84, 9.33, 0.1),
                761619.553342: (1.54, 7.58, 0.1),
                762017.31709: (2.27, 5.73, 0.1),
                763012.820984: (2.88, 0.79, 0.1),
                763682.913514: (1.04, -2.01, 0.1),
                764287.562172: (-0.66, -4.51, 0.1),
                764892.210832: (1.04, -2.01, 0.1),
                765562.303362: (2.88, 0.79, 0.1),
                766557.807254: (2.27, 5.73, 0.1),
                766955.571004: (1.54, 7.58, 0.1),
                767332.53254: (0.84, 9.33, 0.1),
                767709.494076: (1.54, 7.58, 0.1),
                768107.257826: (2.27, 5.73, 0.1),
                769102.761718: (2.88, 0.79, 0.1),
                769772.854248: (1.04, -2.01, 0.1),
                770377.502908: (-0.66, -4.51, 0.1),
                770982.151566: (1.04, -2.01, 0.1),
                771652.244096: (2.88, 0.79, 0.1),
                772647.747988: (2.27, 5.73, 0.1),
                773045.511738: (1.54, 7.58, 0.1),
                773422.473274: (0.84, 9.33, 0.1),
                773799.43481: (1.54, 7.58, 0.1),
                774197.19856: (2.27, 5.73, 0.1),
                775192.702452: (2.88, 0.79, 0.1),
                775862.794984: (1.04, -2.01, 0.1),
                776467.443642: (-0.66, -4.51, 0.1),
                777072.0923: (1.04, -2.01, 0.1),
                777742.18483: (2.88, 0.79, 0.1),
                778737.688724: (2.27, 5.73, 0.1),
                779135.452472: (1.54, 7.58, 0.1),
                779512.414008: (0.84, 9.33, 0.1),
                779889.375546: (1.54, 7.58, 0.1),
                780287.139294: (2.27, 5.73, 0.1),
                781282.643186: (2.88, 0.79, 0.1),
                781952.735718: (1.04, -2.01, 0.1),
                782557.384376: (-0.66, -4.51, 0.1),
                783162.033034: (1.04, -2.01, 0.1),
                783832.125566: (2.88, 0.79, 0.1),
                784827.629458: (2.27, 5.73, 0.1),
                785225.393206: (1.54, 7.58, 0.1),
                785602.354744: (0.84, 9.33, 0.1),
                785979.31628: (1.54, 7.58, 0.1),
                786377.080028: (2.27, 5.73, 0.1),
                787372.583922: (2.88, 0.79, 0.1),
                788042.676452: (1.04, -2.01, 0.1),
                788647.32511: (-0.66, -4.51, 0.1),
                789251.973768: (1.04, -2.01, 0.1),
                789922.0663: (2.88, 0.79, 0.1),
                790917.570192: (2.27, 5.73, 0.1),
                791315.333942: (1.54, 7.58, 0.1),
                791692.295478: (0.84, 9.33, 0.1),
                792069.257014: (1.54, 7.58, 0.1),
                792467.020764: (2.27, 5.73, 0.1),
                793462.524656: (2.88, 0.79, 0.1),
                794132.617186: (1.04, -2.01, 0.1),
                794737.265844: (-0.66, -4.51, 0.1),
                795341.914504: (1.04, -2.01, 0.1),
                796012.007034: (2.88, 0.79, 0.1),
                797007.510926: (2.27, 5.73, 0.1),
                797405.274676: (1.54, 7.58, 0.1),
                797782.236212: (0.84, 9.33, 0.1),
                798159.197748: (1.54, 7.58, 0.1),
                798556.961498: (2.27, 5.73, 0.1),
                799552.46539: (2.88, 0.79, 0.1),
                800222.557922: (1.04, -2.01, 0.1),
                800827.20658: (-0.66, -4.51, 0.1),
                801431.855238: (1.04, -2.01, 0.1),
                802101.947768: (2.88, 0.79, 0.1),
                803097.451662: (2.27, 5.73, 0.1),
                803495.21541: (1.54, 7.58, 0.1),
                803872.176946: (0.84, 9.33, 0.1),
                804249.138484: (1.54, 7.58, 0.1),
                804646.902232: (2.27, 5.73, 0.1),
                805642.406124: (2.88, 0.79, 0.1),
                806312.498656: (1.04, -2.01, 0.1),
                806917.147314: (-0.66, -4.51, 0.1),
                807521.795972: (1.04, -2.01, 0.1),
                808191.888504: (2.88, 0.79, 0.1),
                809187.392396: (2.27, 5.73, 0.1),
                809585.156144: (1.54, 7.58, 0.1),
                809962.117682: (0.84, 9.33, 0.1),
                810339.079218: (1.54, 7.58, 0.1),
                810736.842966: (2.27, 5.73, 0.1),
                811732.34686: (2.88, 0.79, 0.1),
                812402.43939: (1.04, -2.01, 0.1),
                813007.088048: (-0.66, -4.51, 0.1),
                813611.736706: (1.04, -2.01, 0.1),
                814281.829238: (2.88, 0.79, 0.1),
                815277.33313: (2.27, 5.73, 0.1),
                815675.096878: (1.54, 7.58, 0.1),
                816052.058416: (0.84, 9.33, 0.1),
                816429.019952: (1.54, 7.58, 0.1),
                816826.7837: (2.27, 5.73, 0.1),
                817822.287594: (2.88, 0.79, 0.1),
                818492.380124: (1.04, -2.01, 0.1),
                819097.028782: (-0.66, -4.51, 0.1),
                819701.677442: (1.04, -2.01, 0.1),
                820371.769972: (2.88, 0.79, 0.1),
                821367.273864: (2.27, 5.73, 0.1),
                821765.037614: (1.54, 7.58, 0.1),
                822141.99915: (0.84, 9.33, 0.1),
                822518.960686: (1.54, 7.58, 0.1),
                822916.724436: (2.27, 5.73, 0.1),
                823912.228328: (2.88, 0.79, 0.1),
                824582.320858: (1.04, -2.01, 0.1),
                825186.969518: (-0.66, -4.51, 0.1),
                825791.618176: (1.04, -2.01, 0.1),
                826461.710706: (2.88, 0.79, 0.1),
                827457.214598: (2.27, 5.73, 0.1),
                827854.978348: (1.54, 7.58, 0.1),
                828231.939884: (0.84, 9.33, 0.1),
                828608.90142: (1.54, 7.58, 0.1),
                829006.66517: (2.27, 5.73, 0.1),
                830002.169062: (2.88, 0.79, 0.1),
                830672.261594: (1.04, -2.01, 0.1),
                831276.910252: (-0.66, -4.51, 0.1),
                831881.55891: (1.04, -2.01, 0.1),
                832551.65144: (2.88, 0.79, 0.1),
                833547.155334: (2.27, 5.73, 0.1),
                833944.919082: (1.54, 7.58, 0.1),
                834321.880618: (0.84, 9.33, 0.1),
                834698.842156: (1.54, 7.58, 0.1),
                835096.605904: (2.27, 5.73, 0.1),
                836092.109796: (2.88, 0.79, 0.1),
                836762.202328: (1.04, -2.01, 0.1),
                837366.850986: (-0.66, -4.51, 0.1),
                837971.499644: (1.04, -2.01, 0.1),
                838641.592176: (2.88, 0.79, 0.1),
                839637.096068: (2.27, 5.73, 0.1),
                840034.859816: (1.54, 7.58, 0.1),
                840411.821354: (0.84, 9.33, 0.1),
                840788.78289: (1.54, 7.58, 0.1),
                841186.546638: (2.27, 5.73, 0.1),
                842182.050532: (2.88, 0.79, 0.1),
                842852.143062: (1.04, -2.01, 0.1),
                843456.79172: (-0.66, -4.51, 0.1),
                844061.440378: (1.04, -2.01, 0.1),
                844731.53291: (2.88, 0.79, 0.1),
                845727.036802: (2.27, 5.73, 0.1),
                846124.800552: (1.54, 7.58, 0.1),
                846501.762088: (0.84, 9.33, 0.1),
                846878.723624: (1.54, 7.58, 0.1),
                847276.487374: (2.27, 5.73, 0.1),
                848271.991266: (2.88, 0.79, 0.1),
                848942.083796: (1.04, -2.01, 0.1),
                849546.732454: (-0.66, -4.51, 0.1),
                850151.381114: (1.04, -2.01, 0.1),
                850821.473644: (2.88, 0.79, 0.1),
                851816.977536: (2.27, 5.73, 0.1),
                852214.741286: (1.54, 7.58, 0.1),
                852591.702822: (0.84, 9.33, 0.1),
                852968.664358: (1.54, 7.58, 0.1),
                853366.428108: (2.27, 5.73, 0.1),
                854361.932: (2.88, 0.79, 0.1),
                855032.024532: (1.04, -2.01, 0.1),
                855636.67319: (-0.66, -4.51, 0.1),
                856241.321848: (1.04, -2.01, 0.1),
                856911.414378: (2.88, 0.79, 0.1),
                857906.918272: (2.27, 5.73, 0.1),
                858304.68202: (1.54, 7.58, 0.1),
                858681.643556: (0.84, 9.33, 0.1),
                859058.605094: (1.54, 7.58, 0.1),
                859456.368842: (2.27, 5.73, 0.1),
                860451.872734: (2.88, 0.79, 0.1),
                861121.965266: (1.04, -2.01, 0.1),
                861726.613924: (-0.66, -4.51, 0.1),
                862331.262582: (1.04, -2.01, 0.1),
                863001.355114: (2.88, 0.79, 0.1),
                863996.859006: (2.27, 5.73, 0.1),
                864394.622754: (1.54, 7.58, 0.1),
                864771.584292: (0.84, 9.33, 0.1),
                865148.545828: (1.54, 7.58, 0.1),
                865546.309576: (2.27, 5.73, 0.1),
                866541.81347: (2.88, 0.79, 0.1),
                867211.906: (1.04, -2.01, 0.1),
                867816.554658: (-0.66, -4.51, 0.1),
                868421.203316: (1.04, -2.01, 0.1),
                869091.295848: (2.88, 0.79, 0.1),
                870086.79974: (2.27, 5.73, 0.1),
                870484.563488: (1.54, 7.58, 0.1),
                870861.525026: (0.84, 9.33, 0.1),
                871238.486562: (1.54, 7.58, 0.1),
                871636.25031: (2.27, 5.73, 0.1),
                872631.754204: (2.88, 0.79, 0.1),
                873301.846734: (1.04, -2.01, 0.1),
                873906.495392: (-0.66, -4.51, 0.1),
                874511.144052: (1.04, -2.01, 0.1),
                875181.236582: (2.88, 0.79, 0.1),
                876176.740474: (2.27, 5.73, 0.1),
                876574.504224: (1.54, 7.58, 0.1),
                876951.46576: (0.84, 9.33, 0.1),
                877328.427296: (1.54, 7.58, 0.1),
                877726.191046: (2.27, 5.73, 0.1),
                878721.694938: (2.88, 0.79, 0.1),
                879391.787468: (1.04, -2.01, 0.1),
                879996.436128: (-0.66, -4.51, 0.1),
                880601.084786: (1.04, -2.01, 0.1),
                881271.177316: (2.88, 0.79, 0.1),
                882266.681208: (2.27, 5.73, 0.1),
                882664.444958: (1.54, 7.58, 0.1),
                883041.406494: (0.84, 9.33, 0.1),
                883418.36803: (1.54, 7.58, 0.1),
                883816.13178: (2.27, 5.73, 0.1),
                884811.635672: (2.88, 0.79, 0.1),
                885481.728204: (1.04, -2.01, 0.1),
                886086.376862: (-0.66, -4.51, 0.1),
                886691.02552: (1.04, -2.01, 0.1),
                887361.11805: (2.88, 0.79, 0.1),
                888356.621944: (2.27, 5.73, 0.1),
                888754.385692: (1.54, 7.58, 0.1),
                889131.347228: (0.84, 9.33, 0.1),
                889508.308766: (1.54, 7.58, 0.1),
                889906.072514: (2.27, 5.73, 0.1),
                890901.576406: (2.88, 0.79, 0.1),
                891571.668938: (1.04, -2.01, 0.1),
                892176.317596: (-0.66, -4.51, 0.1),
                892780.966254: (1.04, -2.01, 0.1),
                893451.058786: (2.88, 0.79, 0.1),
                894446.562678: (2.27, 5.73, 0.1),
                894844.326426: (1.54, 7.58, 0.1),
                895221.287964: (0.84, 9.33, 0.1),
                895598.2495: (1.54, 7.58, 0.1),
                895996.013248: (2.27, 5.73, 0.1),
                896991.517142: (2.88, 0.79, 0.1),
                897661.609672: (1.04, -2.01, 0.1),
                898266.25833: (-0.66, -4.51, 0.1),
                898870.906988: (1.04, -2.01, 0.1),
                899540.99952: (2.88, 0.79, 0.1),
                900536.503412: (2.27, 5.73, 0.1),
                900934.267162: (1.54, 7.58, 0.1),
                901311.228698: (0.84, 9.33, 0.1),
                901688.190234: (1.54, 7.58, 0.1),
                902085.953984: (2.27, 5.73, 0.1),
                903081.457876: (2.88, 0.79, 0.1),
                903751.550406: (1.04, -2.01, 0.1),
                904356.199064: (-0.66, -4.51, 0.1),
                904960.847724: (1.04, -2.01, 0.1),
                905630.940254: (2.88, 0.79, 0.1),
                906626.444146: (2.27, 5.73, 0.1),
                907024.207896: (1.54, 7.58, 0.1),
                907401.169432: (0.84, 9.33, 0.1),
                907778.130968: (1.54, 7.58, 0.1),
                908175.894718: (2.27, 5.73, 0.1),
                909171.39861: (2.88, 0.79, 0.1),
                909841.491142: (1.04, -2.01, 0.1),
                910446.1398: (-0.66, -4.51, 0.1),
                911050.788458: (1.04, -2.01, 0.1),
                911720.880988: (2.88, 0.79, 0.1),
                912716.384882: (2.27, 5.73, 0.1),
                913114.14863: (1.54, 7.58, 0.1),
                913491.110166: (0.84, 9.33, 0.1),
                913868.071704: (1.54, 7.58, 0.1),
                914265.835452: (2.27, 5.73, 0.1),
                915261.339344: (2.88, 0.79, 0.1),
                915931.431876: (1.04, -2.01, 0.1),
                916536.080534: (-0.66, -4.51, 0.1),
                917140.729192: (1.04, -2.01, 0.1),
                917810.821724: (2.88, 0.79, 0.1),
                918806.325616: (2.27, 5.73, 0.1),
                919204.089364: (1.54, 7.58, 0.1),
                919581.050902: (0.84, 9.33, 0.1),
                919958.012438: (1.54, 7.58, 0.1),
                920355.776186: (2.27, 5.73, 0.1),
                921351.28008: (2.88, 0.79, 0.1),
                922021.37261: (1.04, -2.01, 0.1),
                922626.021268: (-0.66, -4.51, 0.1),
                923230.669926: (1.04, -2.01, 0.1),
                923900.762458: (2.88, 0.79, 0.1),
                924896.26635: (2.27, 5.73, 0.1),
                925294.030098: (1.54, 7.58, 0.1),
                925670.991636: (0.84, 9.33, 0.1),
                926047.953172: (1.54, 7.58, 0.1),
                926445.71692: (2.27, 5.73, 0.1),
                927441.220814: (2.88, 0.79, 0.1),
                928111.313344: (1.04, -2.01, 0.1),
                928715.962002: (-0.66, -4.51, 0.1),
                929320.610662: (1.04, -2.01, 0.1),
                929990.703192: (2.88, 0.79, 0.1),
                930986.207084: (2.27, 5.73, 0.1),
                931383.970834: (1.54, 7.58, 0.1),
                931760.93237: (0.84, 9.33, 0.1),
                932137.893906: (1.54, 7.58, 0.1),
                932535.657656: (2.27, 5.73, 0.1),
                933531.161548: (2.88, 0.79, 0.1),
                934201.254078: (1.04, -2.01, 0.1),
                934805.902738: (-0.66, -4.51, 0.1),
                935410.551396: (1.04, -2.01, 0.1),
                936080.643926: (2.88, 0.79, 0.1),
                937076.147818: (2.27, 5.73, 0.1),
                937473.911568: (1.54, 7.58, 0.1),
                937850.873104: (0.84, 9.33, 0.1),
                938227.83464: (1.54, 7.58, 0.1),
                938625.59839: (2.27, 5.73, 0.1),
                939621.102282: (2.88, 0.79, 0.1),
                940291.194814: (1.04, -2.01, 0.1),
                940895.843472: (-0.66, -4.51, 0.1),
                941500.49213: (1.04, -2.01, 0.1),
                942170.58466: (2.88, 0.79, 0.1),
                943166.088554: (2.27, 5.73, 0.1),
                943563.852302: (1.54, 7.58, 0.1),
                943940.813838: (0.84, 9.33, 0.1),
                944317.775376: (1.54, 7.58, 0.1),
                944715.539124: (2.27, 5.73, 0.1),
                945711.043016: (2.88, 0.79, 0.1),
                946381.135548: (1.04, -2.01, 0.1),
                946985.784206: (-0.66, -4.51, 0.1),
                947590.432864: (1.04, -2.01, 0.1),
                948260.525396: (2.88, 0.79, 0.1),
                949256.029288: (2.27, 5.73, 0.1),
                949653.793036: (1.54, 7.58, 0.1),
                950030.754574: (0.84, 9.33, 0.1),
                950407.71611: (1.54, 7.58, 0.1),
                950805.479858: (2.27, 5.73, 0.1),
                951800.983752: (2.88, 0.79, 0.1),
                952471.076282: (1.04, -2.01, 0.1),
                953075.72494: (-0.66, -4.51, 0.1),
                953680.373598: (1.04, -2.01, 0.1),
                954350.46613: (2.88, 0.79, 0.1),
                955345.970022: (2.27, 5.73, 0.1),
                955743.733772: (1.54, 7.58, 0.1),
                956120.695308: (0.84, 9.33, 0.1),
                956497.656844: (1.54, 7.58, 0.1),
                956895.420594: (2.27, 5.73, 0.1),
                957890.924486: (2.88, 0.79, 0.1),
                958561.017016: (1.04, -2.01, 0.1),
                959165.665674: (-0.66, -4.51, 0.1),
                959770.314334: (1.04, -2.01, 0.1),
                960440.406864: (2.88, 0.79, 0.1),
                961435.910756: (2.27, 5.73, 0.1),
                961833.674506: (1.54, 7.58, 0.1),
                962210.636042: (0.84, 9.33, 0.1),
                962587.597578: (1.54, 7.58, 0.1),
                962985.361328: (2.27, 5.73, 0.1),
                963980.86522: (2.88, 0.79, 0.1),
                964650.957752: (1.04, -2.01, 0.1),
                965255.60641: (-0.66, -4.51, 0.1),
                965860.255068: (1.04, -2.01, 0.1),
                966530.347598: (2.88, 0.79, 0.1),
                967525.851492: (2.27, 5.73, 0.1),
                967923.61524: (1.54, 7.58, 0.1),
                968300.576776: (0.84, 9.33, 0.1),
                968677.538314: (1.54, 7.58, 0.1),
                969075.302062: (2.27, 5.73, 0.1),
                970070.805954: (2.88, 0.79, 0.1),
                970740.898486: (1.04, -2.01, 0.1),
                971345.547144: (-0.66, -4.51, 0.1),
                971950.195802: (1.04, -2.01, 0.1),
                972620.288334: (2.88, 0.79, 0.1),
                973615.792226: (2.27, 5.73, 0.1),
                974013.555974: (1.54, 7.58, 0.1),
                974390.517512: (0.84, 9.33, 0.1),
                974767.479048: (1.54, 7.58, 0.1),
                975165.242796: (2.27, 5.73, 0.1),
                976160.74669: (2.88, 0.79, 0.1),
                976830.83922: (1.04, -2.01, 0.1),
                977435.487878: (-0.66, -4.51, 0.1),
                978040.136536: (1.04, -2.01, 0.1),
                978710.229068: (2.88, 0.79, 0.1),
                979705.73296: (2.27, 5.73, 0.1),
                980103.496708: (1.54, 7.58, 0.1),
                980480.458246: (0.84, 9.33, 0.1),
                980857.419782: (1.54, 7.58, 0.1),
                981255.18353: (2.27, 5.73, 0.1),
                982250.687424: (2.88, 0.79, 0.1),
                982920.779954: (1.04, -2.01, 0.1),
                983525.428612: (-0.66, -4.51, 0.1),
                984130.077272: (1.04, -2.01, 0.1),
                984800.169802: (2.88, 0.79, 0.1),
                985795.673694: (2.27, 5.73, 0.1),
                986193.437444: (1.54, 7.58, 0.1),
                986570.39898: (0.84, 9.33, 0.1),
                986947.360516: (1.54, 7.58, 0.1),
                987345.124266: (2.27, 5.73, 0.1),
                988340.628158: (2.88, 0.79, 0.1),
                989010.720688: (1.04, -2.01, 0.1),
                989615.369348: (-0.66, -4.51, 0.1),
                990220.018006: (1.04, -2.01, 0.1),
                990890.110536: (2.88, 0.79, 0.1),
                991885.614428: (2.27, 5.73, 0.1),
                992283.378178: (1.54, 7.58, 0.1),
                992660.339714: (0.84, 9.33, 0.1),
                993037.30125: (1.54, 7.58, 0.1),
                993435.065: (2.27, 5.73, 0.1),
                994430.568892: (2.88, 0.79, 0.1),
                995100.661424: (1.04, -2.01, 0.1),
                995705.310082: (-0.66, -4.51, 0.1),
                996309.95874: (1.04, -2.01, 0.1),
                996980.05127: (2.88, 0.79, 0.1),
                997975.555164: (2.27, 5.73, 0.1),
                998373.318912: (1.54, 7.58, 0.1),
                998750.280448: (0.84, 9.33, 0.1),
                999127.241986: (1.54, 7.58, 0.1),
                999525.005734: (2.27, 5.73, 0.1),
                1000520.509626: (2.88, 0.79, 0.1),
                1001190.602158: (1.04, -2.01, 0.1),
                1001795.250816: (-0.66, -4.51, 0.1),
                1002399.899474: (1.04, -2.01, 0.1),
                1003069.992006: (2.88, 0.79, 0.1),
                1004065.495898: (2.27, 5.73, 0.1),
                1004463.259646: (1.54, 7.58, 0.1),
                1004840.221184: (0.84, 9.33, 0.1),
                1005217.18272: (1.54, 7.58, 0.1),
                1005614.946468: (2.27, 5.73, 0.1),
                1006610.450362: (2.88, 0.79, 0.1),
                1007280.542892: (1.04, -2.01, 0.1),
                1007885.19155: (-0.66, -4.51, 0.1),
                1008489.840208: (1.04, -2.01, 0.1),
                1009159.93274: (2.88, 0.79, 0.1),
                1010155.436632: (2.27, 5.73, 0.1),
                1010553.200382: (1.54, 7.58, 0.1),
                1010930.161918: (0.84, 9.33, 0.1),
                1011307.123454: (1.54, 7.58, 0.1),
                1011704.887204: (2.27, 5.73, 0.1),
                1012700.391096: (2.88, 0.79, 0.1),
                1013370.483626: (1.04, -2.01, 0.1),
                1013975.132284: (-0.66, -4.51, 0.1),
                1014579.780944: (1.04, -2.01, 0.1),
                1015249.873474: (2.88, 0.79, 0.1),
                1016245.377366: (2.27, 5.73, 0.1),
                1016643.141116: (1.54, 7.58, 0.1),
                1017020.102652: (0.84, 9.33, 0.1),
                1017397.064188: (1.54, 7.58, 0.1),
                1017794.827938: (2.27, 5.73, 0.1),
                1018790.33183: (2.88, 0.79, 0.1),
                1019460.424362: (1.04, -2.01, 0.1),
                1020065.07302: (-0.66, -4.51, 0.1),
                1020669.721678: (1.04, -2.01, 0.1),
                1021339.814208: (2.88, 0.79, 0.1),
                1022335.318102: (2.27, 5.73, 0.1),
                1022733.08185: (1.54, 7.58, 0.1),
                1023110.043386: (0.84, 9.33, 0.1),
                1023487.004924: (1.54, 7.58, 0.1),
                1023884.768672: (2.27, 5.73, 0.1),
                1024880.272564: (2.88, 0.79, 0.1),
                1025550.365096: (1.04, -2.01, 0.1),
                1026155.013754: (-0.66, -4.51, 0.1),
                1026759.662412: (1.04, -2.01, 0.1),
                1027429.754944: (2.88, 0.79, 0.1),
                1028425.258836: (2.27, 5.73, 0.1),
                1028823.022584: (1.54, 7.58, 0.1),
                1029199.984122: (0.84, 9.33, 0.1),
                1029576.945658: (1.54, 7.58, 0.1),
                1029974.709406: (2.27, 5.73, 0.1),
                1030970.2133: (2.88, 0.79, 0.1),
                1031640.30583: (1.04, -2.01, 0.1),
                1032244.954488: (-0.66, -4.51, 0.1),
                1032849.603146: (1.04, -2.01, 0.1),
                1033519.695678: (2.88, 0.79, 0.1),
                1034515.19957: (2.27, 5.73, 0.1),
                1034912.963318: (1.54, 7.58, 0.1),
                1035289.924856: (0.84, 9.33, 0.1),
                1035666.886392: (1.54, 7.58, 0.1),
                1036064.65014: (2.27, 5.73, 0.1),
                1037060.154034: (2.88, 0.79, 0.1),
                1037730.246564: (1.04, -2.01, 0.1),
                1038334.895222: (-0.66, -4.51, 0.1),
                1038939.543882: (1.04, -2.01, 0.1),
                1039609.636412: (2.88, 0.79, 0.1),
                1040605.140304: (2.27, 5.73, 0.1),
                1041002.904054: (1.54, 7.58, 0.1),
                1041379.86559: (0.84, 9.33, 0.1),
                1041756.827126: (1.54, 7.58, 0.1),
                1042154.590876: (2.27, 5.73, 0.1),
                1043150.094768: (2.88, 0.79, 0.1),
                1043820.187298: (1.04, -2.01, 0.1),
                1044424.835958: (-0.66, -4.51, 0.1),
                1045029.484616: (1.04, -2.01, 0.1),
                1045699.577146: (2.88, 0.79, 0.1),
                1046695.081038: (2.27, 5.73, 0.1),
                1047092.844788: (1.54, 7.58, 0.1),
                1047469.806324: (0.84, 9.33, 0.1),
                1047846.76786: (1.54, 7.58, 0.1),
                1048244.53161: (2.27, 5.73, 0.1),
                1049240.035502: (2.88, 0.79, 0.1),
                1049910.128034: (1.04, -2.01, 0.1),
                1050514.776692: (-0.66, -4.51, 0.1),
                1051119.42535: (1.04, -2.01, 0.1),
                1051789.51788: (2.88, 0.79, 0.1),
                1052785.021774: (2.27, 5.73, 0.1),
                1053182.785522: (1.54, 7.58, 0.1),
                1053559.747058: (0.84, 9.33, 0.1),
                1053936.708596: (1.54, 7.58, 0.1),
                1054334.472344: (2.27, 5.73, 0.1),
                1055329.976236: (2.88, 0.79, 0.1),
                1056000.068768: (1.04, -2.01, 0.1),
                1056604.717426: (-0.66, -4.51, 0.1),
                1057209.366084: (1.04, -2.01, 0.1),
                1057879.458616: (2.88, 0.79, 0.1),
                1058874.962508: (2.27, 5.73, 0.1),
                1059272.726256: (1.54, 7.58, 0.1),
                1059649.687794: (0.84, 9.33, 0.1),
                1060026.64933: (1.54, 7.58, 0.1),
                1060424.413078: (2.27, 5.73, 0.1),
                1061419.916972: (2.88, 0.79, 0.1),
                1062090.009502: (1.04, -2.01, 0.1),
                1062694.65816: (-0.66, -4.51, 0.1),
                1063299.306818: (1.04, -2.01, 0.1),
                1063969.39935: (2.88, 0.79, 0.1),
                1064964.903242: (2.27, 5.73, 0.1),
                1065362.666992: (1.54, 7.58, 0.1),
                1065739.628528: (0.84, 9.33, 0.1),
                1066116.590064: (1.54, 7.58, 0.1),
                1066514.353814: (2.27, 5.73, 0.1),
                1067509.857706: (2.88, 0.79, 0.1),
                1068179.950236: (1.04, -2.01, 0.1),
                1068784.598894: (-0.66, -4.51, 0.1),
                1069389.247554: (1.04, -2.01, 0.1),
                1070059.340084: (2.88, 0.79, 0.1),
                1071054.843976: (2.27, 5.73, 0.1),
                1071452.607726: (1.54, 7.58, 0.1),
                1071829.569262: (0.84, 9.33, 0.1),
                1072206.530798: (1.54, 7.58, 0.1),
                1072604.294548: (2.27, 5.73, 0.1),
                1073599.79844: (2.88, 0.79, 0.1),
                1074269.890972: (1.04, -2.01, 0.1),
                1074874.53963: (-0.66, -4.51, 0.1),
                1075479.188288: (1.04, -2.01, 0.1),
                1076149.280818: (2.88, 0.79, 0.1),
                1077144.784712: (2.27, 5.73, 0.1),
                1077542.54846: (1.54, 7.58, 0.1),
                1077919.509996: (0.84, 9.33, 0.1),
                1078296.471534: (1.54, 7.58, 0.1),
                1078694.235282: (2.27, 5.73, 0.1),
                1079689.739174: (2.88, 0.79, 0.1),
                1080359.831706: (1.04, -2.01, 0.1),
                1080964.480364: (-0.66, -4.51, 0.1),
                1081569.129022: (1.04, -2.01, 0.1),
                1082239.221554: (2.88, 0.79, 0.1),
                1083234.725446: (2.27, 5.73, 0.1),
                1083632.489194: (1.54, 7.58, 0.1),
                1084009.450732: (0.84, 9.33, 0.1),
                1084386.412268: (1.54, 7.58, 0.1),
                1084784.176016: (2.27, 5.73, 0.1),
                1085779.67991: (2.88, 0.79, 0.1),
                1086449.77244: (1.04, -2.01, 0.1),
                1087054.421098: (-0.66, -4.51, 0.1),
                1087659.069756: (1.04, -2.01, 0.1),
                1088329.162288: (2.88, 0.79, 0.1),
                1089324.66618: (2.27, 5.73, 0.1),
                1089722.429928: (1.54, 7.58, 0.1),
                1090099.391466: (0.84, 9.33, 0.1),
                1090476.353002: (1.54, 7.58, 0.1),
                1090874.11675: (2.27, 5.73, 0.1),
                1091869.620644: (2.88, 0.79, 0.1),
                1092539.713174: (1.04, -2.01, 0.1),
                1093144.361832: (-0.66, -4.51, 0.1),
                1093749.010492: (1.04, -2.01, 0.1),
                1094419.103022: (2.88, 0.79, 0.1),
                1095414.606914: (2.27, 5.73, 0.1),
                1095812.370664: (1.54, 7.58, 0.1),
                1096189.3322: (0.84, 9.33, 0.1),
                1096566.293736: (1.54, 7.58, 0.1),
                1096964.057486: (2.27, 5.73, 0.1),
                1097959.561378: (2.88, 0.79, 0.1),
                1098629.653908: (1.04, -2.01, 0.1),
                1099234.302568: (-0.66, -4.51, 0.1),
                1099838.951226: (1.04, -2.01, 0.1),
                1100509.043756: (2.88, 0.79, 0.1),
                1101504.547648: (2.27, 5.73, 0.1),
                1101902.311398: (1.54, 7.58, 0.1),
                1102279.272934: (0.84, 9.33, 0.1),
                1102656.23447: (1.54, 7.58, 0.1),
                1103053.99822: (2.27, 5.73, 0.1),
                1104049.502112: (2.88, 0.79, 0.1),
                1104719.594644: (1.04, -2.01, 0.1),
                1105324.243302: (-0.66, -4.51, 0.1),
                1105928.89196: (1.04, -2.01, 0.1),
                1106598.98449: (2.88, 0.79, 0.1),
                1107594.488384: (2.27, 5.73, 0.1),
                1107992.252132: (1.54, 7.58, 0.1),
                1108369.213668: (0.84, 9.33, 0.1),
                1108746.175206: (1.54, 7.58, 0.1),
                1109143.938954: (2.27, 5.73, 0.1),
                1110139.442846: (2.88, 0.79, 0.1),
                1110809.535378: (1.04, -2.01, 0.1),
                1111414.184036: (-0.66, -4.51, 0.1),
                1112018.832694: (1.04, -2.01, 0.1),
                1112688.925226: (2.88, 0.79, 0.1),
                1113684.429118: (2.27, 5.73, 0.1),
                1114082.192866: (1.54, 7.58, 0.1),
                1114459.154404: (0.84, 9.33, 0.1),
                1114836.11594: (1.54, 7.58, 0.1),
                1115233.879688: (2.27, 5.73, 0.1),
                1116229.383582: (2.88, 0.79, 0.1),
                1116899.476112: (1.04, -2.01, 0.1),
                1117504.12477: (-0.66, -4.51, 0.1),
                1118108.773428: (1.04, -2.01, 0.1),
                1118778.86596: (2.88, 0.79, 0.1),
                1119774.369852: (2.27, 5.73, 0.1),
                1120172.133602: (1.54, 7.58, 0.1),
                1120549.095138: (0.84, 9.33, 0.1),
                1120926.056674: (1.54, 7.58, 0.1),
                1121323.820424: (2.27, 5.73, 0.1),
                1122319.324316: (2.88, 0.79, 0.1),
                1122989.416846: (1.04, -2.01, 0.1),
                1123594.065504: (-0.66, -4.51, 0.1),
                1124198.714164: (1.04, -2.01, 0.1),
                1124868.806694: (2.88, 0.79, 0.1),
                1125864.310586: (2.27, 5.73, 0.1),
                1126262.074336: (1.54, 7.58, 0.1),
                1126639.035872: (0.84, 9.33, 0.1),
                1127015.997408: (1.54, 7.58, 0.1),
                1127413.761158: (2.27, 5.73, 0.1),
                1128409.26505: (2.88, 0.79, 0.1),
                1129079.357582: (1.04, -2.01, 0.1),
                1129684.00624: (-0.66, -4.51, 0.1),
                1130288.654898: (1.04, -2.01, 0.1),
                1130958.747428: (2.88, 0.79, 0.1),
                1131954.251322: (2.27, 5.73, 0.1),
                1132352.01507: (1.54, 7.58, 0.1),
                1132728.976606: (0.84, 9.33, 0.1),
                1133105.938144: (1.54, 7.58, 0.1),
                1133503.701892: (2.27, 5.73, 0.1),
                1134499.205784: (2.88, 0.79, 0.1),
                1135169.298316: (1.04, -2.01, 0.1),
                1135773.946974: (-0.66, -4.51, 0.1),
                1136378.595632: (1.04, -2.01, 0.1),
                1137048.688164: (2.88, 0.79, 0.1),
                1138044.192056: (2.27, 5.73, 0.1),
                1138441.955804: (1.54, 7.58, 0.1),
                1138818.917342: (0.84, 9.33, 0.1),
                1139195.878878: (1.54, 7.58, 0.1),
                1139593.642626: (2.27, 5.73, 0.1),
                1140589.14652: (2.88, 0.79, 0.1),
                1141259.23905: (1.04, -2.01, 0.1),
                1141863.887708: (-0.66, -4.51, 0.1),
                1142468.536366: (1.04, -2.01, 0.1),
                1143138.628898: (2.88, 0.79, 0.1),
                1144134.13279: (2.27, 5.73, 0.1),
                1144531.896538: (1.54, 7.58, 0.1),
                1144908.858076: (0.84, 9.33, 0.1),
                1145285.819612: (1.54, 7.58, 0.1),
                1145683.58336: (2.27, 5.73, 0.1),
                1146679.087254: (2.88, 0.79, 0.1),
                1147349.179784: (1.04, -2.01, 0.1),
                1147953.828442: (-0.66, -4.51, 0.1),
                1148558.477102: (1.04, -2.01, 0.1),
                1149228.569632: (2.88, 0.79, 0.1),
                1150224.073524: (2.27, 5.73, 0.1),
                1150621.837274: (1.54, 7.58, 0.1),
                1150998.79881: (0.84, 9.33, 0.1),
                1151375.760346: (1.54, 7.58, 0.1),
                1151773.524096: (2.27, 5.73, 0.1),
                1152769.027988: (2.88, 0.79, 0.1),
                1153439.120518: (1.04, -2.01, 0.1),
                1154043.769178: (-0.66, -4.51, 0.1),
                1154648.417836: (1.04, -2.01, 0.1),
                1155318.510366: (2.88, 0.79, 0.1),
                1156314.014258: (2.27, 5.73, 0.1),
                1156711.778008: (1.54, 7.58, 0.1),
                1157088.739544: (0.84, 9.33, 0.1),
                1157465.70108: (1.54, 7.58, 0.1),
                1157863.46483: (2.27, 5.73, 0.1),
                1158858.968722: (2.88, 0.79, 0.1),
                1159529.061254: (1.04, -2.01, 0.1),
                1160133.709912: (-0.66, -4.51, 0.1),
                1160738.35857: (1.04, -2.01, 0.1),
                1161408.4511: (2.88, 0.79, 0.1),
                1162403.954994: (2.27, 5.73, 0.1),
                1162801.718742: (1.54, 7.58, 0.1),
                1163178.680278: (0.84, 9.33, 0.1),
                1163555.641816: (1.54, 7.58, 0.1),
                1163953.405564: (2.27, 5.73, 0.1),
                1164948.909456: (2.88, 0.79, 0.1),
                1165619.001988: (1.04, -2.01, 0.1),
                1166223.650646: (-0.66, -4.51, 0.1),
                1166828.299304: (1.04, -2.01, 0.1),
                1167498.391836: (2.88, 0.79, 0.1),
                1168493.895728: (2.27, 5.73, 0.1),
                1168891.659476: (1.54, 7.58, 0.1),
                1169268.621014: (0.84, 9.33, 0.1),
                1169645.58255: (1.54, 7.58, 0.1),
                1170043.346298: (2.27, 5.73, 0.1),
                1171038.850192: (2.88, 0.79, 0.1),
                1171708.942722: (1.04, -2.01, 0.1),
                1172313.59138: (-0.66, -4.51, 0.1),
                1172918.240038: (1.04, -2.01, 0.1),
                1173588.33257: (2.88, 0.79, 0.1),
                1174583.836462: (2.27, 5.73, 0.1),
                1174981.600212: (1.54, 7.58, 0.1),
                1175358.561748: (0.84, 9.33, 0.1),
                1175735.523284: (1.54, 7.58, 0.1),
                1176133.287034: (2.27, 5.73, 0.1),
                1177128.790926: (2.88, 0.79, 0.1),
                1177798.883456: (1.04, -2.01, 0.1),
                1178403.532114: (-0.66, -4.51, 0.1),
                1179008.180774: (1.04, -2.01, 0.1),
                1179678.273304: (2.88, 0.79, 0.1),
                1180673.777196: (2.27, 5.73, 0.1),
                1181071.540946: (1.54, 7.58, 0.1),
                1181448.502482: (0.84, 9.33, 0.1),
                1181825.464018: (1.54, 7.58, 0.1),
                1182223.227768: (2.27, 5.73, 0.1),
                1183218.73166: (2.88, 0.79, 0.1),
                1183888.824192: (1.04, -2.01, 0.1),
                1184493.47285: (-0.66, -4.51, 0.1),
                1185098.121508: (1.04, -2.01, 0.1),
                1185768.214038: (2.88, 0.79, 0.1),
                1186763.717932: (2.27, 5.73, 0.1),
                1187161.48168: (1.54, 7.58, 0.1),
                1187538.443216: (0.84, 9.33, 0.1),
                1187915.404754: (1.54, 7.58, 0.1),
                1188313.168502: (2.27, 5.73, 0.1),
                1189308.672394: (2.88, 0.79, 0.1),
                1189978.764926: (1.04, -2.01, 0.1),
                1190583.413584: (-0.66, -4.51, 0.1),
                1191188.062242: (1.04, -2.01, 0.1),
                1191858.154774: (2.88, 0.79, 0.1),
                1192853.658666: (2.27, 5.73, 0.1),
                1193251.422414: (1.54, 7.58, 0.1),
                1193628.383952: (0.84, 9.33, 0.1),
                1194005.345488: (1.54, 7.58, 0.1),
                1194403.109236: (2.27, 5.73, 0.1),
                1195398.61313: (2.88, 0.79, 0.1),
                1196068.70566: (1.04, -2.01, 0.1),
                1196673.354318: (-0.66, -4.51, 0.1),
                1197278.002976: (1.04, -2.01, 0.1),
                1197948.095508: (2.88, 0.79, 0.1),
                1198943.5994: (2.27, 5.73, 0.1),
                1199341.363148: (1.54, 7.58, 0.1),
                1199718.324686: (0.84, 9.33, 0.1),
                1200095.286222: (1.54, 7.58, 0.1),
                1200493.04997: (2.27, 5.73, 0.1),
                1201488.553864: (2.88, 0.79, 0.1),
                1202158.646394: (1.04, -2.01, 0.1),
                1202763.295052: (-0.66, -4.51, 0.1),
                1203367.94371: (1.04, -2.01, 0.1),
                1204038.036242: (2.88, 0.79, 0.1),
                1205033.540134: (2.27, 5.73, 0.1),
                1205431.303884: (1.54, 7.58, 0.1),
                1205808.26542: (0.84, 9.33, 0.1),
                1206185.226956: (1.54, 7.58, 0.1),
                1206582.990706: (2.27, 5.73, 0.1),
                1207578.494598: (2.88, 0.79, 0.1),
                1208248.587128: (1.04, -2.01, 0.1),
                1208853.235788: (-0.66, -4.51, 0.1),
                1209457.884446: (1.04, -2.01, 0.1),
                1210127.976976: (2.88, 0.79, 0.1),
                1211123.480868: (2.27, 5.73, 0.1),
                1211521.244618: (1.54, 7.58, 0.1),
                1211898.206154: (0.84, 9.33, 0.1),
                1212275.16769: (1.54, 7.58, 0.1),
                1212672.93144: (2.27, 5.73, 0.1),
                1213668.435332: (2.88, 0.79, 0.1),
                1214338.527864: (1.04, -2.01, 0.1),
                1214943.176522: (-0.66, -4.51, 0.1),
                1215547.82518: (1.04, -2.01, 0.1),
                1216217.91771: (2.88, 0.79, 0.1),
                1217213.421604: (2.27, 5.73, 0.1),
                1217611.185352: (1.54, 7.58, 0.1),
                1217988.146888: (0.84, 9.33, 0.1),
                1218365.108426: (1.54, 7.58, 0.1),
                1218762.872174: (2.27, 5.73, 0.1),
                1219758.376066: (2.88, 0.79, 0.1),
                1220428.468598: (1.04, -2.01, 0.1),
                1221033.117256: (-0.66, -4.51, 0.1),
                1221637.765914: (1.04, -2.01, 0.1),
                1222307.858446: (2.88, 0.79, 0.1),
                1223303.362338: (2.27, 5.73, 0.1),
                1223701.126086: (1.54, 7.58, 0.1),
                1224078.087624: (0.84, 9.33, 0.1),
                1224455.04916: (1.54, 7.58, 0.1),
                1224852.812908: (2.27, 5.73, 0.1),
                1225848.316802: (2.88, 0.79, 0.1),
                1226518.409332: (1.04, -2.01, 0.1),
                1227123.05799: (-0.66, -4.51, 0.1),
                1227727.706648: (1.04, -2.01, 0.1),
                1228397.79918: (2.88, 0.79, 0.1),
                1229393.303072: (2.27, 5.73, 0.1),
                1229791.066822: (1.54, 7.58, 0.1),
                1230168.028358: (0.84, 9.33, 0.1),
                1230544.989894: (1.54, 7.58, 0.1),
                1230942.753644: (2.27, 5.73, 0.1),
                1231938.257536: (2.88, 0.79, 0.1),
                1232608.350066: (1.04, -2.01, 0.1),
                1233212.998724: (-0.66, -4.51, 0.1),
                1233817.647384: (1.04, -2.01, 0.1),
                1234487.739914: (2.88, 0.79, 0.1),
                1235483.243806: (2.27, 5.73, 0.1),
                1235881.007556: (1.54, 7.58, 0.1),
                1236257.969092: (0.84, 9.33, 0.1),
                1236634.930628: (1.54, 7.58, 0.1),
                1237032.694378: (2.27, 5.73, 0.1),
                1238028.19827: (2.88, 0.79, 0.1),
                1238698.290802: (1.04, -2.01, 0.1),
                1239302.93946: (-0.66, -4.51, 0.1),
                1239907.588118: (1.04, -2.01, 0.1),
                1240577.680648: (2.88, 0.79, 0.1),
                1241573.184542: (2.27, 5.73, 0.1),
                1241970.94829: (1.54, 7.58, 0.1),
                1242347.909826: (0.84, 9.33, 0.1),
                1242724.871364: (1.54, 7.58, 0.1),
                1243122.635112: (2.27, 5.73, 0.1),
                1244118.139004: (2.88, 0.79, 0.1),
                1244788.231536: (1.04, -2.01, 0.1),
                1245392.880194: (-0.66, -4.51, 0.1),
                1245997.528852: (1.04, -2.01, 0.1),
                1246667.621384: (2.88, 0.79, 0.1),
                1247663.125276: (2.27, 5.73, 0.1),
                1248060.889024: (1.54, 7.58, 0.1),
                1248437.850562: (0.84, 9.33, 0.1),
                1248814.812098: (1.54, 7.58, 0.1),
                1249212.575846: (2.27, 5.73, 0.1),
                1250208.07974: (2.88, 0.79, 0.1),
                1250878.17227: (1.04, -2.01, 0.1),
                1251482.820928: (-0.66, -4.51, 0.1),
                1252087.469586: (1.04, -2.01, 0.1),
                1252757.562118: (2.88, 0.79, 0.1),
                1253753.06601: (2.27, 5.73, 0.1),
                1254150.829758: (1.54, 7.58, 0.1),
                1254527.791296: (0.84, 9.33, 0.1),
                1254904.752832: (1.54, 7.58, 0.1),
                1255302.51658: (2.27, 5.73, 0.1),
                1256298.020474: (2.88, 0.79, 0.1),
                1256968.113004: (1.04, -2.01, 0.1),
                1257572.761662: (-0.66, -4.51, 0.1),
                1258177.41032: (1.04, -2.01, 0.1),
                1258847.502852: (2.88, 0.79, 0.1),
                1259843.006744: (2.27, 5.73, 0.1),
                1260240.770494: (1.54, 7.58, 0.1),
                1260617.73203: (0.84, 9.33, 0.1),
                1260994.693566: (1.54, 7.58, 0.1),
                1261392.457316: (2.27, 5.73, 0.1),
                1262387.961208: (2.88, 0.79, 0.1),
                1263058.053738: (1.04, -2.01, 0.1),
                1263662.702398: (-0.66, -4.51, 0.1),
                1264267.351056: (1.04, -2.01, 0.1),
                1264937.443586: (2.88, 0.79, 0.1),
                1265932.947478: (2.27, 5.73, 0.1),
                1266330.711228: (1.54, 7.58, 0.1),
                1266707.672764: (0.84, 9.33, 0.1),
                1267084.6343: (1.54, 7.58, 0.1),
                1267482.39805: (2.27, 5.73, 0.1),
                1268477.901942: (2.88, 0.79, 0.1),
                1269147.994474: (1.04, -2.01, 0.1),
                1269752.643132: (-0.66, -4.51, 0.1),
                1270357.29179: (1.04, -2.01, 0.1),
                1271027.38432: (2.88, 0.79, 0.1),
                1272022.888214: (2.27, 5.73, 0.1),
                1272420.651962: (1.54, 7.58, 0.1),
                1272797.613498: (0.84, 9.33, 0.1),
                1273174.575036: (1.54, 7.58, 0.1),
                1273572.338784: (2.27, 5.73, 0.1),
                1274567.842676: (2.88, 0.79, 0.1),
                1275237.935208: (1.04, -2.01, 0.1),
                1275842.583866: (-0.66, -4.51, 0.1),
                1276447.232524: (1.04, -2.01, 0.1),
                1277117.325056: (2.88, 0.79, 0.1),
                1278112.828948: (2.27, 5.73, 0.1),
                1278510.592696: (1.54, 7.58, 0.1),
                1278887.554234: (0.84, 9.33, 0.1),
                1279264.51577: (1.54, 7.58, 0.1),
                1279662.279518: (2.27, 5.73, 0.1),
                1280657.783412: (2.88, 0.79, 0.1),
                1281327.875942: (1.04, -2.01, 0.1),
                1281932.5246: (-0.66, -4.51, 0.1),
                1282537.173258: (1.04, -2.01, 0.1),
                1283207.26579: (2.88, 0.79, 0.1),
                1284202.769682: (2.27, 5.73, 0.1),
                1284600.533432: (1.54, 7.58, 0.1),
                1284977.494968: (0.84, 9.33, 0.1),
                1285354.456504: (1.54, 7.58, 0.1),
                1285752.220254: (2.27, 5.73, 0.1),
                1286747.724146: (2.88, 0.79, 0.1),
                1287417.816676: (1.04, -2.01, 0.1),
                1288022.465334: (-0.66, -4.51, 0.1),
                1288627.113994: (1.04, -2.01, 0.1),
                1289297.206524: (2.88, 0.79, 0.1),
                1290292.710416: (2.27, 5.73, 0.1),
                1290690.474166: (1.54, 7.58, 0.1),
                1291067.435702: (0.84, 9.33, 0.1),
                1291444.397238: (1.54, 7.58, 0.1),
                1291842.160988: (2.27, 5.73, 0.1),
                1292837.66488: (2.88, 0.79, 0.1),
                1293507.757412: (1.04, -2.01, 0.1),
                1294112.40607: (-0.66, -4.51, 0.1),
                1294717.054728: (1.04, -2.01, 0.1),
                1295387.147258: (2.88, 0.79, 0.1),
                1296382.651152: (2.27, 5.73, 0.1),
                1296780.4149: (1.54, 7.58, 0.1),
                1297157.376436: (0.84, 9.33, 0.1),
                1297534.337974: (1.54, 7.58, 0.1),
                1297932.101722: (2.27, 5.73, 0.1),
                1298927.605614: (2.88, 0.79, 0.1),
                1299597.698146: (1.04, -2.01, 0.1),
                1300202.346804: (-0.66, -4.51, 0.1),
                1300806.995462: (1.04, -2.01, 0.1),
                1301477.087994: (2.88, 0.79, 0.1),
                1302472.591886: (2.27, 5.73, 0.1),
                1302870.355634: (1.54, 7.58, 0.1),
                1303247.317172: (0.84, 9.33, 0.1),
                1303624.278708: (1.54, 7.58, 0.1),
                1304022.042456: (2.27, 5.73, 0.1),
                1305017.546348: (2.88, 0.79, 0.1),
                1305687.63888: (1.04, -2.01, 0.1),
                1306292.287538: (-0.66, -4.51, 0.1),
                1306896.936196: (1.04, -2.01, 0.1),
                1307567.028728: (2.88, 0.79, 0.1),
                1308562.53262: (2.27, 5.73, 0.1),
                1308960.296368: (1.54, 7.58, 0.1),
                1309337.257906: (0.84, 9.33, 0.1),
                1309714.219442: (1.54, 7.58, 0.1),
                1310111.98319: (2.27, 5.73, 0.1),
                1311107.487084: (2.88, 0.79, 0.1),
                1311777.579614: (1.04, -2.01, 0.1),
                1312382.228272: (-0.66, -4.51, 0.1),
                1312986.87693: (1.04, -2.01, 0.1),
                1313656.969462: (2.88, 0.79, 0.1),
                1314652.473354: (2.27, 5.73, 0.1),
                1315050.237104: (1.54, 7.58, 0.1),
                1315427.19864: (0.84, 9.33, 0.1),
                1315804.160176: (1.54, 7.58, 0.1),
                1316201.923926: (2.27, 5.73, 0.1),
                1317197.427818: (2.88, 0.79, 0.1),
                1317867.520348: (1.04, -2.01, 0.1),
                1318472.169008: (-0.66, -4.51, 0.1),
                1319076.817666: (1.04, -2.01, 0.1),
                1319746.910196: (2.88, 0.79, 0.1),
                1320742.414088: (2.27, 5.73, 0.1),
                1321140.177838: (1.54, 7.58, 0.1),
                1321517.139374: (0.84, 9.33, 0.1),
                1321894.10091: (1.54, 7.58, 0.1),
                1322291.86466: (2.27, 5.73, 0.1),
                1323287.368552: (2.88, 0.79, 0.1),
                1323957.461084: (1.04, -2.01, 0.1),
                1324562.109742: (-0.66, -4.51, 0.1),
                1325166.7584: (1.04, -2.01, 0.1),
                1325836.85093: (2.88, 0.79, 0.1),
                1326832.354824: (2.27, 5.73, 0.1),
                1327230.118572: (1.54, 7.58, 0.1),
                1327607.080108: (0.84, 9.33, 0.1),
                1327984.041646: (1.54, 7.58, 0.1),
                1328381.805394: (2.27, 5.73, 0.1),
                1329377.309286: (2.88, 0.79, 0.1),
                1330047.401818: (1.04, -2.01, 0.1),
                1330652.050476: (-0.66, -4.51, 0.1),
                1331256.699134: (1.04, -2.01, 0.1),
                1331926.791666: (2.88, 0.79, 0.1),
                1332922.295558: (2.27, 5.73, 0.1),
                1333320.059306: (1.54, 7.58, 0.1),
                1333697.020844: (0.84, 9.33, 0.1),
                1334073.98238: (1.54, 7.58, 0.1),
                1334471.746128: (2.27, 5.73, 0.1),
                1335467.250022: (2.88, 0.79, 0.1),
                1336137.342552: (1.04, -2.01, 0.1),
                1336741.99121: (-0.66, -4.51, 0.1),
                1337346.639868: (1.04, -2.01, 0.1),
                1338016.7324: (2.88, 0.79, 0.1),
                1339012.236292: (2.27, 5.73, 0.1),
                1339410.000042: (1.54, 7.58, 0.1),
                1339786.961578: (0.84, 9.33, 0.1),
                1340163.923114: (1.54, 7.58, 0.1),
                1340561.686864: (2.27, 5.73, 0.1),
                1341557.190756: (2.88, 0.79, 0.1),
                1342227.283286: (1.04, -2.01, 0.1),
                1342831.931944: (-0.66, -4.51, 0.1),
                1343436.580604: (1.04, -2.01, 0.1),
                1344106.673134: (2.88, 0.79, 0.1),
                1345102.177026: (2.27, 5.73, 0.1),
                1345499.940776: (1.54, 7.58, 0.1),
                1345876.902312: (0.84, 9.33, 0.1),
                1346253.863848: (1.54, 7.58, 0.1),
                1346651.627598: (2.27, 5.73, 0.1),
                1347647.13149: (2.88, 0.79, 0.1),
                1348317.224022: (1.04, -2.01, 0.1),
                1348921.87268: (-0.66, -4.51, 0.1),
                1349526.521338: (1.04, -2.01, 0.1),
                1350196.613868: (2.88, 0.79, 0.1),
                1351192.117762: (2.27, 5.73, 0.1),
                1351589.88151: (1.54, 7.58, 0.1),
                1351966.843046: (0.84, 9.33, 0.1),
                1352343.804584: (1.54, 7.58, 0.1),
                1352741.568332: (2.27, 5.73, 0.1),
                1353737.072224: (2.88, 0.79, 0.1),
                1354407.164756: (1.04, -2.01, 0.1),
                1355011.813414: (-0.66, -4.51, 0.1),
                1355616.462072: (1.04, -2.01, 0.1),
                1356286.554604: (2.88, 0.79, 0.1),
                1357282.058496: (2.27, 5.73, 0.1),
                1357679.822244: (1.54, 7.58, 0.1),
                1358056.783782: (0.84, 9.33, 0.1),
                1358433.745318: (1.54, 7.58, 0.1),
                1358831.509066: (2.27, 5.73, 0.1),
                1359827.012958: (2.88, 0.79, 0.1),
                1360497.10549: (1.04, -2.01, 0.1),
                1361101.754148: (-0.66, -4.51, 0.1),
                1361706.402806: (1.04, -2.01, 0.1),
                1362376.495338: (2.88, 0.79, 0.1),
                1363371.99923: (2.27, 5.73, 0.1),
                1363769.762978: (1.54, 7.58, 0.1),
                1364146.724516: (0.84, 9.33, 0.1),
                1364523.686052: (1.54, 7.58, 0.1),
                1364921.4498: (2.27, 5.73, 0.1),
                1365916.953694: (2.88, 0.79, 0.1),
                1366587.046224: (1.04, -2.01, 0.1),
                1367191.694882: (-0.66, -4.51, 0.1),
                1367796.34354: (1.04, -2.01, 0.1),
                1368466.436072: (2.88, 0.79, 0.1),
                1369461.939964: (2.27, 5.73, 0.1),
                1369859.703714: (1.54, 7.58, 0.1),
                1370236.66525: (0.84, 9.33, 0.1),
                1370613.626786: (1.54, 7.58, 0.1),
                1371011.390536: (2.27, 5.73, 0.1),
                1372006.894428: (2.88, 0.79, 0.1),
                1372676.986958: (1.04, -2.01, 0.1),
                1373281.635618: (-0.66, -4.51, 0.1),
                1373886.284276: (1.04, -2.01, 0.1),
                1374556.376806: (2.88, 0.79, 0.1),
                1375551.880698: (2.27, 5.73, 0.1),
                1375949.644448: (1.54, 7.58, 0.1),
                1376326.605984: (0.84, 9.33, 0.1),
                1376703.56752: (1.54, 7.58, 0.1),
                1377101.33127: (2.27, 5.73, 0.1),
                1378096.835162: (2.88, 0.79, 0.1),
                1378766.927694: (1.04, -2.01, 0.1),
                1379371.576352: (-0.66, -4.51, 0.1),
                1379976.22501: (1.04, -2.01, 0.1),
                1380646.31754: (2.88, 0.79, 0.1),
                1381641.821434: (2.27, 5.73, 0.1),
                1382039.585182: (1.54, 7.58, 0.1),
                1382416.546718: (0.84, 9.33, 0.1),
                1382793.508256: (1.54, 7.58, 0.1),
                1383191.272004: (2.27, 5.73, 0.1),
                1384186.775896: (2.88, 0.79, 0.1),
                1384856.868428: (1.04, -2.01, 0.1),
                1385461.517086: (-0.66, -4.51, 0.1),
                1386066.165744: (1.04, -2.01, 0.1),
                1386736.258276: (2.88, 0.79, 0.1),
                1387731.762168: (2.27, 5.73, 0.1),
                1388129.525916: (1.54, 7.58, 0.1),
                1388506.487454: (0.84, 9.33, 0.1),
                1388883.44899: (1.54, 7.58, 0.1),
                1389281.212738: (2.27, 5.73, 0.1),
                1390276.716632: (2.88, 0.79, 0.1),
                1390946.809162: (1.04, -2.01, 0.1),
                1391551.45782: (-0.66, -4.51, 0.1),
                1392156.106478: (1.04, -2.01, 0.1),
                1392826.19901: (2.88, 0.79, 0.1),
                1393821.702902: (2.27, 5.73, 0.1),
                1394219.466652: (1.54, 7.58, 0.1),
                1394596.428188: (0.84, 9.33, 0.1),
                1394973.389724: (1.54, 7.58, 0.1),
                1395371.153474: (2.27, 5.73, 0.1),
                1396366.657366: (2.88, 0.79, 0.1),
                1397036.749896: (1.04, -2.01, 0.1),
                1397641.398554: (-0.66, -4.51, 0.1),
                1398246.047214: (1.04, -2.01, 0.1),
                1398916.139744: (2.88, 0.79, 0.1),
                1399911.643636: (2.27, 5.73, 0.1),
                1400309.407386: (1.54, 7.58, 0.1),
                1400686.368922: (0.84, 9.33, 0.1),
                1401063.330458: (1.54, 7.58, 0.1),
                1401461.094208: (2.27, 5.73, 0.1),
                1402456.5981: (2.88, 0.79, 0.1),
                1403126.690632: (1.04, -2.01, 0.1),
                1403731.33929: (-0.66, -4.51, 0.1),
                1404335.987948: (1.04, -2.01, 0.1),
                1405006.080478: (2.88, 0.79, 0.1),
                1406001.584372: (2.27, 5.73, 0.1),
                1406399.34812: (1.54, 7.58, 0.1),
                1406776.309656: (0.84, 9.33, 0.1),
                1407153.271194: (1.54, 7.58, 0.1),
                1407551.034942: (2.27, 5.73, 0.1),
                1408546.538834: (2.88, 0.79, 0.1),
                1409216.631366: (1.04, -2.01, 0.1),
                1409821.280024: (-0.66, -4.51, 0.1),
                1410425.928682: (1.04, -2.01, 0.1),
                1411096.021214: (2.88, 0.79, 0.1),
                1412091.525106: (2.27, 5.73, 0.1),
                1412489.288854: (1.54, 7.58, 0.1),
                1412866.250392: (0.84, 9.33, 0.1),
                1413243.211928: (1.54, 7.58, 0.1),
                1413640.975676: (2.27, 5.73, 0.1),
                1414636.479568: (2.88, 0.79, 0.1),
                1415306.5721: (1.04, -2.01, 0.1),
                1415911.220758: (-0.66, -4.51, 0.1),
                1416515.869416: (1.04, -2.01, 0.1),
                1417185.961948: (2.88, 0.79, 0.1),
                1418181.46584: (2.27, 5.73, 0.1),
                1418579.229588: (1.54, 7.58, 0.1),
                1418956.191126: (0.84, 9.33, 0.1),
                1419333.152662: (1.54, 7.58, 0.1),
                1419730.91641: (2.27, 5.73, 0.1),
                1420726.420304: (2.88, 0.79, 0.1),
                1421396.512834: (1.04, -2.01, 0.1),
                1422001.161492: (-0.66, -4.51, 0.1),
                1422605.81015: (1.04, -2.01, 0.1),
                1423275.902682: (2.88, 0.79, 0.1),
                1424271.406574: (2.27, 5.73, 0.1),
                1424669.170324: (1.54, 7.58, 0.1),
                1425046.13186: (0.84, 9.33, 0.1),
                1425423.093396: (1.54, 7.58, 0.1),
                1425820.857146: (2.27, 5.73, 0.1),
                1426816.361038: (2.88, 0.79, 0.1),
                1427486.453568: (1.04, -2.01, 0.1),
                1428091.102228: (-0.66, -4.51, 0.1),
                1428695.750886: (1.04, -2.01, 0.1),
                1429365.843416: (2.88, 0.79, 0.1),
                1430361.347308: (2.27, 5.73, 0.1),
                1430759.111058: (1.54, 7.58, 0.1),
                1431136.072594: (0.84, 9.33, 0.1),
                1431513.03413: (1.54, 7.58, 0.1),
                1431910.79788: (2.27, 5.73, 0.1),
                1432906.301772: (2.88, 0.79, 0.1),
                1433576.394304: (1.04, -2.01, 0.1),
                1434181.042962: (-0.66, -4.51, 0.1),
                1434785.69162: (1.04, -2.01, 0.1),
                1435455.78415: (2.88, 0.79, 0.1),
                1436451.288044: (2.27, 5.73, 0.1),
                1436849.051792: (1.54, 7.58, 0.1),
                1437226.013328: (0.84, 9.33, 0.1),
                1437602.974866: (1.54, 7.58, 0.1),
                1438000.738614: (2.27, 5.73, 0.1),
                1438996.242506: (2.88, 0.79, 0.1),
                1439666.335038: (1.04, -2.01, 0.1),
                1440270.983696: (-0.66, -4.51, 0.1),
                1440875.632354: (1.04, -2.01, 0.1),
                1441545.724886: (2.88, 0.79, 0.1),
                1442541.228778: (2.27, 5.73, 0.1),
                1442938.992526: (1.54, 7.58, 0.1),
                1443315.954064: (0.84, 9.33, 0.1),
                1443692.9156: (1.54, 7.58, 0.1),
                1444090.679348: (2.27, 5.73, 0.1),
                1445086.183242: (2.88, 0.79, 0.1),
                1445756.275772: (1.04, -2.01, 0.1),
                1446360.92443: (-0.66, -4.51, 0.1),
                1446965.573088: (1.04, -2.01, 0.1),
                1447635.66562: (2.88, 0.79, 0.1),
                1448631.169512: (2.27, 5.73, 0.1),
                1449028.933262: (1.54, 7.58, 0.1),
                1449405.894798: (0.84, 9.33, 0.1),
                1449782.856334: (1.54, 7.58, 0.1),
                1450180.620084: (2.27, 5.73, 0.1),
                1451176.123976: (2.88, 0.79, 0.1),
                1451846.216506: (1.04, -2.01, 0.1),
                1452450.865164: (-0.66, -4.51, 0.1),
                1453055.513824: (1.04, -2.01, 0.1),
                1453725.606354: (2.88, 0.79, 0.1),
                1454721.110246: (2.27, 5.73, 0.1),
                1455118.873996: (1.54, 7.58, 0.1),
                1455495.835532: (0.84, 9.33, 0.1),
                1455872.797068: (1.54, 7.58, 0.1),
                1456270.560818: (2.27, 5.73, 0.1),
                1457266.06471: (2.88, 0.79, 0.1),
                1457936.157242: (1.04, -2.01, 0.1),
                1458540.8059: (-0.66, -4.51, 0.1),
                1459145.454558: (1.04, -2.01, 0.1),
                1459815.547088: (2.88, 0.79, 0.1),
                1460811.050982: (2.27, 5.73, 0.1),
                1461208.81473: (1.54, 7.58, 0.1),
                1461585.776266: (0.84, 9.33, 0.1),
                1461962.737804: (1.54, 7.58, 0.1),
                1462360.501552: (2.27, 5.73, 0.1),
                1463356.005444: (2.88, 0.79, 0.1),
                1464026.097976: (1.04, -2.01, 0.1),
                1464630.746634: (-0.66, -4.51, 0.1),
                1465235.395292: (1.04, -2.01, 0.1),
                1465905.487824: (2.88, 0.79, 0.1),
                1466900.991716: (2.27, 5.73, 0.1),
                1467298.755464: (1.54, 7.58, 0.1),
                1467675.717002: (0.84, 9.33, 0.1),
                1468052.678538: (1.54, 7.58, 0.1),
                1468450.442286: (2.27, 5.73, 0.1),
                1469445.946178: (2.88, 0.79, 0.1),
                1470116.03871: (1.04, -2.01, 0.1),
                1470720.687368: (-0.66, -4.51, 0.1),
                1471325.336026: (1.04, -2.01, 0.1),
                1471995.428558: (2.88, 0.79, 0.1),
                1472990.93245: (2.27, 5.73, 0.1),
                1473388.696198: (1.54, 7.58, 0.1),
                1473765.657736: (0.84, 9.33, 0.1),
                1474142.619272: (1.54, 7.58, 0.1),
                1474540.38302: (2.27, 5.73, 0.1),
                1475535.886914: (2.88, 0.79, 0.1),
                1476205.979444: (1.04, -2.01, 0.1),
                1476810.628102: (-0.66, -4.51, 0.1),
                1477415.27676: (1.04, -2.01, 0.1),
                1478085.369292: (2.88, 0.79, 0.1),
                1479080.873184: (2.27, 5.73, 0.1),
                1479478.636934: (1.54, 7.58, 0.1),
                1479855.59847: (0.84, 9.33, 0.1),
                1480232.560006: (1.54, 7.58, 0.1),
                1480630.323756: (2.27, 5.73, 0.1),
                1481625.827648: (2.88, 0.79, 0.1),
                1482295.920178: (1.04, -2.01, 0.1),
                1482900.568838: (-0.66, -4.51, 0.1),
                1483505.217496: (1.04, -2.01, 0.1),
                1484175.310026: (2.88, 0.79, 0.1),
                1485170.813918: (2.27, 5.73, 0.1),
                1485568.577668: (1.54, 7.58, 0.1),
                1485945.539204: (0.84, 9.33, 0.1),
                1486322.50074: (1.54, 7.58, 0.1),
                1486720.26449: (2.27, 5.73, 0.1),
                1487715.768382: (2.88, 0.79, 0.1),
                1488385.860914: (1.04, -2.01, 0.1),
                1488990.509572: (-0.66, -4.51, 0.1),
                1489595.15823: (1.04, -2.01, 0.1),
                1490265.25076: (2.88, 0.79, 0.1),
                1491260.754654: (2.27, 5.73, 0.1),
                1491658.518402: (1.54, 7.58, 0.1),
                1492035.479938: (0.84, 9.33, 0.1),
                1492412.441476: (1.54, 7.58, 0.1),
                1492810.205224: (2.27, 5.73, 0.1),
                1493805.709116: (2.88, 0.79, 0.1),
                1494475.801648: (1.04, -2.01, 0.1),
                1495080.450306: (-0.66, -4.51, 0.1),
                1495685.098964: (1.04, -2.01, 0.1),
                1496355.191496: (2.88, 0.79, 0.1),
                1497350.695388: (2.27, 5.73, 0.1),
                1497748.459136: (1.54, 7.58, 0.1),
                1498125.420674: (0.84, 9.33, 0.1),
                1498502.38221: (1.54, 7.58, 0.1),
                1498900.145958: (2.27, 5.73, 0.1),
                1499895.649852: (2.88, 0.79, 0.1),
                1500565.742382: (1.04, -2.01, 0.1),
                1501170.39104: (-0.66, -4.51, 0.1),
                1501775.039698: (1.04, -2.01, 0.1),
                1502445.13223: (2.88, 0.79, 0.1),
                1503440.636122: (2.27, 5.73, 0.1),
                1503838.399872: (1.54, 7.58, 0.1),
                1504215.361408: (0.84, 9.33, 0.1),
                1504592.322944: (1.54, 7.58, 0.1),
                1504990.086694: (2.27, 5.73, 0.1),
                1505985.590586: (2.88, 0.79, 0.1),
                1506655.683116: (1.04, -2.01, 0.1),
                1507260.331774: (-0.66, -4.51, 0.1),
                1507864.980434: (1.04, -2.01, 0.1),
                1508535.072964: (2.88, 0.79, 0.1),
                1509530.576856: (2.27, 5.73, 0.1),
                1509928.340606: (1.54, 7.58, 0.1),
                1510305.302142: (0.84, 9.33, 0.1),
                1510682.263678: (1.54, 7.58, 0.1),
                1511080.027428: (2.27, 5.73, 0.1),
                1512075.53132: (2.88, 0.79, 0.1),
                1512745.623852: (1.04, -2.01, 0.1),
                1513350.27251: (-0.66, -4.51, 0.1),
                1513954.921168: (1.04, -2.01, 0.1),
                1514625.013698: (2.88, 0.79, 0.1),
                1515620.517592: (2.27, 5.73, 0.1),
                1516018.28134: (1.54, 7.58, 0.1),
                1516395.242876: (0.84, 9.33, 0.1),
                1516772.204414: (1.54, 7.58, 0.1),
                1517169.968162: (2.27, 5.73, 0.1),
                1518165.472054: (2.88, 0.79, 0.1),
                1518835.564586: (1.04, -2.01, 0.1),
                1519440.213244: (-0.66, -4.51, 0.1),
                1520044.861902: (1.04, -2.01, 0.1),
                1520714.954434: (2.88, 0.79, 0.1),
                1521710.458326: (2.27, 5.73, 0.1),
                1522108.222074: (1.54, 7.58, 0.1),
                1522485.183612: (0.84, 9.33, 0.1),
                1522862.145148: (1.54, 7.58, 0.1),
                1523259.908896: (2.27, 5.73, 0.1),
                1524255.412788: (2.88, 0.79, 0.1),
                1524925.50532: (1.04, -2.01, 0.1),
                1525530.153978: (-0.66, -4.51, 0.1),
                1526134.802636: (1.04, -2.01, 0.1),
                1526804.895168: (2.88, 0.79, 0.1),
                1527800.39906: (2.27, 5.73, 0.1),
                1528198.162808: (1.54, 7.58, 0.1),
                1528575.124346: (0.84, 9.33, 0.1),
                1528952.085882: (1.54, 7.58, 0.1),
                1529349.84963: (2.27, 5.73, 0.1),
                1530345.353524: (2.88, 0.79, 0.1),
                1531015.446054: (1.04, -2.01, 0.1),
                1531620.094712: (-0.66, -4.51, 0.1),
                1532224.74337: (1.04, -2.01, 0.1),
                1532894.835902: (2.88, 0.79, 0.1),
                1533890.339794: (2.27, 5.73, 0.1),
                1534288.103544: (1.54, 7.58, 0.1),
                1534665.06508: (0.84, 9.33, 0.1),
                1535042.026616: (1.54, 7.58, 0.1),
                1535439.790366: (2.27, 5.73, 0.1),
                1536435.294258: (2.88, 0.79, 0.1),
                1537105.386788: (1.04, -2.01, 0.1),
                1537710.035448: (-0.66, -4.51, 0.1),
                1538314.684106: (1.04, -2.01, 0.1),
                1538984.776636: (2.88, 0.79, 0.1),
                1539980.280528: (2.27, 5.73, 0.1),
                1540378.044278: (1.54, 7.58, 0.1),
                1540755.005814: (0.84, 9.33, 0.1),
                1541131.96735: (1.54, 7.58, 0.1),
                1541529.7311: (2.27, 5.73, 0.1),
                1542525.234992: (2.88, 0.79, 0.1),
                1543195.327524: (1.04, -2.01, 0.1),
                1543799.976182: (-0.66, -4.51, 0.1),
                1544404.62484: (1.04, -2.01, 0.1),
                1545074.71737: (2.88, 0.79, 0.1),
                1546070.221264: (2.27, 5.73, 0.1),
                1546467.985012: (1.54, 7.58, 0.1),
                1546844.946548: (0.84, 9.33, 0.1),
                1547221.908086: (1.54, 7.58, 0.1),
                1547619.671834: (2.27, 5.73, 0.1),
                1548615.175726: (2.88, 0.79, 0.1),
                1549285.268258: (1.04, -2.01, 0.1),
                1549889.916916: (-0.66, -4.51, 0.1),
                1550494.565574: (1.04, -2.01, 0.1),
                1551164.658106: (2.88, 0.79, 0.1),
                1552160.161998: (2.27, 5.73, 0.1),
                1552557.925746: (1.54, 7.58, 0.1),
                1552934.887284: (0.84, 9.33, 0.1),
                1553311.84882: (1.54, 7.58, 0.1),
                1553709.612568: (2.27, 5.73, 0.1),
                1554705.116462: (2.88, 0.79, 0.1),
                1555375.208992: (1.04, -2.01, 0.1),
                1555979.85765: (-0.66, -4.51, 0.1),
                1556584.506308: (1.04, -2.01, 0.1),
                1557254.59884: (2.88, 0.79, 0.1),
                1558250.102732: (2.27, 5.73, 0.1),
                1558647.866482: (1.54, 7.58, 0.1),
                1559024.828018: (0.84, 9.33, 0.1),
                1559401.789554: (1.54, 7.58, 0.1),
                1559799.553304: (2.27, 5.73, 0.1),
                1560795.057196: (2.88, 0.79, 0.1),
                1561465.149726: (1.04, -2.01, 0.1),
                1562069.798384: (-0.66, -4.51, 0.1),
                1562674.447044: (1.04, -2.01, 0.1),
                1563344.539574: (2.88, 0.79, 0.1),
                1564340.043466: (2.27, 5.73, 0.1),
                1564737.807216: (1.54, 7.58, 0.1),
                1565114.768752: (0.84, 9.33, 0.1),
                1565491.730288: (1.54, 7.58, 0.1),
                1565889.494038: (2.27, 5.73, 0.1),
                1566884.99793: (2.88, 0.79, 0.1),
                1567555.090462: (1.04, -2.01, 0.1),
                1568159.73912: (-0.66, -4.51, 0.1),
                1568764.387778: (1.04, -2.01, 0.1),
                1569434.480308: (2.88, 0.79, 0.1),
                1570429.984202: (2.27, 5.73, 0.1),
                1570827.74795: (1.54, 7.58, 0.1),
                1571204.709486: (0.84, 9.33, 0.1),
                1571581.671024: (1.54, 7.58, 0.1),
                1571979.434772: (2.27, 5.73, 0.1),
                1572974.938664: (2.88, 0.79, 0.1),
                1573645.031196: (1.04, -2.01, 0.1),
                1574249.679854: (-0.66, -4.51, 0.1),
                1574854.328512: (1.04, -2.01, 0.1),
                1575524.421044: (2.88, 0.79, 0.1),
                1576519.924936: (2.27, 5.73, 0.1),
                1576917.688684: (1.54, 7.58, 0.1),
                1577294.650222: (0.84, 9.33, 0.1),
                1577671.611758: (1.54, 7.58, 0.1),
                1578069.375506: (2.27, 5.73, 0.1),
                1579064.879398: (2.88, 0.79, 0.1),
                1579734.97193: (1.04, -2.01, 0.1),
                1580339.620588: (-0.66, -4.51, 0.1),
                1580944.269246: (1.04, -2.01, 0.1),
                1581614.361778: (2.88, 0.79, 0.1),
                1582609.86567: (2.27, 5.73, 0.1),
                1583007.629418: (1.54, 7.58, 0.1),
                1583384.590956: (0.84, 9.33, 0.1),
                1583761.552492: (1.54, 7.58, 0.1),
                1584159.31624: (2.27, 5.73, 0.1),
                1585154.820134: (2.88, 0.79, 0.1),
                1585824.912664: (1.04, -2.01, 0.1),
                1586429.561322: (-0.66, -4.51, 0.1),
                1587034.20998: (1.04, -2.01, 0.1),
                1587704.302512: (2.88, 0.79, 0.1),
                1588699.806404: (2.27, 5.73, 0.1),
                1589097.570154: (1.54, 7.58, 0.1),
                1589474.53169: (0.84, 9.33, 0.1),
                1589851.493226: (1.54, 7.58, 0.1),
                1590249.256976: (2.27, 5.73, 0.1),
                1591244.760868: (2.88, 0.79, 0.1),
                1591914.853398: (1.04, -2.01, 0.1),
                1592519.502058: (-0.66, -4.51, 0.1),
                1593124.150716: (1.04, -2.01, 0.1),
                1593794.243246: (2.88, 0.79, 0.1),
                1594789.747138: (2.27, 5.73, 0.1),
                1595187.510888: (1.54, 7.58, 0.1),
                1595564.472424: (0.84, 9.33, 0.1),
                1595941.43396: (1.54, 7.58, 0.1),
                1596339.19771: (2.27, 5.73, 0.1),
                1597334.701602: (2.88, 0.79, 0.1),
                1598004.794134: (1.04, -2.01, 0.1),
                1598609.442792: (-0.66, -4.51, 0.1),
                1599214.09145: (1.04, -2.01, 0.1),
                1599884.18398: (2.88, 0.79, 0.1),
                1600879.687874: (2.27, 5.73, 0.1),
                1601277.451622: (1.54, 7.58, 0.1),
                1601654.413158: (0.84, 9.33, 0.1),
                1602031.374696: (1.54, 7.58, 0.1),
                1602429.138444: (2.27, 5.73, 0.1),
                1603424.642336: (2.88, 0.79, 0.1),
                1604094.734868: (1.04, -2.01, 0.1),
                1604699.383526: (-0.66, -4.51, 0.1),
                1605304.032184: (1.04, -2.01, 0.1),
                1605974.124716: (2.88, 0.79, 0.1),
                1606969.628608: (2.27, 5.73, 0.1),
                1607367.392356: (1.54, 7.58, 0.1),
                1607744.353894: (0.84, 9.33, 0.1),
                1608121.31543: (1.54, 7.58, 0.1),
                1608519.079178: (2.27, 5.73, 0.1),
                1609514.583072: (2.88, 0.79, 0.1),
                1610184.675602: (1.04, -2.01, 0.1),
                1610789.32426: (-0.66, -4.51, 0.1),
                1611393.972918: (1.04, -2.01, 0.1),
                1612064.06545: (2.88, 0.79, 0.1),
                1613059.569342: (2.27, 5.73, 0.1),
                1613457.333092: (1.54, 7.58, 0.1),
                1613834.294628: (0.84, 9.33, 0.1),
                1614211.256164: (1.54, 7.58, 0.1),
                1614609.019914: (2.27, 5.73, 0.1),
                1615604.523806: (2.88, 0.79, 0.1),
                1616274.616336: (1.04, -2.01, 0.1),
                1616879.264994: (-0.66, -4.51, 0.1),
                1617483.913654: (1.04, -2.01, 0.1),
                1618154.006184: (2.88, 0.79, 0.1),
                1619149.510076: (2.27, 5.73, 0.1),
                1619547.273826: (1.54, 7.58, 0.1),
                1619924.235362: (0.84, 9.33, 0.1),
                1620301.196898: (1.54, 7.58, 0.1),
                1620698.960648: (2.27, 5.73, 0.1),
                1621694.46454: (2.88, 0.79, 0.1),
                1622364.557072: (1.04, -2.01, 0.1),
                1622969.20573: (-0.66, -4.51, 0.1),
                1623573.854388: (1.04, -2.01, 0.1),
                1624243.946918: (2.88, 0.79, 0.1),
                1625239.450812: (2.27, 5.73, 0.1),
                1625637.21456: (1.54, 7.58, 0.1),
                1626014.176096: (0.84, 9.33, 0.1),
                1626391.137634: (1.54, 7.58, 0.1),
                1626788.901382: (2.27, 5.73, 0.1),
                1627784.405274: (2.88, 0.79, 0.1),
                1628454.497806: (1.04, -2.01, 0.1),
                1629059.146464: (-0.66, -4.51, 0.1),
                1629663.795122: (1.04, -2.01, 0.1),
                1630333.887654: (2.88, 0.79, 0.1),
                1631329.391546: (2.27, 5.73, 0.1),
                1631727.155294: (1.54, 7.58, 0.1),
                1632104.116832: (0.84, 9.33, 0.1),
                1632481.078368: (1.54, 7.58, 0.1),
                1632878.842116: (2.27, 5.73, 0.1),
                1633874.346008: (2.88, 0.79, 0.1),
                1634544.43854: (1.04, -2.01, 0.1),
                1635149.087198: (-0.66, -4.51, 0.1),
                1635753.735856: (1.04, -2.01, 0.1),
                1636423.828388: (2.88, 0.79, 0.1),
                1637419.33228: (2.27, 5.73, 0.1),
                1637817.096028: (1.54, 7.58, 0.1),
                1638194.057566: (0.84, 9.33, 0.1),
                1638571.019102: (1.54, 7.58, 0.1),
                1638968.78285: (2.27, 5.73, 0.1),
                1639964.286744: (2.88, 0.79, 0.1),
                1640634.379274: (1.04, -2.01, 0.1),
                1641239.027932: (-0.66, -4.51, 0.1),
                1641843.67659: (1.04, -2.01, 0.1),
                1642513.769122: (2.88, 0.79, 0.1),
                1643509.273014: (2.27, 5.73, 0.1),
                1643907.036764: (1.54, 7.58, 0.1),
                1644283.9983: (0.84, 9.33, 0.1),
                1644660.959836: (1.54, 7.58, 0.1),
                1645058.723586: (2.27, 5.73, 0.1),
                1646054.227478: (2.88, 0.79, 0.1),
                1646724.320008: (1.04, -2.01, 0.1),
                1647328.968668: (-0.66, -4.51, 0.1),
                1647933.617326: (1.04, -2.01, 0.1),
                1648603.709856: (2.88, 0.79, 0.1),
                1649599.213748: (2.27, 5.73, 0.1),
                1649996.977498: (1.54, 7.58, 0.1),
                1650373.939034: (0.84, 9.33, 0.1),
                1650750.90057: (1.54, 7.58, 0.1),
                1651148.66432: (2.27, 5.73, 0.1),
                1652144.168212: (2.88, 0.79, 0.1),
                1652814.260744: (1.04, -2.01, 0.1),
                1653418.909402: (-0.66, -4.51, 0.1),
                1654023.55806: (1.04, -2.01, 0.1),
                1654693.65059: (2.88, 0.79, 0.1),
                1655689.154484: (2.27, 5.73, 0.1),
                1656086.918232: (1.54, 7.58, 0.1),
                1656463.879768: (0.84, 9.33, 0.1),
                1656840.841306: (1.54, 7.58, 0.1),
                1657238.605054: (2.27, 5.73, 0.1),
                1658234.108946: (2.88, 0.79, 0.1),
                1658904.201478: (1.04, -2.01, 0.1),
                1659508.850136: (-0.66, -4.51, 0.1),
                1660113.498794: (1.04, -2.01, 0.1),
                1660783.591326: (2.88, 0.79, 0.1),
                1661779.095218: (2.27, 5.73, 0.1),
                1662176.858966: (1.54, 7.58, 0.1),
                1662553.820504: (0.84, 9.33, 0.1),
                1662930.78204: (1.54, 7.58, 0.1),
                1663328.545788: (2.27, 5.73, 0.1),
                1664324.049682: (2.88, 0.79, 0.1),
                1664994.142212: (1.04, -2.01, 0.1),
                1665598.79087: (-0.66, -4.51, 0.1),
                1666203.439528: (1.04, -2.01, 0.1),
                1666873.53206: (2.88, 0.79, 0.1),
                1667869.035952: (2.27, 5.73, 0.1),
                1668266.799702: (1.54, 7.58, 0.1),
                1668643.761238: (0.84, 9.33, 0.1),
                1669020.722774: (1.54, 7.58, 0.1),
                1669418.486524: (2.27, 5.73, 0.1),
                1670413.990416: (2.88, 0.79, 0.1),
                1671084.082946: (1.04, -2.01, 0.1),
                1671688.731604: (-0.66, -4.51, 0.1),
                1672293.380264: (1.04, -2.01, 0.1),
                1672963.472794: (2.88, 0.79, 0.1),
                1673958.976686: (2.27, 5.73, 0.1),
                1674356.740436: (1.54, 7.58, 0.1),
                1674733.701972: (0.84, 9.33, 0.1),
                1675110.663508: (1.54, 7.58, 0.1),
                1675508.427258: (2.27, 5.73, 0.1),
                1676503.93115: (2.88, 0.79, 0.1),
                1677174.023682: (1.04, -2.01, 0.1),
                1677778.67234: (-0.66, -4.51, 0.1),
                1678383.320998: (1.04, -2.01, 0.1),
                1679053.413528: (2.88, 0.79, 0.1),
                1680048.917422: (2.27, 5.73, 0.1),
                1680446.68117: (1.54, 7.58, 0.1),
                1680823.642706: (0.84, 9.33, 0.1),
                1681200.604244: (1.54, 7.58, 0.1),
                1681598.367992: (2.27, 5.73, 0.1),
                1682593.871884: (2.88, 0.79, 0.1),
                1683263.964416: (1.04, -2.01, 0.1),
                1683868.613074: (-0.66, -4.51, 0.1),
                1684473.261732: (1.04, -2.01, 0.1),
                1685143.354264: (2.88, 0.79, 0.1),
                1686138.858156: (2.27, 5.73, 0.1),
                1686536.621904: (1.54, 7.58, 0.1),
                1686913.58344: (0.84, 9.33, 0.1),
                1687290.544978: (1.54, 7.58, 0.1),
                1687688.308726: (2.27, 5.73, 0.1),
                1688683.812618: (2.88, 0.79, 0.1),
                1689353.90515: (1.04, -2.01, 0.1),
                1689958.553808: (-0.66, -4.51, 0.1),
                1690563.202466: (1.04, -2.01, 0.1),
                1691233.294998: (2.88, 0.79, 0.1),
                1692228.79889: (2.27, 5.73, 0.1),
                1692626.562638: (1.54, 7.58, 0.1),
                1693003.524176: (0.84, 9.33, 0.1),
                1693380.485712: (1.54, 7.58, 0.1),
                1693778.24946: (2.27, 5.73, 0.1),
                1694773.753354: (2.88, 0.79, 0.1),
                1695443.845884: (1.04, -2.01, 0.1),
                1696048.494542: (-0.66, -4.51, 0.1),
                1696653.1432: (1.04, -2.01, 0.1),
                1697323.235732: (2.88, 0.79, 0.1),
                1698318.739624: (2.27, 5.73, 0.1),
                1698716.503374: (1.54, 7.58, 0.1),
                1699093.46491: (0.84, 9.33, 0.1),
                1699470.426446: (1.54, 7.58, 0.1),
                1699868.190196: (2.27, 5.73, 0.1),
                1700863.694088: (2.88, 0.79, 0.1),
                1701533.786618: (1.04, -2.01, 0.1),
                1702138.435278: (-0.66, -4.51, 0.1),
                1702743.083936: (1.04, -2.01, 0.1),
                1703413.176466: (2.88, 0.79, 0.1),
                1704408.680358: (2.27, 5.73, 0.1),
                1704806.444108: (1.54, 7.58, 0.1),
                1705183.405644: (0.84, 9.33, 0.1),
                1705560.36718: (1.54, 7.58, 0.1),
                1705958.13093: (2.27, 5.73, 0.1),
                1706953.634822: (2.88, 0.79, 0.1),
                1707623.727354: (1.04, -2.01, 0.1),
                1708228.376012: (-0.66, -4.51, 0.1),
                1708833.02467: (1.04, -2.01, 0.1),
                1709503.1172: (2.88, 0.79, 0.1),
                1710498.621094: (2.27, 5.73, 0.1),
                1710896.384842: (1.54, 7.58, 0.1),
                1711273.346378: (0.84, 9.33, 0.1),
                1711650.307916: (1.54, 7.58, 0.1),
                1712048.071664: (2.27, 5.73, 0.1),
                1713043.575556: (2.88, 0.79, 0.1),
                1713713.668088: (1.04, -2.01, 0.1),
                1714318.316746: (-0.66, -4.51, 0.1),
                1714922.965404: (1.04, -2.01, 0.1),
                1715593.057936: (2.88, 0.79, 0.1),
                1716588.561828: (2.27, 5.73, 0.1),
                1716986.325576: (1.54, 7.58, 0.1),
                1717363.287114: (0.84, 9.33, 0.1),
                1717740.24865: (1.54, 7.58, 0.1),
                1718138.012398: (2.27, 5.73, 0.1),
                1719133.516292: (2.88, 0.79, 0.1),
                1719803.608822: (1.04, -2.01, 0.1),
                1720408.25748: (-0.66, -4.51, 0.1),
                1721012.906138: (1.04, -2.01, 0.1),
                1721682.99867: (2.88, 0.79, 0.1),
                1722678.502562: (2.27, 5.73, 0.1),
                1723076.266312: (1.54, 7.58, 0.1),
                1723453.227848: (0.84, 9.33, 0.1),
                1723830.189384: (1.54, 7.58, 0.1),
                1724227.953134: (2.27, 5.73, 0.1),
                1725223.457026: (2.88, 0.79, 0.1),
                1725893.549556: (1.04, -2.01, 0.1),
                1726498.198214: (-0.66, -4.51, 0.1),
                1727102.846874: (1.04, -2.01, 0.1),
                1727772.939404: (2.88, 0.79, 0.1),
                1728000: (2.740867, 1.916745, 0.1),
            }
            uniform token[] xformOpOrder = ["xformOp:translate", "xformOp:rotateXYZ"]

            def Xform "Nathan_AnimatedRoot" (
                clips = {
                    dictionary default = {
                        double2[] active = [(0, 0)]
                        asset[] assetPaths = [@../Models/Nathan/isaac_gltf/nathan_walking_gltf.usd@]
                        string primPath = "/World"
                        double2[] times = [(0, 0), (134.999, 54), (135, 0), (269.999, 54), (270, 0), (404.999, 54), (405, 0), (539.999, 54), (540, 0), (674.999, 54), (675, 0), (809.999, 54), (810, 0), (944.999, 54), (945, 0), (1079.999, 54), (1080, 0), (1214.999, 54), (1215, 0), (1349.999, 54), (1350, 0), (1484.999, 54), (1485, 0), (1619.999, 54), (1620, 0), (1754.999, 54), (1755, 0), (1889.999, 54), (1890, 0), (2024.999, 54), (2025, 0), (2159.999, 54), (2160, 0), (2294.999, 54), (2295, 0), (2429.999, 54), (2430, 0), (2564.999, 54), (2565, 0), (2699.999, 54), (2700, 0), (2834.999, 54), (2835, 0), (2969.999, 54), (2970, 0), (3104.999, 54), (3105, 0), (3239.999, 54), (3240, 0), (3374.999, 54), (3375, 0), (3509.999, 54), (3510, 0), (3644.999, 54), (3645, 0), (3779.999, 54), (3780, 0), (3914.999, 54), (3915, 0), (4049.999, 54), (4050, 0), (4184.999, 54), (4185, 0), (4319.999, 54), (4320, 0), (4454.999, 54), (4455, 0), (4589.999, 54), (4590, 0), (4724.999, 54), (4725, 0), (4859.999, 54), (4860, 0), (4994.999, 54), (4995, 0), (5129.999, 54), (5130, 0), (5264.999, 54), (5265, 0), (5399.999, 54), (5400, 0), (5534.999, 54), (5535, 0), (5669.999, 54), (5670, 0), (5804.999, 54), (5805, 0), (5939.999, 54), (5940, 0), (6074.999, 54), (6075, 0), (6209.999, 54), (6210, 0), (6344.999, 54), (6345, 0), (6479.999, 54), (6480, 0), (6614.999, 54), (6615, 0), (6749.999, 54), (6750, 0), (6884.999, 54), (6885, 0), (7019.999, 54), (7020, 0), (7154.999, 54), (7155, 0), (7289.999, 54), (7290, 0), (7424.999, 54), (7425, 0), (7559.999, 54), (7560, 0), (7694.999, 54), (7695, 0), (7829.999, 54), (7830, 0), (7964.999, 54), (7965, 0), (8099.999, 54), (8100, 0), (8234.999, 54), (8235, 0), (8369.999, 54), (8370, 0), (8504.999, 54), (8505, 0), (8639.999, 54), (8640, 0), (8774.999, 54), (8775, 0), (8909.999, 54), (8910, 0), (9044.999, 54), (9045, 0), (9179.999, 54), (9180, 0), (9314.999, 54), (9315, 0), (9449.999, 54), (9450, 0), (9584.999, 54), (9585, 0), (9719.999, 54), (9720, 0), (9854.999, 54), (9855, 0), (9989.999, 54), (9990, 0), (10124.999, 54), (10125, 0), (10259.999, 54), (10260, 0), (10394.999, 54), (10395, 0), (10529.999, 54), (10530, 0), (10664.999, 54), (10665, 0), (10799.999, 54), (10800, 0), (10934.999, 54), (10935, 0), (11069.999, 54), (11070, 0), (11204.999, 54), (11205, 0), (11339.999, 54), (11340, 0), (11474.999, 54), (11475, 0), (11609.999, 54), (11610, 0), (11744.999, 54), (11745, 0), (11879.999, 54), (11880, 0), (12014.999, 54), (12015, 0), (12149.999, 54), (12150, 0), (12284.999, 54), (12285, 0), (12419.999, 54), (12420, 0), (12554.999, 54), (12555, 0), (12689.999, 54), (12690, 0), (12824.999, 54), (12825, 0), (12959.999, 54), (12960, 0), (13094.999, 54), (13095, 0), (13229.999, 54), (13230, 0), (13364.999, 54), (13365, 0), (13499.999, 54), (13500, 0), (13634.999, 54), (13635, 0), (13769.999, 54), (13770, 0), (13904.999, 54), (13905, 0), (14039.999, 54), (14040, 0), (14174.999, 54), (14175, 0), (14309.999, 54), (14310, 0), (14444.999, 54), (14445, 0), (14579.999, 54), (14580, 0), (14714.999, 54), (14715, 0), (14849.999, 54), (14850, 0), (14984.999, 54), (14985, 0), (15119.999, 54), (15120, 0), (15254.999, 54), (15255, 0), (15389.999, 54), (15390, 0), (15524.999, 54), (15525, 0), (15659.999, 54), (15660, 0), (15794.999, 54), (15795, 0), (15929.999, 54), (15930, 0), (16064.999, 54), (16065, 0), (16199.999, 54), (16200, 0), (16334.999, 54), (16335, 0), (16469.999, 54), (16470, 0), (16604.999, 54), (16605, 0), (16739.999, 54), (16740, 0), (16874.999, 54), (16875, 0), (17009.999, 54), (17010, 0), (17144.999, 54), (17145, 0), (17279.999, 54), (17280, 0), (17414.999, 54), (17415, 0), (17549.999, 54), (17550, 0), (17684.999, 54), (17685, 0), (17819.999, 54), (17820, 0), (17954.999, 54), (17955, 0), (18089.999, 54), (18090, 0), (18224.999, 54), (18225, 0), (18359.999, 54), (18360, 0), (18494.999, 54), (18495, 0), (18629.999, 54), (18630, 0), (18764.999, 54), (18765, 0), (18899.999, 54), (18900, 0), (19034.999, 54), (19035, 0), (19169.999, 54), (19170, 0), (19304.999, 54), (19305, 0), (19439.999, 54), (19440, 0), (19574.999, 54), (19575, 0), (19709.999, 54), (19710, 0), (19844.999, 54), (19845, 0), (19979.999, 54), (19980, 0), (20114.999, 54), (20115, 0), (20249.999, 54), (20250, 0), (20384.999, 54), (20385, 0), (20519.999, 54), (20520, 0), (20654.999, 54), (20655, 0), (20789.999, 54), (20790, 0), (20924.999, 54), (20925, 0), (21059.999, 54), (21060, 0), (21194.999, 54), (21195, 0), (21329.999, 54), (21330, 0), (21464.999, 54), (21465, 0), (21599.999, 54), (21600, 0), (21734.999, 54), (21735, 0), (21869.999, 54), (21870, 0), (22004.999, 54), (22005, 0), (22139.999, 54), (22140, 0), (22274.999, 54), (22275, 0), (22409.999, 54), (22410, 0), (22544.999, 54), (22545, 0), (22679.999, 54), (22680, 0), (22814.999, 54), (22815, 0), (22949.999, 54), (22950, 0), (23084.999, 54), (23085, 0), (23219.999, 54), (23220, 0), (23354.999, 54), (23355, 0), (23489.999, 54), (23490, 0), (23624.999, 54), (23625, 0), (23759.999, 54), (23760, 0), (23894.999, 54), (23895, 0), (24029.999, 54), (24030, 0), (24164.999, 54), (24165, 0), (24299.999, 54), (24300, 0), (24434.999, 54), (24435, 0), (24569.999, 54), (24570, 0), (24704.999, 54), (24705, 0), (24839.999, 54), (24840, 0), (24974.999, 54), (24975, 0), (25109.999, 54), (25110, 0), (25244.999, 54), (25245, 0), (25379.999, 54), (25380, 0), (25514.999, 54), (25515, 0), (25649.999, 54), (25650, 0), (25784.999, 54), (25785, 0), (25919.999, 54), (25920, 0), (26054.999, 54), (26055, 0), (26189.999, 54), (26190, 0), (26324.999, 54), (26325, 0), (26459.999, 54), (26460, 0), (26594.999, 54), (26595, 0), (26729.999, 54), (26730, 0), (26864.999, 54), (26865, 0), (26999.999, 54), (27000, 0), (27134.999, 54), (27135, 0), (27269.999, 54), (27270, 0), (27404.999, 54), (27405, 0), (27539.999, 54), (27540, 0), (27674.999, 54), (27675, 0), (27809.999, 54), (27810, 0), (27944.999, 54), (27945, 0), (28079.999, 54), (28080, 0), (28214.999, 54), (28215, 0), (28349.999, 54), (28350, 0), (28484.999, 54), (28485, 0), (28619.999, 54), (28620, 0), (28754.999, 54), (28755, 0), (28889.999, 54), (28890, 0), (29024.999, 54), (29025, 0), (29159.999, 54), (29160, 0), (29294.999, 54), (29295, 0), (29429.999, 54), (29430, 0), (29564.999, 54), (29565, 0), (29699.999, 54), (29700, 0), (29834.999, 54), (29835, 0), (29969.999, 54), (29970, 0), (30104.999, 54), (30105, 0), (30239.999, 54), (30240, 0), (30374.999, 54), (30375, 0), (30509.999, 54), (30510, 0), (30644.999, 54), (30645, 0), (30779.999, 54), (30780, 0), (30914.999, 54), (30915, 0), (31049.999, 54), (31050, 0), (31184.999, 54), (31185, 0), (31319.999, 54), (31320, 0), (31454.999, 54), (31455, 0), (31589.999, 54), (31590, 0), (31724.999, 54), (31725, 0), (31859.999, 54), (31860, 0), (31994.999, 54), (31995, 0), (32129.999, 54), (32130, 0), (32264.999, 54), (32265, 0), (32399.999, 54), (32400, 0), (32534.999, 54), (32535, 0), (32669.999, 54), (32670, 0), (32804.999, 54), (32805, 0), (32939.999, 54), (32940, 0), (33074.999, 54), (33075, 0), (33209.999, 54), (33210, 0), (33344.999, 54), (33345, 0), (33479.999, 54), (33480, 0), (33614.999, 54), (33615, 0), (33749.999, 54), (33750, 0), (33884.999, 54), (33885, 0), (34019.999, 54), (34020, 0), (34154.999, 54), (34155, 0), (34289.999, 54), (34290, 0), (34424.999, 54), (34425, 0), (34559.999, 54), (34560, 0), (34694.999, 54), (34695, 0), (34829.999, 54), (34830, 0), (34964.999, 54), (34965, 0), (35099.999, 54), (35100, 0), (35234.999, 54), (35235, 0), (35369.999, 54), (35370, 0), (35504.999, 54), (35505, 0), (35639.999, 54), (35640, 0), (35774.999, 54), (35775, 0), (35909.999, 54), (35910, 0), (36044.999, 54), (36045, 0), (36179.999, 54), (36180, 0), (36314.999, 54), (36315, 0), (36449.999, 54), (36450, 0), (36584.999, 54), (36585, 0), (36719.999, 54), (36720, 0), (36854.999, 54), (36855, 0), (36989.999, 54), (36990, 0), (37124.999, 54), (37125, 0), (37259.999, 54), (37260, 0), (37394.999, 54), (37395, 0), (37529.999, 54), (37530, 0), (37664.999, 54), (37665, 0), (37799.999, 54), (37800, 0), (37934.999, 54), (37935, 0), (38069.999, 54), (38070, 0), (38204.999, 54), (38205, 0), (38339.999, 54), (38340, 0), (38474.999, 54), (38475, 0), (38609.999, 54), (38610, 0), (38744.999, 54), (38745, 0), (38879.999, 54), (38880, 0), (39014.999, 54), (39015, 0), (39149.999, 54), (39150, 0), (39284.999, 54), (39285, 0), (39419.999, 54), (39420, 0), (39554.999, 54), (39555, 0), (39689.999, 54), (39690, 0), (39824.999, 54), (39825, 0), (39959.999, 54), (39960, 0), (40094.999, 54), (40095, 0), (40229.999, 54), (40230, 0), (40364.999, 54), (40365, 0), (40499.999, 54), (40500, 0), (40634.999, 54), (40635, 0), (40769.999, 54), (40770, 0), (40904.999, 54), (40905, 0), (41039.999, 54), (41040, 0), (41174.999, 54), (41175, 0), (41309.999, 54), (41310, 0), (41444.999, 54), (41445, 0), (41579.999, 54), (41580, 0), (41714.999, 54), (41715, 0), (41849.999, 54), (41850, 0), (41984.999, 54), (41985, 0), (42119.999, 54), (42120, 0), (42254.999, 54), (42255, 0), (42389.999, 54), (42390, 0), (42524.999, 54), (42525, 0), (42659.999, 54), (42660, 0), (42794.999, 54), (42795, 0), (42929.999, 54), (42930, 0), (43064.999, 54), (43065, 0), (43199.999, 54), (43200, 0), (43334.999, 54), (43335, 0), (43469.999, 54), (43470, 0), (43604.999, 54), (43605, 0), (43739.999, 54), (43740, 0), (43874.999, 54), (43875, 0), (44009.999, 54), (44010, 0), (44144.999, 54), (44145, 0), (44279.999, 54), (44280, 0), (44414.999, 54), (44415, 0), (44549.999, 54), (44550, 0), (44684.999, 54), (44685, 0), (44819.999, 54), (44820, 0), (44954.999, 54), (44955, 0), (45089.999, 54), (45090, 0), (45224.999, 54), (45225, 0), (45359.999, 54), (45360, 0), (45494.999, 54), (45495, 0), (45629.999, 54), (45630, 0), (45764.999, 54), (45765, 0), (45899.999, 54), (45900, 0), (46034.999, 54), (46035, 0), (46169.999, 54), (46170, 0), (46304.999, 54), (46305, 0), (46439.999, 54), (46440, 0), (46574.999, 54), (46575, 0), (46709.999, 54), (46710, 0), (46844.999, 54), (46845, 0), (46979.999, 54), (46980, 0), (47114.999, 54), (47115, 0), (47249.999, 54), (47250, 0), (47384.999, 54), (47385, 0), (47519.999, 54), (47520, 0), (47654.999, 54), (47655, 0), (47789.999, 54), (47790, 0), (47924.999, 54), (47925, 0), (48059.999, 54), (48060, 0), (48194.999, 54), (48195, 0), (48329.999, 54), (48330, 0), (48464.999, 54), (48465, 0), (48599.999, 54), (48600, 0), (48734.999, 54), (48735, 0), (48869.999, 54), (48870, 0), (49004.999, 54), (49005, 0), (49139.999, 54), (49140, 0), (49274.999, 54), (49275, 0), (49409.999, 54), (49410, 0), (49544.999, 54), (49545, 0), (49679.999, 54), (49680, 0), (49814.999, 54), (49815, 0), (49949.999, 54), (49950, 0), (50084.999, 54), (50085, 0), (50219.999, 54), (50220, 0), (50354.999, 54), (50355, 0), (50489.999, 54), (50490, 0), (50624.999, 54), (50625, 0), (50759.999, 54), (50760, 0), (50894.999, 54), (50895, 0), (51029.999, 54), (51030, 0), (51164.999, 54), (51165, 0), (51299.999, 54), (51300, 0), (51434.999, 54), (51435, 0), (51569.999, 54), (51570, 0), (51704.999, 54), (51705, 0), (51839.999, 54), (51840, 0), (51974.999, 54), (51975, 0), (52109.999, 54), (52110, 0), (52244.999, 54), (52245, 0), (52379.999, 54), (52380, 0), (52514.999, 54), (52515, 0), (52649.999, 54), (52650, 0), (52784.999, 54), (52785, 0), (52919.999, 54), (52920, 0), (53054.999, 54), (53055, 0), (53189.999, 54), (53190, 0), (53324.999, 54), (53325, 0), (53459.999, 54), (53460, 0), (53594.999, 54), (53595, 0), (53729.999, 54), (53730, 0), (53864.999, 54), (53865, 0), (53999.999, 54), (54000, 0), (54134.999, 54), (54135, 0), (54269.999, 54), (54270, 0), (54404.999, 54), (54405, 0), (54539.999, 54), (54540, 0), (54674.999, 54), (54675, 0), (54809.999, 54), (54810, 0), (54944.999, 54), (54945, 0), (55079.999, 54), (55080, 0), (55214.999, 54), (55215, 0), (55349.999, 54), (55350, 0), (55484.999, 54), (55485, 0), (55619.999, 54), (55620, 0), (55754.999, 54), (55755, 0), (55889.999, 54), (55890, 0), (56024.999, 54), (56025, 0), (56159.999, 54), (56160, 0), (56294.999, 54), (56295, 0), (56429.999, 54), (56430, 0), (56564.999, 54), (56565, 0), (56699.999, 54), (56700, 0), (56834.999, 54), (56835, 0), (56969.999, 54), (56970, 0), (57104.999, 54), (57105, 0), (57239.999, 54), (57240, 0), (57374.999, 54), (57375, 0), (57509.999, 54), (57510, 0), (57644.999, 54), (57645, 0), (57779.999, 54), (57780, 0), (57914.999, 54), (57915, 0), (58049.999, 54), (58050, 0), (58184.999, 54), (58185, 0), (58319.999, 54), (58320, 0), (58454.999, 54), (58455, 0), (58589.999, 54), (58590, 0), (58724.999, 54), (58725, 0), (58859.999, 54), (58860, 0), (58994.999, 54), (58995, 0), (59129.999, 54), (59130, 0), (59264.999, 54), (59265, 0), (59399.999, 54), (59400, 0), (59534.999, 54), (59535, 0), (59669.999, 54), (59670, 0), (59804.999, 54), (59805, 0), (59939.999, 54), (59940, 0), (60074.999, 54), (60075, 0), (60209.999, 54), (60210, 0), (60344.999, 54), (60345, 0), (60479.999, 54), (60480, 0), (60614.999, 54), (60615, 0), (60749.999, 54), (60750, 0), (60884.999, 54), (60885, 0), (61019.999, 54), (61020, 0), (61154.999, 54), (61155, 0), (61289.999, 54), (61290, 0), (61424.999, 54), (61425, 0), (61559.999, 54), (61560, 0), (61694.999, 54), (61695, 0), (61829.999, 54), (61830, 0), (61964.999, 54), (61965, 0), (62099.999, 54), (62100, 0), (62234.999, 54), (62235, 0), (62369.999, 54), (62370, 0), (62504.999, 54), (62505, 0), (62639.999, 54), (62640, 0), (62774.999, 54), (62775, 0), (62909.999, 54), (62910, 0), (63044.999, 54), (63045, 0), (63179.999, 54), (63180, 0), (63314.999, 54), (63315, 0), (63449.999, 54), (63450, 0), (63584.999, 54), (63585, 0), (63719.999, 54), (63720, 0), (63854.999, 54), (63855, 0), (63989.999, 54), (63990, 0), (64124.999, 54), (64125, 0), (64259.999, 54), (64260, 0), (64394.999, 54), (64395, 0), (64529.999, 54), (64530, 0), (64664.999, 54), (64665, 0), (64799.999, 54), (64800, 0), (64934.999, 54), (64935, 0), (65069.999, 54), (65070, 0), (65204.999, 54), (65205, 0), (65339.999, 54), (65340, 0), (65474.999, 54), (65475, 0), (65609.999, 54), (65610, 0), (65744.999, 54), (65745, 0), (65879.999, 54), (65880, 0), (66014.999, 54), (66015, 0), (66149.999, 54), (66150, 0), (66284.999, 54), (66285, 0), (66419.999, 54), (66420, 0), (66554.999, 54), (66555, 0), (66689.999, 54), (66690, 0), (66824.999, 54), (66825, 0), (66959.999, 54), (66960, 0), (67094.999, 54), (67095, 0), (67229.999, 54), (67230, 0), (67364.999, 54), (67365, 0), (67499.999, 54), (67500, 0), (67634.999, 54), (67635, 0), (67769.999, 54), (67770, 0), (67904.999, 54), (67905, 0), (68039.999, 54), (68040, 0), (68174.999, 54), (68175, 0), (68309.999, 54), (68310, 0), (68444.999, 54), (68445, 0), (68579.999, 54), (68580, 0), (68714.999, 54), (68715, 0), (68849.999, 54), (68850, 0), (68984.999, 54), (68985, 0), (69119.999, 54), (69120, 0), (69254.999, 54), (69255, 0), (69389.999, 54), (69390, 0), (69524.999, 54), (69525, 0), (69659.999, 54), (69660, 0), (69794.999, 54), (69795, 0), (69929.999, 54), (69930, 0), (70064.999, 54), (70065, 0), (70199.999, 54), (70200, 0), (70334.999, 54), (70335, 0), (70469.999, 54), (70470, 0), (70604.999, 54), (70605, 0), (70739.999, 54), (70740, 0), (70874.999, 54), (70875, 0), (71009.999, 54), (71010, 0), (71144.999, 54), (71145, 0), (71279.999, 54), (71280, 0), (71414.999, 54), (71415, 0), (71549.999, 54), (71550, 0), (71684.999, 54), (71685, 0), (71819.999, 54), (71820, 0), (71954.999, 54), (71955, 0), (72089.999, 54), (72090, 0), (72224.999, 54), (72225, 0), (72359.999, 54), (72360, 0), (72494.999, 54), (72495, 0), (72629.999, 54), (72630, 0), (72764.999, 54), (72765, 0), (72899.999, 54), (72900, 0), (73034.999, 54), (73035, 0), (73169.999, 54), (73170, 0), (73304.999, 54), (73305, 0), (73439.999, 54), (73440, 0), (73574.999, 54), (73575, 0), (73709.999, 54), (73710, 0), (73844.999, 54), (73845, 0), (73979.999, 54), (73980, 0), (74114.999, 54), (74115, 0), (74249.999, 54), (74250, 0), (74384.999, 54), (74385, 0), (74519.999, 54), (74520, 0), (74654.999, 54), (74655, 0), (74789.999, 54), (74790, 0), (74924.999, 54), (74925, 0), (75059.999, 54), (75060, 0), (75194.999, 54), (75195, 0), (75329.999, 54), (75330, 0), (75464.999, 54), (75465, 0), (75599.999, 54), (75600, 0), (75734.999, 54), (75735, 0), (75869.999, 54), (75870, 0), (76004.999, 54), (76005, 0), (76139.999, 54), (76140, 0), (76274.999, 54), (76275, 0), (76409.999, 54), (76410, 0), (76544.999, 54), (76545, 0), (76679.999, 54), (76680, 0), (76814.999, 54), (76815, 0), (76949.999, 54), (76950, 0), (77084.999, 54), (77085, 0), (77219.999, 54), (77220, 0), (77354.999, 54), (77355, 0), (77489.999, 54), (77490, 0), (77624.999, 54), (77625, 0), (77759.999, 54), (77760, 0), (77894.999, 54), (77895, 0), (78029.999, 54), (78030, 0), (78164.999, 54), (78165, 0), (78299.999, 54), (78300, 0), (78434.999, 54), (78435, 0), (78569.999, 54), (78570, 0), (78704.999, 54), (78705, 0), (78839.999, 54), (78840, 0), (78974.999, 54), (78975, 0), (79109.999, 54), (79110, 0), (79244.999, 54), (79245, 0), (79379.999, 54), (79380, 0), (79514.999, 54), (79515, 0), (79649.999, 54), (79650, 0), (79784.999, 54), (79785, 0), (79919.999, 54), (79920, 0), (80054.999, 54), (80055, 0), (80189.999, 54), (80190, 0), (80324.999, 54), (80325, 0), (80459.999, 54), (80460, 0), (80594.999, 54), (80595, 0), (80729.999, 54), (80730, 0), (80864.999, 54), (80865, 0), (80999.999, 54), (81000, 0), (81134.999, 54), (81135, 0), (81269.999, 54), (81270, 0), (81404.999, 54), (81405, 0), (81539.999, 54), (81540, 0), (81674.999, 54), (81675, 0), (81809.999, 54), (81810, 0), (81944.999, 54), (81945, 0), (82079.999, 54), (82080, 0), (82214.999, 54), (82215, 0), (82349.999, 54), (82350, 0), (82484.999, 54), (82485, 0), (82619.999, 54), (82620, 0), (82754.999, 54), (82755, 0), (82889.999, 54), (82890, 0), (83024.999, 54), (83025, 0), (83159.999, 54), (83160, 0), (83294.999, 54), (83295, 0), (83429.999, 54), (83430, 0), (83564.999, 54), (83565, 0), (83699.999, 54), (83700, 0), (83834.999, 54), (83835, 0), (83969.999, 54), (83970, 0), (84104.999, 54), (84105, 0), (84239.999, 54), (84240, 0), (84374.999, 54), (84375, 0), (84509.999, 54), (84510, 0), (84644.999, 54), (84645, 0), (84779.999, 54), (84780, 0), (84914.999, 54), (84915, 0), (85049.999, 54), (85050, 0), (85184.999, 54), (85185, 0), (85319.999, 54), (85320, 0), (85454.999, 54), (85455, 0), (85589.999, 54), (85590, 0), (85724.999, 54), (85725, 0), (85859.999, 54), (85860, 0), (85994.999, 54), (85995, 0), (86129.999, 54), (86130, 0), (86264.999, 54), (86265, 0), (86399.999, 54), (86400, 0), (86534.999, 54), (86535, 0), (86669.999, 54), (86670, 0), (86804.999, 54), (86805, 0), (86939.999, 54), (86940, 0), (87074.999, 54), (87075, 0), (87209.999, 54), (87210, 0), (87344.999, 54), (87345, 0), (87479.999, 54), (87480, 0), (87614.999, 54), (87615, 0), (87749.999, 54), (87750, 0), (87884.999, 54), (87885, 0), (88019.999, 54), (88020, 0), (88154.999, 54), (88155, 0), (88289.999, 54), (88290, 0), (88424.999, 54), (88425, 0), (88559.999, 54), (88560, 0), (88694.999, 54), (88695, 0), (88829.999, 54), (88830, 0), (88964.999, 54), (88965, 0), (89099.999, 54), (89100, 0), (89234.999, 54), (89235, 0), (89369.999, 54), (89370, 0), (89504.999, 54), (89505, 0), (89639.999, 54), (89640, 0), (89774.999, 54), (89775, 0), (89909.999, 54), (89910, 0), (90044.999, 54), (90045, 0), (90179.999, 54), (90180, 0), (90314.999, 54), (90315, 0), (90449.999, 54), (90450, 0), (90584.999, 54), (90585, 0), (90719.999, 54), (90720, 0), (90854.999, 54), (90855, 0), (90989.999, 54), (90990, 0), (91124.999, 54), (91125, 0), (91259.999, 54), (91260, 0), (91394.999, 54), (91395, 0), (91529.999, 54), (91530, 0), (91664.999, 54), (91665, 0), (91799.999, 54), (91800, 0), (91934.999, 54), (91935, 0), (92069.999, 54), (92070, 0), (92204.999, 54), (92205, 0), (92339.999, 54), (92340, 0), (92474.999, 54), (92475, 0), (92609.999, 54), (92610, 0), (92744.999, 54), (92745, 0), (92879.999, 54), (92880, 0), (93014.999, 54), (93015, 0), (93149.999, 54), (93150, 0), (93284.999, 54), (93285, 0), (93419.999, 54), (93420, 0), (93554.999, 54), (93555, 0), (93689.999, 54), (93690, 0), (93824.999, 54), (93825, 0), (93959.999, 54), (93960, 0), (94094.999, 54), (94095, 0), (94229.999, 54), (94230, 0), (94364.999, 54), (94365, 0), (94499.999, 54), (94500, 0), (94634.999, 54), (94635, 0), (94769.999, 54), (94770, 0), (94904.999, 54), (94905, 0), (95039.999, 54), (95040, 0), (95174.999, 54), (95175, 0), (95309.999, 54), (95310, 0), (95444.999, 54), (95445, 0), (95579.999, 54), (95580, 0), (95714.999, 54), (95715, 0), (95849.999, 54), (95850, 0), (95984.999, 54), (95985, 0), (96119.999, 54), (96120, 0), (96254.999, 54), (96255, 0), (96389.999, 54), (96390, 0), (96524.999, 54), (96525, 0), (96659.999, 54), (96660, 0), (96794.999, 54), (96795, 0), (96929.999, 54), (96930, 0), (97064.999, 54), (97065, 0), (97199.999, 54), (97200, 0), (97334.999, 54), (97335, 0), (97469.999, 54), (97470, 0), (97604.999, 54), (97605, 0), (97739.999, 54), (97740, 0), (97874.999, 54), (97875, 0), (98009.999, 54), (98010, 0), (98144.999, 54), (98145, 0), (98279.999, 54), (98280, 0), (98414.999, 54), (98415, 0), (98549.999, 54), (98550, 0), (98684.999, 54), (98685, 0), (98819.999, 54), (98820, 0), (98954.999, 54), (98955, 0), (99089.999, 54), (99090, 0), (99224.999, 54), (99225, 0), (99359.999, 54), (99360, 0), (99494.999, 54), (99495, 0), (99629.999, 54), (99630, 0), (99764.999, 54), (99765, 0), (99899.999, 54), (99900, 0), (100034.999, 54), (100035, 0), (100169.999, 54), (100170, 0), (100304.999, 54), (100305, 0), (100439.999, 54), (100440, 0), (100574.999, 54), (100575, 0), (100709.999, 54), (100710, 0), (100844.999, 54), (100845, 0), (100979.999, 54), (100980, 0), (101114.999, 54), (101115, 0), (101249.999, 54), (101250, 0), (101384.999, 54), (101385, 0), (101519.999, 54), (101520, 0), (101654.999, 54), (101655, 0), (101789.999, 54), (101790, 0), (101924.999, 54), (101925, 0), (102059.999, 54), (102060, 0), (102194.999, 54), (102195, 0), (102329.999, 54), (102330, 0), (102464.999, 54), (102465, 0), (102599.999, 54), (102600, 0), (102734.999, 54), (102735, 0), (102869.999, 54), (102870, 0), (103004.999, 54), (103005, 0), (103139.999, 54), (103140, 0), (103274.999, 54), (103275, 0), (103409.999, 54), (103410, 0), (103544.999, 54), (103545, 0), (103679.999, 54), (103680, 0), (103814.999, 54), (103815, 0), (103949.999, 54), (103950, 0), (104084.999, 54), (104085, 0), (104219.999, 54), (104220, 0), (104354.999, 54), (104355, 0), (104489.999, 54), (104490, 0), (104624.999, 54), (104625, 0), (104759.999, 54), (104760, 0), (104894.999, 54), (104895, 0), (105029.999, 54), (105030, 0), (105164.999, 54), (105165, 0), (105299.999, 54), (105300, 0), (105434.999, 54), (105435, 0), (105569.999, 54), (105570, 0), (105704.999, 54), (105705, 0), (105839.999, 54), (105840, 0), (105974.999, 54), (105975, 0), (106109.999, 54), (106110, 0), (106244.999, 54), (106245, 0), (106379.999, 54), (106380, 0), (106514.999, 54), (106515, 0), (106649.999, 54), (106650, 0), (106784.999, 54), (106785, 0), (106919.999, 54), (106920, 0), (107054.999, 54), (107055, 0), (107189.999, 54), (107190, 0), (107324.999, 54), (107325, 0), (107459.999, 54), (107460, 0), (107594.999, 54), (107595, 0), (107729.999, 54), (107730, 0), (107864.999, 54), (107865, 0), (107999.999, 54), (108000, 0), (108134.999, 54), (108135, 0), (108269.999, 54), (108270, 0), (108404.999, 54), (108405, 0), (108539.999, 54), (108540, 0), (108674.999, 54), (108675, 0), (108809.999, 54), (108810, 0), (108944.999, 54), (108945, 0), (109079.999, 54), (109080, 0), (109214.999, 54), (109215, 0), (109349.999, 54), (109350, 0), (109484.999, 54), (109485, 0), (109619.999, 54), (109620, 0), (109754.999, 54), (109755, 0), (109889.999, 54), (109890, 0), (110024.999, 54), (110025, 0), (110159.999, 54), (110160, 0), (110294.999, 54), (110295, 0), (110429.999, 54), (110430, 0), (110564.999, 54), (110565, 0), (110699.999, 54), (110700, 0), (110834.999, 54), (110835, 0), (110969.999, 54), (110970, 0), (111104.999, 54), (111105, 0), (111239.999, 54), (111240, 0), (111374.999, 54), (111375, 0), (111509.999, 54), (111510, 0), (111644.999, 54), (111645, 0), (111779.999, 54), (111780, 0), (111914.999, 54), (111915, 0), (112049.999, 54), (112050, 0), (112184.999, 54), (112185, 0), (112319.999, 54), (112320, 0), (112454.999, 54), (112455, 0), (112589.999, 54), (112590, 0), (112724.999, 54), (112725, 0), (112859.999, 54), (112860, 0), (112994.999, 54), (112995, 0), (113129.999, 54), (113130, 0), (113264.999, 54), (113265, 0), (113399.999, 54), (113400, 0), (113534.999, 54), (113535, 0), (113669.999, 54), (113670, 0), (113804.999, 54), (113805, 0), (113939.999, 54), (113940, 0), (114074.999, 54), (114075, 0), (114209.999, 54), (114210, 0), (114344.999, 54), (114345, 0), (114479.999, 54), (114480, 0), (114614.999, 54), (114615, 0), (114749.999, 54), (114750, 0), (114884.999, 54), (114885, 0), (115019.999, 54), (115020, 0), (115154.999, 54), (115155, 0), (115289.999, 54), (115290, 0), (115424.999, 54), (115425, 0), (115559.999, 54), (115560, 0), (115694.999, 54), (115695, 0), (115829.999, 54), (115830, 0), (115964.999, 54), (115965, 0), (116099.999, 54), (116100, 0), (116234.999, 54), (116235, 0), (116369.999, 54), (116370, 0), (116504.999, 54), (116505, 0), (116639.999, 54), (116640, 0), (116774.999, 54), (116775, 0), (116909.999, 54), (116910, 0), (117044.999, 54), (117045, 0), (117179.999, 54), (117180, 0), (117314.999, 54), (117315, 0), (117449.999, 54), (117450, 0), (117584.999, 54), (117585, 0), (117719.999, 54), (117720, 0), (117854.999, 54), (117855, 0), (117989.999, 54), (117990, 0), (118124.999, 54), (118125, 0), (118259.999, 54), (118260, 0), (118394.999, 54), (118395, 0), (118529.999, 54), (118530, 0), (118664.999, 54), (118665, 0), (118799.999, 54), (118800, 0), (118934.999, 54), (118935, 0), (119069.999, 54), (119070, 0), (119204.999, 54), (119205, 0), (119339.999, 54), (119340, 0), (119474.999, 54), (119475, 0), (119609.999, 54), (119610, 0), (119744.999, 54), (119745, 0), (119879.999, 54), (119880, 0), (120014.999, 54), (120015, 0), (120149.999, 54), (120150, 0), (120284.999, 54), (120285, 0), (120419.999, 54), (120420, 0), (120554.999, 54), (120555, 0), (120689.999, 54), (120690, 0), (120824.999, 54), (120825, 0), (120959.999, 54), (120960, 0), (121094.999, 54), (121095, 0), (121229.999, 54), (121230, 0), (121364.999, 54), (121365, 0), (121499.999, 54), (121500, 0), (121634.999, 54), (121635, 0), (121769.999, 54), (121770, 0), (121904.999, 54), (121905, 0), (122039.999, 54), (122040, 0), (122174.999, 54), (122175, 0), (122309.999, 54), (122310, 0), (122444.999, 54), (122445, 0), (122579.999, 54), (122580, 0), (122714.999, 54), (122715, 0), (122849.999, 54), (122850, 0), (122984.999, 54), (122985, 0), (123119.999, 54), (123120, 0), (123254.999, 54), (123255, 0), (123389.999, 54), (123390, 0), (123524.999, 54), (123525, 0), (123659.999, 54), (123660, 0), (123794.999, 54), (123795, 0), (123929.999, 54), (123930, 0), (124064.999, 54), (124065, 0), (124199.999, 54), (124200, 0), (124334.999, 54), (124335, 0), (124469.999, 54), (124470, 0), (124604.999, 54), (124605, 0), (124739.999, 54), (124740, 0), (124874.999, 54), (124875, 0), (125009.999, 54), (125010, 0), (125144.999, 54), (125145, 0), (125279.999, 54), (125280, 0), (125414.999, 54), (125415, 0), (125549.999, 54), (125550, 0), (125684.999, 54), (125685, 0), (125819.999, 54), (125820, 0), (125954.999, 54), (125955, 0), (126089.999, 54), (126090, 0), (126224.999, 54), (126225, 0), (126359.999, 54), (126360, 0), (126494.999, 54), (126495, 0), (126629.999, 54), (126630, 0), (126764.999, 54), (126765, 0), (126899.999, 54), (126900, 0), (127034.999, 54), (127035, 0), (127169.999, 54), (127170, 0), (127304.999, 54), (127305, 0), (127439.999, 54), (127440, 0), (127574.999, 54), (127575, 0), (127709.999, 54), (127710, 0), (127844.999, 54), (127845, 0), (127979.999, 54), (127980, 0), (128114.999, 54), (128115, 0), (128249.999, 54), (128250, 0), (128384.999, 54), (128385, 0), (128519.999, 54), (128520, 0), (128654.999, 54), (128655, 0), (128789.999, 54), (128790, 0), (128924.999, 54), (128925, 0), (129059.999, 54), (129060, 0), (129194.999, 54), (129195, 0), (129329.999, 54), (129330, 0), (129464.999, 54), (129465, 0), (129599.999, 54), (129600, 0), (129734.999, 54), (129735, 0), (129869.999, 54), (129870, 0), (130004.999, 54), (130005, 0), (130139.999, 54), (130140, 0), (130274.999, 54), (130275, 0), (130409.999, 54), (130410, 0), (130544.999, 54), (130545, 0), (130679.999, 54), (130680, 0), (130814.999, 54), (130815, 0), (130949.999, 54), (130950, 0), (131084.999, 54), (131085, 0), (131219.999, 54), (131220, 0), (131354.999, 54), (131355, 0), (131489.999, 54), (131490, 0), (131624.999, 54), (131625, 0), (131759.999, 54), (131760, 0), (131894.999, 54), (131895, 0), (132029.999, 54), (132030, 0), (132164.999, 54), (132165, 0), (132299.999, 54), (132300, 0), (132434.999, 54), (132435, 0), (132569.999, 54), (132570, 0), (132704.999, 54), (132705, 0), (132839.999, 54), (132840, 0), (132974.999, 54), (132975, 0), (133109.999, 54), (133110, 0), (133244.999, 54), (133245, 0), (133379.999, 54), (133380, 0), (133514.999, 54), (133515, 0), (133649.999, 54), (133650, 0), (133784.999, 54), (133785, 0), (133919.999, 54), (133920, 0), (134054.999, 54), (134055, 0), (134189.999, 54), (134190, 0), (134324.999, 54), (134325, 0), (134459.999, 54), (134460, 0), (134594.999, 54), (134595, 0), (134729.999, 54), (134730, 0), (134864.999, 54), (134865, 0), (134999.999, 54), (135000, 0), (135134.999, 54), (135135, 0), (135269.999, 54), (135270, 0), (135404.999, 54), (135405, 0), (135539.999, 54), (135540, 0), (135674.999, 54), (135675, 0), (135809.999, 54), (135810, 0), (135944.999, 54), (135945, 0), (136079.999, 54), (136080, 0), (136214.999, 54), (136215, 0), (136349.999, 54), (136350, 0), (136484.999, 54), (136485, 0), (136619.999, 54), (136620, 0), (136754.999, 54), (136755, 0), (136889.999, 54), (136890, 0), (137024.999, 54), (137025, 0), (137159.999, 54), (137160, 0), (137294.999, 54), (137295, 0), (137429.999, 54), (137430, 0), (137564.999, 54), (137565, 0), (137699.999, 54), (137700, 0), (137834.999, 54), (137835, 0), (137969.999, 54), (137970, 0), (138104.999, 54), (138105, 0), (138239.999, 54), (138240, 0), (138374.999, 54), (138375, 0), (138509.999, 54), (138510, 0), (138644.999, 54), (138645, 0), (138779.999, 54), (138780, 0), (138914.999, 54), (138915, 0), (139049.999, 54), (139050, 0), (139184.999, 54), (139185, 0), (139319.999, 54), (139320, 0), (139454.999, 54), (139455, 0), (139589.999, 54), (139590, 0), (139724.999, 54), (139725, 0), (139859.999, 54), (139860, 0), (139994.999, 54), (139995, 0), (140129.999, 54), (140130, 0), (140264.999, 54), (140265, 0), (140399.999, 54), (140400, 0), (140534.999, 54), (140535, 0), (140669.999, 54), (140670, 0), (140804.999, 54), (140805, 0), (140939.999, 54), (140940, 0), (141074.999, 54), (141075, 0), (141209.999, 54), (141210, 0), (141344.999, 54), (141345, 0), (141479.999, 54), (141480, 0), (141614.999, 54), (141615, 0), (141749.999, 54), (141750, 0), (141884.999, 54), (141885, 0), (142019.999, 54), (142020, 0), (142154.999, 54), (142155, 0), (142289.999, 54), (142290, 0), (142424.999, 54), (142425, 0), (142559.999, 54), (142560, 0), (142694.999, 54), (142695, 0), (142829.999, 54), (142830, 0), (142964.999, 54), (142965, 0), (143099.999, 54), (143100, 0), (143234.999, 54), (143235, 0), (143369.999, 54), (143370, 0), (143504.999, 54), (143505, 0), (143639.999, 54), (143640, 0), (143774.999, 54), (143775, 0), (143909.999, 54), (143910, 0), (144044.999, 54), (144045, 0), (144179.999, 54), (144180, 0), (144314.999, 54), (144315, 0), (144449.999, 54), (144450, 0), (144584.999, 54), (144585, 0), (144719.999, 54), (144720, 0), (144854.999, 54), (144855, 0), (144989.999, 54), (144990, 0), (145124.999, 54), (145125, 0), (145259.999, 54), (145260, 0), (145394.999, 54), (145395, 0), (145529.999, 54), (145530, 0), (145664.999, 54), (145665, 0), (145799.999, 54), (145800, 0), (145934.999, 54), (145935, 0), (146069.999, 54), (146070, 0), (146204.999, 54), (146205, 0), (146339.999, 54), (146340, 0), (146474.999, 54), (146475, 0), (146609.999, 54), (146610, 0), (146744.999, 54), (146745, 0), (146879.999, 54), (146880, 0), (147014.999, 54), (147015, 0), (147149.999, 54), (147150, 0), (147284.999, 54), (147285, 0), (147419.999, 54), (147420, 0), (147554.999, 54), (147555, 0), (147689.999, 54), (147690, 0), (147824.999, 54), (147825, 0), (147959.999, 54), (147960, 0), (148094.999, 54), (148095, 0), (148229.999, 54), (148230, 0), (148364.999, 54), (148365, 0), (148499.999, 54), (148500, 0), (148634.999, 54), (148635, 0), (148769.999, 54), (148770, 0), (148904.999, 54), (148905, 0), (149039.999, 54), (149040, 0), (149174.999, 54), (149175, 0), (149309.999, 54), (149310, 0), (149444.999, 54), (149445, 0), (149579.999, 54), (149580, 0), (149714.999, 54), (149715, 0), (149849.999, 54), (149850, 0), (149984.999, 54), (149985, 0), (150119.999, 54), (150120, 0), (150254.999, 54), (150255, 0), (150389.999, 54), (150390, 0), (150524.999, 54), (150525, 0), (150659.999, 54), (150660, 0), (150794.999, 54), (150795, 0), (150929.999, 54), (150930, 0), (151064.999, 54), (151065, 0), (151199.999, 54), (151200, 0), (151334.999, 54), (151335, 0), (151469.999, 54), (151470, 0), (151604.999, 54), (151605, 0), (151739.999, 54), (151740, 0), (151874.999, 54), (151875, 0), (152009.999, 54), (152010, 0), (152144.999, 54), (152145, 0), (152279.999, 54), (152280, 0), (152414.999, 54), (152415, 0), (152549.999, 54), (152550, 0), (152684.999, 54), (152685, 0), (152819.999, 54), (152820, 0), (152954.999, 54), (152955, 0), (153089.999, 54), (153090, 0), (153224.999, 54), (153225, 0), (153359.999, 54), (153360, 0), (153494.999, 54), (153495, 0), (153629.999, 54), (153630, 0), (153764.999, 54), (153765, 0), (153899.999, 54), (153900, 0), (154034.999, 54), (154035, 0), (154169.999, 54), (154170, 0), (154304.999, 54), (154305, 0), (154439.999, 54), (154440, 0), (154574.999, 54), (154575, 0), (154709.999, 54), (154710, 0), (154844.999, 54), (154845, 0), (154979.999, 54), (154980, 0), (155114.999, 54), (155115, 0), (155249.999, 54), (155250, 0), (155384.999, 54), (155385, 0), (155519.999, 54), (155520, 0), (155654.999, 54), (155655, 0), (155789.999, 54), (155790, 0), (155924.999, 54), (155925, 0), (156059.999, 54), (156060, 0), (156194.999, 54), (156195, 0), (156329.999, 54), (156330, 0), (156464.999, 54), (156465, 0), (156599.999, 54), (156600, 0), (156734.999, 54), (156735, 0), (156869.999, 54), (156870, 0), (157004.999, 54), (157005, 0), (157139.999, 54), (157140, 0), (157274.999, 54), (157275, 0), (157409.999, 54), (157410, 0), (157544.999, 54), (157545, 0), (157679.999, 54), (157680, 0), (157814.999, 54), (157815, 0), (157949.999, 54), (157950, 0), (158084.999, 54), (158085, 0), (158219.999, 54), (158220, 0), (158354.999, 54), (158355, 0), (158489.999, 54), (158490, 0), (158624.999, 54), (158625, 0), (158759.999, 54), (158760, 0), (158894.999, 54), (158895, 0), (159029.999, 54), (159030, 0), (159164.999, 54), (159165, 0), (159299.999, 54), (159300, 0), (159434.999, 54), (159435, 0), (159569.999, 54), (159570, 0), (159704.999, 54), (159705, 0), (159839.999, 54), (159840, 0), (159974.999, 54), (159975, 0), (160109.999, 54), (160110, 0), (160244.999, 54), (160245, 0), (160379.999, 54), (160380, 0), (160514.999, 54), (160515, 0), (160649.999, 54), (160650, 0), (160784.999, 54), (160785, 0), (160919.999, 54), (160920, 0), (161054.999, 54), (161055, 0), (161189.999, 54), (161190, 0), (161324.999, 54), (161325, 0), (161459.999, 54), (161460, 0), (161594.999, 54), (161595, 0), (161729.999, 54), (161730, 0), (161864.999, 54), (161865, 0), (161999.999, 54), (162000, 0), (162134.999, 54), (162135, 0), (162269.999, 54), (162270, 0), (162404.999, 54), (162405, 0), (162539.999, 54), (162540, 0), (162674.999, 54), (162675, 0), (162809.999, 54), (162810, 0), (162944.999, 54), (162945, 0), (163079.999, 54), (163080, 0), (163214.999, 54), (163215, 0), (163349.999, 54), (163350, 0), (163484.999, 54), (163485, 0), (163619.999, 54), (163620, 0), (163754.999, 54), (163755, 0), (163889.999, 54), (163890, 0), (164024.999, 54), (164025, 0), (164159.999, 54), (164160, 0), (164294.999, 54), (164295, 0), (164429.999, 54), (164430, 0), (164564.999, 54), (164565, 0), (164699.999, 54), (164700, 0), (164834.999, 54), (164835, 0), (164969.999, 54), (164970, 0), (165104.999, 54), (165105, 0), (165239.999, 54), (165240, 0), (165374.999, 54), (165375, 0), (165509.999, 54), (165510, 0), (165644.999, 54), (165645, 0), (165779.999, 54), (165780, 0), (165914.999, 54), (165915, 0), (166049.999, 54), (166050, 0), (166184.999, 54), (166185, 0), (166319.999, 54), (166320, 0), (166454.999, 54), (166455, 0), (166589.999, 54), (166590, 0), (166724.999, 54), (166725, 0), (166859.999, 54), (166860, 0), (166994.999, 54), (166995, 0), (167129.999, 54), (167130, 0), (167264.999, 54), (167265, 0), (167399.999, 54), (167400, 0), (167534.999, 54), (167535, 0), (167669.999, 54), (167670, 0), (167804.999, 54), (167805, 0), (167939.999, 54), (167940, 0), (168074.999, 54), (168075, 0), (168209.999, 54), (168210, 0), (168344.999, 54), (168345, 0), (168479.999, 54), (168480, 0), (168614.999, 54), (168615, 0), (168749.999, 54), (168750, 0), (168884.999, 54), (168885, 0), (169019.999, 54), (169020, 0), (169154.999, 54), (169155, 0), (169289.999, 54), (169290, 0), (169424.999, 54), (169425, 0), (169559.999, 54), (169560, 0), (169694.999, 54), (169695, 0), (169829.999, 54), (169830, 0), (169964.999, 54), (169965, 0), (170099.999, 54), (170100, 0), (170234.999, 54), (170235, 0), (170369.999, 54), (170370, 0), (170504.999, 54), (170505, 0), (170639.999, 54), (170640, 0), (170774.999, 54), (170775, 0), (170909.999, 54), (170910, 0), (171044.999, 54), (171045, 0), (171179.999, 54), (171180, 0), (171314.999, 54), (171315, 0), (171449.999, 54), (171450, 0), (171584.999, 54), (171585, 0), (171719.999, 54), (171720, 0), (171854.999, 54), (171855, 0), (171989.999, 54), (171990, 0), (172124.999, 54), (172125, 0), (172259.999, 54), (172260, 0), (172394.999, 54), (172395, 0), (172529.999, 54), (172530, 0), (172664.999, 54), (172665, 0), (172799.999, 54), (172800, 0), (172934.999, 54), (172935, 0), (173069.999, 54), (173070, 0), (173204.999, 54), (173205, 0), (173339.999, 54), (173340, 0), (173474.999, 54), (173475, 0), (173609.999, 54), (173610, 0), (173744.999, 54), (173745, 0), (173879.999, 54), (173880, 0), (174014.999, 54), (174015, 0), (174149.999, 54), (174150, 0), (174284.999, 54), (174285, 0), (174419.999, 54), (174420, 0), (174554.999, 54), (174555, 0), (174689.999, 54), (174690, 0), (174824.999, 54), (174825, 0), (174959.999, 54), (174960, 0), (175094.999, 54), (175095, 0), (175229.999, 54), (175230, 0), (175364.999, 54), (175365, 0), (175499.999, 54), (175500, 0), (175634.999, 54), (175635, 0), (175769.999, 54), (175770, 0), (175904.999, 54), (175905, 0), (176039.999, 54), (176040, 0), (176174.999, 54), (176175, 0), (176309.999, 54), (176310, 0), (176444.999, 54), (176445, 0), (176579.999, 54), (176580, 0), (176714.999, 54), (176715, 0), (176849.999, 54), (176850, 0), (176984.999, 54), (176985, 0), (177119.999, 54), (177120, 0), (177254.999, 54), (177255, 0), (177389.999, 54), (177390, 0), (177524.999, 54), (177525, 0), (177659.999, 54), (177660, 0), (177794.999, 54), (177795, 0), (177929.999, 54), (177930, 0), (178064.999, 54), (178065, 0), (178199.999, 54), (178200, 0), (178334.999, 54), (178335, 0), (178469.999, 54), (178470, 0), (178604.999, 54), (178605, 0), (178739.999, 54), (178740, 0), (178874.999, 54), (178875, 0), (179009.999, 54), (179010, 0), (179144.999, 54), (179145, 0), (179279.999, 54), (179280, 0), (179414.999, 54), (179415, 0), (179549.999, 54), (179550, 0), (179684.999, 54), (179685, 0), (179819.999, 54), (179820, 0), (179954.999, 54), (179955, 0), (180089.999, 54), (180090, 0), (180224.999, 54), (180225, 0), (180359.999, 54), (180360, 0), (180494.999, 54), (180495, 0), (180629.999, 54), (180630, 0), (180764.999, 54), (180765, 0), (180899.999, 54), (180900, 0), (181034.999, 54), (181035, 0), (181169.999, 54), (181170, 0), (181304.999, 54), (181305, 0), (181439.999, 54), (181440, 0), (181574.999, 54), (181575, 0), (181709.999, 54), (181710, 0), (181844.999, 54), (181845, 0), (181979.999, 54), (181980, 0), (182114.999, 54), (182115, 0), (182249.999, 54), (182250, 0), (182384.999, 54), (182385, 0), (182519.999, 54), (182520, 0), (182654.999, 54), (182655, 0), (182789.999, 54), (182790, 0), (182924.999, 54), (182925, 0), (183059.999, 54), (183060, 0), (183194.999, 54), (183195, 0), (183329.999, 54), (183330, 0), (183464.999, 54), (183465, 0), (183599.999, 54), (183600, 0), (183734.999, 54), (183735, 0), (183869.999, 54), (183870, 0), (184004.999, 54), (184005, 0), (184139.999, 54), (184140, 0), (184274.999, 54), (184275, 0), (184409.999, 54), (184410, 0), (184544.999, 54), (184545, 0), (184679.999, 54), (184680, 0), (184814.999, 54), (184815, 0), (184949.999, 54), (184950, 0), (185084.999, 54), (185085, 0), (185219.999, 54), (185220, 0), (185354.999, 54), (185355, 0), (185489.999, 54), (185490, 0), (185624.999, 54), (185625, 0), (185759.999, 54), (185760, 0), (185894.999, 54), (185895, 0), (186029.999, 54), (186030, 0), (186164.999, 54), (186165, 0), (186299.999, 54), (186300, 0), (186434.999, 54), (186435, 0), (186569.999, 54), (186570, 0), (186704.999, 54), (186705, 0), (186839.999, 54), (186840, 0), (186974.999, 54), (186975, 0), (187109.999, 54), (187110, 0), (187244.999, 54), (187245, 0), (187379.999, 54), (187380, 0), (187514.999, 54), (187515, 0), (187649.999, 54), (187650, 0), (187784.999, 54), (187785, 0), (187919.999, 54), (187920, 0), (188054.999, 54), (188055, 0), (188189.999, 54), (188190, 0), (188324.999, 54), (188325, 0), (188459.999, 54), (188460, 0), (188594.999, 54), (188595, 0), (188729.999, 54), (188730, 0), (188864.999, 54), (188865, 0), (188999.999, 54), (189000, 0), (189134.999, 54), (189135, 0), (189269.999, 54), (189270, 0), (189404.999, 54), (189405, 0), (189539.999, 54), (189540, 0), (189674.999, 54), (189675, 0), (189809.999, 54), (189810, 0), (189944.999, 54), (189945, 0), (190079.999, 54), (190080, 0), (190214.999, 54), (190215, 0), (190349.999, 54), (190350, 0), (190484.999, 54), (190485, 0), (190619.999, 54), (190620, 0), (190754.999, 54), (190755, 0), (190889.999, 54), (190890, 0), (191024.999, 54), (191025, 0), (191159.999, 54), (191160, 0), (191294.999, 54), (191295, 0), (191429.999, 54), (191430, 0), (191564.999, 54), (191565, 0), (191699.999, 54), (191700, 0), (191834.999, 54), (191835, 0), (191969.999, 54), (191970, 0), (192104.999, 54), (192105, 0), (192239.999, 54), (192240, 0), (192374.999, 54), (192375, 0), (192509.999, 54), (192510, 0), (192644.999, 54), (192645, 0), (192779.999, 54), (192780, 0), (192914.999, 54), (192915, 0), (193049.999, 54), (193050, 0), (193184.999, 54), (193185, 0), (193319.999, 54), (193320, 0), (193454.999, 54), (193455, 0), (193589.999, 54), (193590, 0), (193724.999, 54), (193725, 0), (193859.999, 54), (193860, 0), (193994.999, 54), (193995, 0), (194129.999, 54), (194130, 0), (194264.999, 54), (194265, 0), (194399.999, 54), (194400, 0), (194534.999, 54), (194535, 0), (194669.999, 54), (194670, 0), (194804.999, 54), (194805, 0), (194939.999, 54), (194940, 0), (195074.999, 54), (195075, 0), (195209.999, 54), (195210, 0), (195344.999, 54), (195345, 0), (195479.999, 54), (195480, 0), (195614.999, 54), (195615, 0), (195749.999, 54), (195750, 0), (195884.999, 54), (195885, 0), (196019.999, 54), (196020, 0), (196154.999, 54), (196155, 0), (196289.999, 54), (196290, 0), (196424.999, 54), (196425, 0), (196559.999, 54), (196560, 0), (196694.999, 54), (196695, 0), (196829.999, 54), (196830, 0), (196964.999, 54), (196965, 0), (197099.999, 54), (197100, 0), (197234.999, 54), (197235, 0), (197369.999, 54), (197370, 0), (197504.999, 54), (197505, 0), (197639.999, 54), (197640, 0), (197774.999, 54), (197775, 0), (197909.999, 54), (197910, 0), (198044.999, 54), (198045, 0), (198179.999, 54), (198180, 0), (198314.999, 54), (198315, 0), (198449.999, 54), (198450, 0), (198584.999, 54), (198585, 0), (198719.999, 54), (198720, 0), (198854.999, 54), (198855, 0), (198989.999, 54), (198990, 0), (199124.999, 54), (199125, 0), (199259.999, 54), (199260, 0), (199394.999, 54), (199395, 0), (199529.999, 54), (199530, 0), (199664.999, 54), (199665, 0), (199799.999, 54), (199800, 0), (199934.999, 54), (199935, 0), (200069.999, 54), (200070, 0), (200204.999, 54), (200205, 0), (200339.999, 54), (200340, 0), (200474.999, 54), (200475, 0), (200609.999, 54), (200610, 0), (200744.999, 54), (200745, 0), (200879.999, 54), (200880, 0), (201014.999, 54), (201015, 0), (201149.999, 54), (201150, 0), (201284.999, 54), (201285, 0), (201419.999, 54), (201420, 0), (201554.999, 54), (201555, 0), (201689.999, 54), (201690, 0), (201824.999, 54), (201825, 0), (201959.999, 54), (201960, 0), (202094.999, 54), (202095, 0), (202229.999, 54), (202230, 0), (202364.999, 54), (202365, 0), (202499.999, 54), (202500, 0), (202634.999, 54), (202635, 0), (202769.999, 54), (202770, 0), (202904.999, 54), (202905, 0), (203039.999, 54), (203040, 0), (203174.999, 54), (203175, 0), (203309.999, 54), (203310, 0), (203444.999, 54), (203445, 0), (203579.999, 54), (203580, 0), (203714.999, 54), (203715, 0), (203849.999, 54), (203850, 0), (203984.999, 54), (203985, 0), (204119.999, 54), (204120, 0), (204254.999, 54), (204255, 0), (204389.999, 54), (204390, 0), (204524.999, 54), (204525, 0), (204659.999, 54), (204660, 0), (204794.999, 54), (204795, 0), (204929.999, 54), (204930, 0), (205064.999, 54), (205065, 0), (205199.999, 54), (205200, 0), (205334.999, 54), (205335, 0), (205469.999, 54), (205470, 0), (205604.999, 54), (205605, 0), (205739.999, 54), (205740, 0), (205874.999, 54), (205875, 0), (206009.999, 54), (206010, 0), (206144.999, 54), (206145, 0), (206279.999, 54), (206280, 0), (206414.999, 54), (206415, 0), (206549.999, 54), (206550, 0), (206684.999, 54), (206685, 0), (206819.999, 54), (206820, 0), (206954.999, 54), (206955, 0), (207089.999, 54), (207090, 0), (207224.999, 54), (207225, 0), (207359.999, 54), (207360, 0), (207494.999, 54), (207495, 0), (207629.999, 54), (207630, 0), (207764.999, 54), (207765, 0), (207899.999, 54), (207900, 0), (208034.999, 54), (208035, 0), (208169.999, 54), (208170, 0), (208304.999, 54), (208305, 0), (208439.999, 54), (208440, 0), (208574.999, 54), (208575, 0), (208709.999, 54), (208710, 0), (208844.999, 54), (208845, 0), (208979.999, 54), (208980, 0), (209114.999, 54), (209115, 0), (209249.999, 54), (209250, 0), (209384.999, 54), (209385, 0), (209519.999, 54), (209520, 0), (209654.999, 54), (209655, 0), (209789.999, 54), (209790, 0), (209924.999, 54), (209925, 0), (210059.999, 54), (210060, 0), (210194.999, 54), (210195, 0), (210329.999, 54), (210330, 0), (210464.999, 54), (210465, 0), (210599.999, 54), (210600, 0), (210734.999, 54), (210735, 0), (210869.999, 54), (210870, 0), (211004.999, 54), (211005, 0), (211139.999, 54), (211140, 0), (211274.999, 54), (211275, 0), (211409.999, 54), (211410, 0), (211544.999, 54), (211545, 0), (211679.999, 54), (211680, 0), (211814.999, 54), (211815, 0), (211949.999, 54), (211950, 0), (212084.999, 54), (212085, 0), (212219.999, 54), (212220, 0), (212354.999, 54), (212355, 0), (212489.999, 54), (212490, 0), (212624.999, 54), (212625, 0), (212759.999, 54), (212760, 0), (212894.999, 54), (212895, 0), (213029.999, 54), (213030, 0), (213164.999, 54), (213165, 0), (213299.999, 54), (213300, 0), (213434.999, 54), (213435, 0), (213569.999, 54), (213570, 0), (213704.999, 54), (213705, 0), (213839.999, 54), (213840, 0), (213974.999, 54), (213975, 0), (214109.999, 54), (214110, 0), (214244.999, 54), (214245, 0), (214379.999, 54), (214380, 0), (214514.999, 54), (214515, 0), (214649.999, 54), (214650, 0), (214784.999, 54), (214785, 0), (214919.999, 54), (214920, 0), (215054.999, 54), (215055, 0), (215189.999, 54), (215190, 0), (215324.999, 54), (215325, 0), (215459.999, 54), (215460, 0), (215594.999, 54), (215595, 0), (215729.999, 54), (215730, 0), (215864.999, 54), (215865, 0), (215999.999, 54), (216000, 0), (216134.999, 54), (216135, 0), (216269.999, 54), (216270, 0), (216404.999, 54), (216405, 0), (216539.999, 54), (216540, 0), (216674.999, 54), (216675, 0), (216809.999, 54), (216810, 0), (216944.999, 54), (216945, 0), (217079.999, 54), (217080, 0), (217214.999, 54), (217215, 0), (217349.999, 54), (217350, 0), (217484.999, 54), (217485, 0), (217619.999, 54), (217620, 0), (217754.999, 54), (217755, 0), (217889.999, 54), (217890, 0), (218024.999, 54), (218025, 0), (218159.999, 54), (218160, 0), (218294.999, 54), (218295, 0), (218429.999, 54), (218430, 0), (218564.999, 54), (218565, 0), (218699.999, 54), (218700, 0), (218834.999, 54), (218835, 0), (218969.999, 54), (218970, 0), (219104.999, 54), (219105, 0), (219239.999, 54), (219240, 0), (219374.999, 54), (219375, 0), (219509.999, 54), (219510, 0), (219644.999, 54), (219645, 0), (219779.999, 54), (219780, 0), (219914.999, 54), (219915, 0), (220049.999, 54), (220050, 0), (220184.999, 54), (220185, 0), (220319.999, 54), (220320, 0), (220454.999, 54), (220455, 0), (220589.999, 54), (220590, 0), (220724.999, 54), (220725, 0), (220859.999, 54), (220860, 0), (220994.999, 54), (220995, 0), (221129.999, 54), (221130, 0), (221264.999, 54), (221265, 0), (221399.999, 54), (221400, 0), (221534.999, 54), (221535, 0), (221669.999, 54), (221670, 0), (221804.999, 54), (221805, 0), (221939.999, 54), (221940, 0), (222074.999, 54), (222075, 0), (222209.999, 54), (222210, 0), (222344.999, 54), (222345, 0), (222479.999, 54), (222480, 0), (222614.999, 54), (222615, 0), (222749.999, 54), (222750, 0), (222884.999, 54), (222885, 0), (223019.999, 54), (223020, 0), (223154.999, 54), (223155, 0), (223289.999, 54), (223290, 0), (223424.999, 54), (223425, 0), (223559.999, 54), (223560, 0), (223694.999, 54), (223695, 0), (223829.999, 54), (223830, 0), (223964.999, 54), (223965, 0), (224099.999, 54), (224100, 0), (224234.999, 54), (224235, 0), (224369.999, 54), (224370, 0), (224504.999, 54), (224505, 0), (224639.999, 54), (224640, 0), (224774.999, 54), (224775, 0), (224909.999, 54), (224910, 0), (225044.999, 54), (225045, 0), (225179.999, 54), (225180, 0), (225314.999, 54), (225315, 0), (225449.999, 54), (225450, 0), (225584.999, 54), (225585, 0), (225719.999, 54), (225720, 0), (225854.999, 54), (225855, 0), (225989.999, 54), (225990, 0), (226124.999, 54), (226125, 0), (226259.999, 54), (226260, 0), (226394.999, 54), (226395, 0), (226529.999, 54), (226530, 0), (226664.999, 54), (226665, 0), (226799.999, 54), (226800, 0), (226934.999, 54), (226935, 0), (227069.999, 54), (227070, 0), (227204.999, 54), (227205, 0), (227339.999, 54), (227340, 0), (227474.999, 54), (227475, 0), (227609.999, 54), (227610, 0), (227744.999, 54), (227745, 0), (227879.999, 54), (227880, 0), (228014.999, 54), (228015, 0), (228149.999, 54), (228150, 0), (228284.999, 54), (228285, 0), (228419.999, 54), (228420, 0), (228554.999, 54), (228555, 0), (228689.999, 54), (228690, 0), (228824.999, 54), (228825, 0), (228959.999, 54), (228960, 0), (229094.999, 54), (229095, 0), (229229.999, 54), (229230, 0), (229364.999, 54), (229365, 0), (229499.999, 54), (229500, 0), (229634.999, 54), (229635, 0), (229769.999, 54), (229770, 0), (229904.999, 54), (229905, 0), (230039.999, 54), (230040, 0), (230174.999, 54), (230175, 0), (230309.999, 54), (230310, 0), (230444.999, 54), (230445, 0), (230579.999, 54), (230580, 0), (230714.999, 54), (230715, 0), (230849.999, 54), (230850, 0), (230984.999, 54), (230985, 0), (231119.999, 54), (231120, 0), (231254.999, 54), (231255, 0), (231389.999, 54), (231390, 0), (231524.999, 54), (231525, 0), (231659.999, 54), (231660, 0), (231794.999, 54), (231795, 0), (231929.999, 54), (231930, 0), (232064.999, 54), (232065, 0), (232199.999, 54), (232200, 0), (232334.999, 54), (232335, 0), (232469.999, 54), (232470, 0), (232604.999, 54), (232605, 0), (232739.999, 54), (232740, 0), (232874.999, 54), (232875, 0), (233009.999, 54), (233010, 0), (233144.999, 54), (233145, 0), (233279.999, 54), (233280, 0), (233414.999, 54), (233415, 0), (233549.999, 54), (233550, 0), (233684.999, 54), (233685, 0), (233819.999, 54), (233820, 0), (233954.999, 54), (233955, 0), (234089.999, 54), (234090, 0), (234224.999, 54), (234225, 0), (234359.999, 54), (234360, 0), (234494.999, 54), (234495, 0), (234629.999, 54), (234630, 0), (234764.999, 54), (234765, 0), (234899.999, 54), (234900, 0), (235034.999, 54), (235035, 0), (235169.999, 54), (235170, 0), (235304.999, 54), (235305, 0), (235439.999, 54), (235440, 0), (235574.999, 54), (235575, 0), (235709.999, 54), (235710, 0), (235844.999, 54), (235845, 0), (235979.999, 54), (235980, 0), (236114.999, 54), (236115, 0), (236249.999, 54), (236250, 0), (236384.999, 54), (236385, 0), (236519.999, 54), (236520, 0), (236654.999, 54), (236655, 0), (236789.999, 54), (236790, 0), (236924.999, 54), (236925, 0), (237059.999, 54), (237060, 0), (237194.999, 54), (237195, 0), (237329.999, 54), (237330, 0), (237464.999, 54), (237465, 0), (237599.999, 54), (237600, 0), (237734.999, 54), (237735, 0), (237869.999, 54), (237870, 0), (238004.999, 54), (238005, 0), (238139.999, 54), (238140, 0), (238274.999, 54), (238275, 0), (238409.999, 54), (238410, 0), (238544.999, 54), (238545, 0), (238679.999, 54), (238680, 0), (238814.999, 54), (238815, 0), (238949.999, 54), (238950, 0), (239084.999, 54), (239085, 0), (239219.999, 54), (239220, 0), (239354.999, 54), (239355, 0), (239489.999, 54), (239490, 0), (239624.999, 54), (239625, 0), (239759.999, 54), (239760, 0), (239894.999, 54), (239895, 0), (240029.999, 54), (240030, 0), (240164.999, 54), (240165, 0), (240299.999, 54), (240300, 0), (240434.999, 54), (240435, 0), (240569.999, 54), (240570, 0), (240704.999, 54), (240705, 0), (240839.999, 54), (240840, 0), (240974.999, 54), (240975, 0), (241109.999, 54), (241110, 0), (241244.999, 54), (241245, 0), (241379.999, 54), (241380, 0), (241514.999, 54), (241515, 0), (241649.999, 54), (241650, 0), (241784.999, 54), (241785, 0), (241919.999, 54), (241920, 0), (242054.999, 54), (242055, 0), (242189.999, 54), (242190, 0), (242324.999, 54), (242325, 0), (242459.999, 54), (242460, 0), (242594.999, 54), (242595, 0), (242729.999, 54), (242730, 0), (242864.999, 54), (242865, 0), (242999.999, 54), (243000, 0), (243134.999, 54), (243135, 0), (243269.999, 54), (243270, 0), (243404.999, 54), (243405, 0), (243539.999, 54), (243540, 0), (243674.999, 54), (243675, 0), (243809.999, 54), (243810, 0), (243944.999, 54), (243945, 0), (244079.999, 54), (244080, 0), (244214.999, 54), (244215, 0), (244349.999, 54), (244350, 0), (244484.999, 54), (244485, 0), (244619.999, 54), (244620, 0), (244754.999, 54), (244755, 0), (244889.999, 54), (244890, 0), (245024.999, 54), (245025, 0), (245159.999, 54), (245160, 0), (245294.999, 54), (245295, 0), (245429.999, 54), (245430, 0), (245564.999, 54), (245565, 0), (245699.999, 54), (245700, 0), (245834.999, 54), (245835, 0), (245969.999, 54), (245970, 0), (246104.999, 54), (246105, 0), (246239.999, 54), (246240, 0), (246374.999, 54), (246375, 0), (246509.999, 54), (246510, 0), (246644.999, 54), (246645, 0), (246779.999, 54), (246780, 0), (246914.999, 54), (246915, 0), (247049.999, 54), (247050, 0), (247184.999, 54), (247185, 0), (247319.999, 54), (247320, 0), (247454.999, 54), (247455, 0), (247589.999, 54), (247590, 0), (247724.999, 54), (247725, 0), (247859.999, 54), (247860, 0), (247994.999, 54), (247995, 0), (248129.999, 54), (248130, 0), (248264.999, 54), (248265, 0), (248399.999, 54), (248400, 0), (248534.999, 54), (248535, 0), (248669.999, 54), (248670, 0), (248804.999, 54), (248805, 0), (248939.999, 54), (248940, 0), (249074.999, 54), (249075, 0), (249209.999, 54), (249210, 0), (249344.999, 54), (249345, 0), (249479.999, 54), (249480, 0), (249614.999, 54), (249615, 0), (249749.999, 54), (249750, 0), (249884.999, 54), (249885, 0), (250019.999, 54), (250020, 0), (250154.999, 54), (250155, 0), (250289.999, 54), (250290, 0), (250424.999, 54), (250425, 0), (250559.999, 54), (250560, 0), (250694.999, 54), (250695, 0), (250829.999, 54), (250830, 0), (250964.999, 54), (250965, 0), (251099.999, 54), (251100, 0), (251234.999, 54), (251235, 0), (251369.999, 54), (251370, 0), (251504.999, 54), (251505, 0), (251639.999, 54), (251640, 0), (251774.999, 54), (251775, 0), (251909.999, 54), (251910, 0), (252044.999, 54), (252045, 0), (252179.999, 54), (252180, 0), (252314.999, 54), (252315, 0), (252449.999, 54), (252450, 0), (252584.999, 54), (252585, 0), (252719.999, 54), (252720, 0), (252854.999, 54), (252855, 0), (252989.999, 54), (252990, 0), (253124.999, 54), (253125, 0), (253259.999, 54), (253260, 0), (253394.999, 54), (253395, 0), (253529.999, 54), (253530, 0), (253664.999, 54), (253665, 0), (253799.999, 54), (253800, 0), (253934.999, 54), (253935, 0), (254069.999, 54), (254070, 0), (254204.999, 54), (254205, 0), (254339.999, 54), (254340, 0), (254474.999, 54), (254475, 0), (254609.999, 54), (254610, 0), (254744.999, 54), (254745, 0), (254879.999, 54), (254880, 0), (255014.999, 54), (255015, 0), (255149.999, 54), (255150, 0), (255284.999, 54), (255285, 0), (255419.999, 54), (255420, 0), (255554.999, 54), (255555, 0), (255689.999, 54), (255690, 0), (255824.999, 54), (255825, 0), (255959.999, 54), (255960, 0), (256094.999, 54), (256095, 0), (256229.999, 54), (256230, 0), (256364.999, 54), (256365, 0), (256499.999, 54), (256500, 0), (256634.999, 54), (256635, 0), (256769.999, 54), (256770, 0), (256904.999, 54), (256905, 0), (257039.999, 54), (257040, 0), (257174.999, 54), (257175, 0), (257309.999, 54), (257310, 0), (257444.999, 54), (257445, 0), (257579.999, 54), (257580, 0), (257714.999, 54), (257715, 0), (257849.999, 54), (257850, 0), (257984.999, 54), (257985, 0), (258119.999, 54), (258120, 0), (258254.999, 54), (258255, 0), (258389.999, 54), (258390, 0), (258524.999, 54), (258525, 0), (258659.999, 54), (258660, 0), (258794.999, 54), (258795, 0), (258929.999, 54), (258930, 0), (259064.999, 54), (259065, 0), (259199.999, 54), (259200, 0), (259334.999, 54), (259335, 0), (259469.999, 54), (259470, 0), (259604.999, 54), (259605, 0), (259739.999, 54), (259740, 0), (259874.999, 54), (259875, 0), (260009.999, 54), (260010, 0), (260144.999, 54), (260145, 0), (260279.999, 54), (260280, 0), (260414.999, 54), (260415, 0), (260549.999, 54), (260550, 0), (260684.999, 54), (260685, 0), (260819.999, 54), (260820, 0), (260954.999, 54), (260955, 0), (261089.999, 54), (261090, 0), (261224.999, 54), (261225, 0), (261359.999, 54), (261360, 0), (261494.999, 54), (261495, 0), (261629.999, 54), (261630, 0), (261764.999, 54), (261765, 0), (261899.999, 54), (261900, 0), (262034.999, 54), (262035, 0), (262169.999, 54), (262170, 0), (262304.999, 54), (262305, 0), (262439.999, 54), (262440, 0), (262574.999, 54), (262575, 0), (262709.999, 54), (262710, 0), (262844.999, 54), (262845, 0), (262979.999, 54), (262980, 0), (263114.999, 54), (263115, 0), (263249.999, 54), (263250, 0), (263384.999, 54), (263385, 0), (263519.999, 54), (263520, 0), (263654.999, 54), (263655, 0), (263789.999, 54), (263790, 0), (263924.999, 54), (263925, 0), (264059.999, 54), (264060, 0), (264194.999, 54), (264195, 0), (264329.999, 54), (264330, 0), (264464.999, 54), (264465, 0), (264599.999, 54), (264600, 0), (264734.999, 54), (264735, 0), (264869.999, 54), (264870, 0), (265004.999, 54), (265005, 0), (265139.999, 54), (265140, 0), (265274.999, 54), (265275, 0), (265409.999, 54), (265410, 0), (265544.999, 54), (265545, 0), (265679.999, 54), (265680, 0), (265814.999, 54), (265815, 0), (265949.999, 54), (265950, 0), (266084.999, 54), (266085, 0), (266219.999, 54), (266220, 0), (266354.999, 54), (266355, 0), (266489.999, 54), (266490, 0), (266624.999, 54), (266625, 0), (266759.999, 54), (266760, 0), (266894.999, 54), (266895, 0), (267029.999, 54), (267030, 0), (267164.999, 54), (267165, 0), (267299.999, 54), (267300, 0), (267434.999, 54), (267435, 0), (267569.999, 54), (267570, 0), (267704.999, 54), (267705, 0), (267839.999, 54), (267840, 0), (267974.999, 54), (267975, 0), (268109.999, 54), (268110, 0), (268244.999, 54), (268245, 0), (268379.999, 54), (268380, 0), (268514.999, 54), (268515, 0), (268649.999, 54), (268650, 0), (268784.999, 54), (268785, 0), (268919.999, 54), (268920, 0), (269054.999, 54), (269055, 0), (269189.999, 54), (269190, 0), (269324.999, 54), (269325, 0), (269459.999, 54), (269460, 0), (269594.999, 54), (269595, 0), (269729.999, 54), (269730, 0), (269864.999, 54), (269865, 0), (269999.999, 54), (270000, 0), (270134.999, 54), (270135, 0), (270269.999, 54), (270270, 0), (270404.999, 54), (270405, 0), (270539.999, 54), (270540, 0), (270674.999, 54), (270675, 0), (270809.999, 54), (270810, 0), (270944.999, 54), (270945, 0), (271079.999, 54), (271080, 0), (271214.999, 54), (271215, 0), (271349.999, 54), (271350, 0), (271484.999, 54), (271485, 0), (271619.999, 54), (271620, 0), (271754.999, 54), (271755, 0), (271889.999, 54), (271890, 0), (272024.999, 54), (272025, 0), (272159.999, 54), (272160, 0), (272294.999, 54), (272295, 0), (272429.999, 54), (272430, 0), (272564.999, 54), (272565, 0), (272699.999, 54), (272700, 0), (272834.999, 54), (272835, 0), (272969.999, 54), (272970, 0), (273104.999, 54), (273105, 0), (273239.999, 54), (273240, 0), (273374.999, 54), (273375, 0), (273509.999, 54), (273510, 0), (273644.999, 54), (273645, 0), (273779.999, 54), (273780, 0), (273914.999, 54), (273915, 0), (274049.999, 54), (274050, 0), (274184.999, 54), (274185, 0), (274319.999, 54), (274320, 0), (274454.999, 54), (274455, 0), (274589.999, 54), (274590, 0), (274724.999, 54), (274725, 0), (274859.999, 54), (274860, 0), (274994.999, 54), (274995, 0), (275129.999, 54), (275130, 0), (275264.999, 54), (275265, 0), (275399.999, 54), (275400, 0), (275534.999, 54), (275535, 0), (275669.999, 54), (275670, 0), (275804.999, 54), (275805, 0), (275939.999, 54), (275940, 0), (276074.999, 54), (276075, 0), (276209.999, 54), (276210, 0), (276344.999, 54), (276345, 0), (276479.999, 54), (276480, 0), (276614.999, 54), (276615, 0), (276749.999, 54), (276750, 0), (276884.999, 54), (276885, 0), (277019.999, 54), (277020, 0), (277154.999, 54), (277155, 0), (277289.999, 54), (277290, 0), (277424.999, 54), (277425, 0), (277559.999, 54), (277560, 0), (277694.999, 54), (277695, 0), (277829.999, 54), (277830, 0), (277964.999, 54), (277965, 0), (278099.999, 54), (278100, 0), (278234.999, 54), (278235, 0), (278369.999, 54), (278370, 0), (278504.999, 54), (278505, 0), (278639.999, 54), (278640, 0), (278774.999, 54), (278775, 0), (278909.999, 54), (278910, 0), (279044.999, 54), (279045, 0), (279179.999, 54), (279180, 0), (279314.999, 54), (279315, 0), (279449.999, 54), (279450, 0), (279584.999, 54), (279585, 0), (279719.999, 54), (279720, 0), (279854.999, 54), (279855, 0), (279989.999, 54), (279990, 0), (280124.999, 54), (280125, 0), (280259.999, 54), (280260, 0), (280394.999, 54), (280395, 0), (280529.999, 54), (280530, 0), (280664.999, 54), (280665, 0), (280799.999, 54), (280800, 0), (280934.999, 54), (280935, 0), (281069.999, 54), (281070, 0), (281204.999, 54), (281205, 0), (281339.999, 54), (281340, 0), (281474.999, 54), (281475, 0), (281609.999, 54), (281610, 0), (281744.999, 54), (281745, 0), (281879.999, 54), (281880, 0), (282014.999, 54), (282015, 0), (282149.999, 54), (282150, 0), (282284.999, 54), (282285, 0), (282419.999, 54), (282420, 0), (282554.999, 54), (282555, 0), (282689.999, 54), (282690, 0), (282824.999, 54), (282825, 0), (282959.999, 54), (282960, 0), (283094.999, 54), (283095, 0), (283229.999, 54), (283230, 0), (283364.999, 54), (283365, 0), (283499.999, 54), (283500, 0), (283634.999, 54), (283635, 0), (283769.999, 54), (283770, 0), (283904.999, 54), (283905, 0), (284039.999, 54), (284040, 0), (284174.999, 54), (284175, 0), (284309.999, 54), (284310, 0), (284444.999, 54), (284445, 0), (284579.999, 54), (284580, 0), (284714.999, 54), (284715, 0), (284849.999, 54), (284850, 0), (284984.999, 54), (284985, 0), (285119.999, 54), (285120, 0), (285254.999, 54), (285255, 0), (285389.999, 54), (285390, 0), (285524.999, 54), (285525, 0), (285659.999, 54), (285660, 0), (285794.999, 54), (285795, 0), (285929.999, 54), (285930, 0), (286064.999, 54), (286065, 0), (286199.999, 54), (286200, 0), (286334.999, 54), (286335, 0), (286469.999, 54), (286470, 0), (286604.999, 54), (286605, 0), (286739.999, 54), (286740, 0), (286874.999, 54), (286875, 0), (287009.999, 54), (287010, 0), (287144.999, 54), (287145, 0), (287279.999, 54), (287280, 0), (287414.999, 54), (287415, 0), (287549.999, 54), (287550, 0), (287684.999, 54), (287685, 0), (287819.999, 54), (287820, 0), (287954.999, 54), (287955, 0), (288089.999, 54), (288090, 0), (288224.999, 54), (288225, 0), (288359.999, 54), (288360, 0), (288494.999, 54), (288495, 0), (288629.999, 54), (288630, 0), (288764.999, 54), (288765, 0), (288899.999, 54), (288900, 0), (289034.999, 54), (289035, 0), (289169.999, 54), (289170, 0), (289304.999, 54), (289305, 0), (289439.999, 54), (289440, 0), (289574.999, 54), (289575, 0), (289709.999, 54), (289710, 0), (289844.999, 54), (289845, 0), (289979.999, 54), (289980, 0), (290114.999, 54), (290115, 0), (290249.999, 54), (290250, 0), (290384.999, 54), (290385, 0), (290519.999, 54), (290520, 0), (290654.999, 54), (290655, 0), (290789.999, 54), (290790, 0), (290924.999, 54), (290925, 0), (291059.999, 54), (291060, 0), (291194.999, 54), (291195, 0), (291329.999, 54), (291330, 0), (291464.999, 54), (291465, 0), (291599.999, 54), (291600, 0), (291734.999, 54), (291735, 0), (291869.999, 54), (291870, 0), (292004.999, 54), (292005, 0), (292139.999, 54), (292140, 0), (292274.999, 54), (292275, 0), (292409.999, 54), (292410, 0), (292544.999, 54), (292545, 0), (292679.999, 54), (292680, 0), (292814.999, 54), (292815, 0), (292949.999, 54), (292950, 0), (293084.999, 54), (293085, 0), (293219.999, 54), (293220, 0), (293354.999, 54), (293355, 0), (293489.999, 54), (293490, 0), (293624.999, 54), (293625, 0), (293759.999, 54), (293760, 0), (293894.999, 54), (293895, 0), (294029.999, 54), (294030, 0), (294164.999, 54), (294165, 0), (294299.999, 54), (294300, 0), (294434.999, 54), (294435, 0), (294569.999, 54), (294570, 0), (294704.999, 54), (294705, 0), (294839.999, 54), (294840, 0), (294974.999, 54), (294975, 0), (295109.999, 54), (295110, 0), (295244.999, 54), (295245, 0), (295379.999, 54), (295380, 0), (295514.999, 54), (295515, 0), (295649.999, 54), (295650, 0), (295784.999, 54), (295785, 0), (295919.999, 54), (295920, 0), (296054.999, 54), (296055, 0), (296189.999, 54), (296190, 0), (296324.999, 54), (296325, 0), (296459.999, 54), (296460, 0), (296594.999, 54), (296595, 0), (296729.999, 54), (296730, 0), (296864.999, 54), (296865, 0), (296999.999, 54), (297000, 0), (297134.999, 54), (297135, 0), (297269.999, 54), (297270, 0), (297404.999, 54), (297405, 0), (297539.999, 54), (297540, 0), (297674.999, 54), (297675, 0), (297809.999, 54), (297810, 0), (297944.999, 54), (297945, 0), (298079.999, 54), (298080, 0), (298214.999, 54), (298215, 0), (298349.999, 54), (298350, 0), (298484.999, 54), (298485, 0), (298619.999, 54), (298620, 0), (298754.999, 54), (298755, 0), (298889.999, 54), (298890, 0), (299024.999, 54), (299025, 0), (299159.999, 54), (299160, 0), (299294.999, 54), (299295, 0), (299429.999, 54), (299430, 0), (299564.999, 54), (299565, 0), (299699.999, 54), (299700, 0), (299834.999, 54), (299835, 0), (299969.999, 54), (299970, 0), (300104.999, 54), (300105, 0), (300239.999, 54), (300240, 0), (300374.999, 54), (300375, 0), (300509.999, 54), (300510, 0), (300644.999, 54), (300645, 0), (300779.999, 54), (300780, 0), (300914.999, 54), (300915, 0), (301049.999, 54), (301050, 0), (301184.999, 54), (301185, 0), (301319.999, 54), (301320, 0), (301454.999, 54), (301455, 0), (301589.999, 54), (301590, 0), (301724.999, 54), (301725, 0), (301859.999, 54), (301860, 0), (301994.999, 54), (301995, 0), (302129.999, 54), (302130, 0), (302264.999, 54), (302265, 0), (302399.999, 54), (302400, 0), (302534.999, 54), (302535, 0), (302669.999, 54), (302670, 0), (302804.999, 54), (302805, 0), (302939.999, 54), (302940, 0), (303074.999, 54), (303075, 0), (303209.999, 54), (303210, 0), (303344.999, 54), (303345, 0), (303479.999, 54), (303480, 0), (303614.999, 54), (303615, 0), (303749.999, 54), (303750, 0), (303884.999, 54), (303885, 0), (304019.999, 54), (304020, 0), (304154.999, 54), (304155, 0), (304289.999, 54), (304290, 0), (304424.999, 54), (304425, 0), (304559.999, 54), (304560, 0), (304694.999, 54), (304695, 0), (304829.999, 54), (304830, 0), (304964.999, 54), (304965, 0), (305099.999, 54), (305100, 0), (305234.999, 54), (305235, 0), (305369.999, 54), (305370, 0), (305504.999, 54), (305505, 0), (305639.999, 54), (305640, 0), (305774.999, 54), (305775, 0), (305909.999, 54), (305910, 0), (306044.999, 54), (306045, 0), (306179.999, 54), (306180, 0), (306314.999, 54), (306315, 0), (306449.999, 54), (306450, 0), (306584.999, 54), (306585, 0), (306719.999, 54), (306720, 0), (306854.999, 54), (306855, 0), (306989.999, 54), (306990, 0), (307124.999, 54), (307125, 0), (307259.999, 54), (307260, 0), (307394.999, 54), (307395, 0), (307529.999, 54), (307530, 0), (307664.999, 54), (307665, 0), (307799.999, 54), (307800, 0), (307934.999, 54), (307935, 0), (308069.999, 54), (308070, 0), (308204.999, 54), (308205, 0), (308339.999, 54), (308340, 0), (308474.999, 54), (308475, 0), (308609.999, 54), (308610, 0), (308744.999, 54), (308745, 0), (308879.999, 54), (308880, 0), (309014.999, 54), (309015, 0), (309149.999, 54), (309150, 0), (309284.999, 54), (309285, 0), (309419.999, 54), (309420, 0), (309554.999, 54), (309555, 0), (309689.999, 54), (309690, 0), (309824.999, 54), (309825, 0), (309959.999, 54), (309960, 0), (310094.999, 54), (310095, 0), (310229.999, 54), (310230, 0), (310364.999, 54), (310365, 0), (310499.999, 54), (310500, 0), (310634.999, 54), (310635, 0), (310769.999, 54), (310770, 0), (310904.999, 54), (310905, 0), (311039.999, 54), (311040, 0), (311174.999, 54), (311175, 0), (311309.999, 54), (311310, 0), (311444.999, 54), (311445, 0), (311579.999, 54), (311580, 0), (311714.999, 54), (311715, 0), (311849.999, 54), (311850, 0), (311984.999, 54), (311985, 0), (312119.999, 54), (312120, 0), (312254.999, 54), (312255, 0), (312389.999, 54), (312390, 0), (312524.999, 54), (312525, 0), (312659.999, 54), (312660, 0), (312794.999, 54), (312795, 0), (312929.999, 54), (312930, 0), (313064.999, 54), (313065, 0), (313199.999, 54), (313200, 0), (313334.999, 54), (313335, 0), (313469.999, 54), (313470, 0), (313604.999, 54), (313605, 0), (313739.999, 54), (313740, 0), (313874.999, 54), (313875, 0), (314009.999, 54), (314010, 0), (314144.999, 54), (314145, 0), (314279.999, 54), (314280, 0), (314414.999, 54), (314415, 0), (314549.999, 54), (314550, 0), (314684.999, 54), (314685, 0), (314819.999, 54), (314820, 0), (314954.999, 54), (314955, 0), (315089.999, 54), (315090, 0), (315224.999, 54), (315225, 0), (315359.999, 54), (315360, 0), (315494.999, 54), (315495, 0), (315629.999, 54), (315630, 0), (315764.999, 54), (315765, 0), (315899.999, 54), (315900, 0), (316034.999, 54), (316035, 0), (316169.999, 54), (316170, 0), (316304.999, 54), (316305, 0), (316439.999, 54), (316440, 0), (316574.999, 54), (316575, 0), (316709.999, 54), (316710, 0), (316844.999, 54), (316845, 0), (316979.999, 54), (316980, 0), (317114.999, 54), (317115, 0), (317249.999, 54), (317250, 0), (317384.999, 54), (317385, 0), (317519.999, 54), (317520, 0), (317654.999, 54), (317655, 0), (317789.999, 54), (317790, 0), (317924.999, 54), (317925, 0), (318059.999, 54), (318060, 0), (318194.999, 54), (318195, 0), (318329.999, 54), (318330, 0), (318464.999, 54), (318465, 0), (318599.999, 54), (318600, 0), (318734.999, 54), (318735, 0), (318869.999, 54), (318870, 0), (319004.999, 54), (319005, 0), (319139.999, 54), (319140, 0), (319274.999, 54), (319275, 0), (319409.999, 54), (319410, 0), (319544.999, 54), (319545, 0), (319679.999, 54), (319680, 0), (319814.999, 54), (319815, 0), (319949.999, 54), (319950, 0), (320084.999, 54), (320085, 0), (320219.999, 54), (320220, 0), (320354.999, 54), (320355, 0), (320489.999, 54), (320490, 0), (320624.999, 54), (320625, 0), (320759.999, 54), (320760, 0), (320894.999, 54), (320895, 0), (321029.999, 54), (321030, 0), (321164.999, 54), (321165, 0), (321299.999, 54), (321300, 0), (321434.999, 54), (321435, 0), (321569.999, 54), (321570, 0), (321704.999, 54), (321705, 0), (321839.999, 54), (321840, 0), (321974.999, 54), (321975, 0), (322109.999, 54), (322110, 0), (322244.999, 54), (322245, 0), (322379.999, 54), (322380, 0), (322514.999, 54), (322515, 0), (322649.999, 54), (322650, 0), (322784.999, 54), (322785, 0), (322919.999, 54), (322920, 0), (323054.999, 54), (323055, 0), (323189.999, 54), (323190, 0), (323324.999, 54), (323325, 0), (323459.999, 54), (323460, 0), (323594.999, 54), (323595, 0), (323729.999, 54), (323730, 0), (323864.999, 54), (323865, 0), (323999.999, 54), (324000, 0), (324134.999, 54), (324135, 0), (324269.999, 54), (324270, 0), (324404.999, 54), (324405, 0), (324539.999, 54), (324540, 0), (324674.999, 54), (324675, 0), (324809.999, 54), (324810, 0), (324944.999, 54), (324945, 0), (325079.999, 54), (325080, 0), (325214.999, 54), (325215, 0), (325349.999, 54), (325350, 0), (325484.999, 54), (325485, 0), (325619.999, 54), (325620, 0), (325754.999, 54), (325755, 0), (325889.999, 54), (325890, 0), (326024.999, 54), (326025, 0), (326159.999, 54), (326160, 0), (326294.999, 54), (326295, 0), (326429.999, 54), (326430, 0), (326564.999, 54), (326565, 0), (326699.999, 54), (326700, 0), (326834.999, 54), (326835, 0), (326969.999, 54), (326970, 0), (327104.999, 54), (327105, 0), (327239.999, 54), (327240, 0), (327374.999, 54), (327375, 0), (327509.999, 54), (327510, 0), (327644.999, 54), (327645, 0), (327779.999, 54), (327780, 0), (327914.999, 54), (327915, 0), (328049.999, 54), (328050, 0), (328184.999, 54), (328185, 0), (328319.999, 54), (328320, 0), (328454.999, 54), (328455, 0), (328589.999, 54), (328590, 0), (328724.999, 54), (328725, 0), (328859.999, 54), (328860, 0), (328994.999, 54), (328995, 0), (329129.999, 54), (329130, 0), (329264.999, 54), (329265, 0), (329399.999, 54), (329400, 0), (329534.999, 54), (329535, 0), (329669.999, 54), (329670, 0), (329804.999, 54), (329805, 0), (329939.999, 54), (329940, 0), (330074.999, 54), (330075, 0), (330209.999, 54), (330210, 0), (330344.999, 54), (330345, 0), (330479.999, 54), (330480, 0), (330614.999, 54), (330615, 0), (330749.999, 54), (330750, 0), (330884.999, 54), (330885, 0), (331019.999, 54), (331020, 0), (331154.999, 54), (331155, 0), (331289.999, 54), (331290, 0), (331424.999, 54), (331425, 0), (331559.999, 54), (331560, 0), (331694.999, 54), (331695, 0), (331829.999, 54), (331830, 0), (331964.999, 54), (331965, 0), (332099.999, 54), (332100, 0), (332234.999, 54), (332235, 0), (332369.999, 54), (332370, 0), (332504.999, 54), (332505, 0), (332639.999, 54), (332640, 0), (332774.999, 54), (332775, 0), (332909.999, 54), (332910, 0), (333044.999, 54), (333045, 0), (333179.999, 54), (333180, 0), (333314.999, 54), (333315, 0), (333449.999, 54), (333450, 0), (333584.999, 54), (333585, 0), (333719.999, 54), (333720, 0), (333854.999, 54), (333855, 0), (333989.999, 54), (333990, 0), (334124.999, 54), (334125, 0), (334259.999, 54), (334260, 0), (334394.999, 54), (334395, 0), (334529.999, 54), (334530, 0), (334664.999, 54), (334665, 0), (334799.999, 54), (334800, 0), (334934.999, 54), (334935, 0), (335069.999, 54), (335070, 0), (335204.999, 54), (335205, 0), (335339.999, 54), (335340, 0), (335474.999, 54), (335475, 0), (335609.999, 54), (335610, 0), (335744.999, 54), (335745, 0), (335879.999, 54), (335880, 0), (336014.999, 54), (336015, 0), (336149.999, 54), (336150, 0), (336284.999, 54), (336285, 0), (336419.999, 54), (336420, 0), (336554.999, 54), (336555, 0), (336689.999, 54), (336690, 0), (336824.999, 54), (336825, 0), (336959.999, 54), (336960, 0), (337094.999, 54), (337095, 0), (337229.999, 54), (337230, 0), (337364.999, 54), (337365, 0), (337499.999, 54), (337500, 0), (337634.999, 54), (337635, 0), (337769.999, 54), (337770, 0), (337904.999, 54), (337905, 0), (338039.999, 54), (338040, 0), (338174.999, 54), (338175, 0), (338309.999, 54), (338310, 0), (338444.999, 54), (338445, 0), (338579.999, 54), (338580, 0), (338714.999, 54), (338715, 0), (338849.999, 54), (338850, 0), (338984.999, 54), (338985, 0), (339119.999, 54), (339120, 0), (339254.999, 54), (339255, 0), (339389.999, 54), (339390, 0), (339524.999, 54), (339525, 0), (339659.999, 54), (339660, 0), (339794.999, 54), (339795, 0), (339929.999, 54), (339930, 0), (340064.999, 54), (340065, 0), (340199.999, 54), (340200, 0), (340334.999, 54), (340335, 0), (340469.999, 54), (340470, 0), (340604.999, 54), (340605, 0), (340739.999, 54), (340740, 0), (340874.999, 54), (340875, 0), (341009.999, 54), (341010, 0), (341144.999, 54), (341145, 0), (341279.999, 54), (341280, 0), (341414.999, 54), (341415, 0), (341549.999, 54), (341550, 0), (341684.999, 54), (341685, 0), (341819.999, 54), (341820, 0), (341954.999, 54), (341955, 0), (342089.999, 54), (342090, 0), (342224.999, 54), (342225, 0), (342359.999, 54), (342360, 0), (342494.999, 54), (342495, 0), (342629.999, 54), (342630, 0), (342764.999, 54), (342765, 0), (342899.999, 54), (342900, 0), (343034.999, 54), (343035, 0), (343169.999, 54), (343170, 0), (343304.999, 54), (343305, 0), (343439.999, 54), (343440, 0), (343574.999, 54), (343575, 0), (343709.999, 54), (343710, 0), (343844.999, 54), (343845, 0), (343979.999, 54), (343980, 0), (344114.999, 54), (344115, 0), (344249.999, 54), (344250, 0), (344384.999, 54), (344385, 0), (344519.999, 54), (344520, 0), (344654.999, 54), (344655, 0), (344789.999, 54), (344790, 0), (344924.999, 54), (344925, 0), (345059.999, 54), (345060, 0), (345194.999, 54), (345195, 0), (345329.999, 54), (345330, 0), (345464.999, 54), (345465, 0), (345599.999, 54), (345600, 0), (345734.999, 54), (345735, 0), (345869.999, 54), (345870, 0), (346004.999, 54), (346005, 0), (346139.999, 54), (346140, 0), (346274.999, 54), (346275, 0), (346409.999, 54), (346410, 0), (346544.999, 54), (346545, 0), (346679.999, 54), (346680, 0), (346814.999, 54), (346815, 0), (346949.999, 54), (346950, 0), (347084.999, 54), (347085, 0), (347219.999, 54), (347220, 0), (347354.999, 54), (347355, 0), (347489.999, 54), (347490, 0), (347624.999, 54), (347625, 0), (347759.999, 54), (347760, 0), (347894.999, 54), (347895, 0), (348029.999, 54), (348030, 0), (348164.999, 54), (348165, 0), (348299.999, 54), (348300, 0), (348434.999, 54), (348435, 0), (348569.999, 54), (348570, 0), (348704.999, 54), (348705, 0), (348839.999, 54), (348840, 0), (348974.999, 54), (348975, 0), (349109.999, 54), (349110, 0), (349244.999, 54), (349245, 0), (349379.999, 54), (349380, 0), (349514.999, 54), (349515, 0), (349649.999, 54), (349650, 0), (349784.999, 54), (349785, 0), (349919.999, 54), (349920, 0), (350054.999, 54), (350055, 0), (350189.999, 54), (350190, 0), (350324.999, 54), (350325, 0), (350459.999, 54), (350460, 0), (350594.999, 54), (350595, 0), (350729.999, 54), (350730, 0), (350864.999, 54), (350865, 0), (350999.999, 54), (351000, 0), (351134.999, 54), (351135, 0), (351269.999, 54), (351270, 0), (351404.999, 54), (351405, 0), (351539.999, 54), (351540, 0), (351674.999, 54), (351675, 0), (351809.999, 54), (351810, 0), (351944.999, 54), (351945, 0), (352079.999, 54), (352080, 0), (352214.999, 54), (352215, 0), (352349.999, 54), (352350, 0), (352484.999, 54), (352485, 0), (352619.999, 54), (352620, 0), (352754.999, 54), (352755, 0), (352889.999, 54), (352890, 0), (353024.999, 54), (353025, 0), (353159.999, 54), (353160, 0), (353294.999, 54), (353295, 0), (353429.999, 54), (353430, 0), (353564.999, 54), (353565, 0), (353699.999, 54), (353700, 0), (353834.999, 54), (353835, 0), (353969.999, 54), (353970, 0), (354104.999, 54), (354105, 0), (354239.999, 54), (354240, 0), (354374.999, 54), (354375, 0), (354509.999, 54), (354510, 0), (354644.999, 54), (354645, 0), (354779.999, 54), (354780, 0), (354914.999, 54), (354915, 0), (355049.999, 54), (355050, 0), (355184.999, 54), (355185, 0), (355319.999, 54), (355320, 0), (355454.999, 54), (355455, 0), (355589.999, 54), (355590, 0), (355724.999, 54), (355725, 0), (355859.999, 54), (355860, 0), (355994.999, 54), (355995, 0), (356129.999, 54), (356130, 0), (356264.999, 54), (356265, 0), (356399.999, 54), (356400, 0), (356534.999, 54), (356535, 0), (356669.999, 54), (356670, 0), (356804.999, 54), (356805, 0), (356939.999, 54), (356940, 0), (357074.999, 54), (357075, 0), (357209.999, 54), (357210, 0), (357344.999, 54), (357345, 0), (357479.999, 54), (357480, 0), (357614.999, 54), (357615, 0), (357749.999, 54), (357750, 0), (357884.999, 54), (357885, 0), (358019.999, 54), (358020, 0), (358154.999, 54), (358155, 0), (358289.999, 54), (358290, 0), (358424.999, 54), (358425, 0), (358559.999, 54), (358560, 0), (358694.999, 54), (358695, 0), (358829.999, 54), (358830, 0), (358964.999, 54), (358965, 0), (359099.999, 54), (359100, 0), (359234.999, 54), (359235, 0), (359369.999, 54), (359370, 0), (359504.999, 54), (359505, 0), (359639.999, 54), (359640, 0), (359774.999, 54), (359775, 0), (359909.999, 54), (359910, 0), (360044.999, 54), (360045, 0), (360179.999, 54), (360180, 0), (360314.999, 54), (360315, 0), (360449.999, 54), (360450, 0), (360584.999, 54), (360585, 0), (360719.999, 54), (360720, 0), (360854.999, 54), (360855, 0), (360989.999, 54), (360990, 0), (361124.999, 54), (361125, 0), (361259.999, 54), (361260, 0), (361394.999, 54), (361395, 0), (361529.999, 54), (361530, 0), (361664.999, 54), (361665, 0), (361799.999, 54), (361800, 0), (361934.999, 54), (361935, 0), (362069.999, 54), (362070, 0), (362204.999, 54), (362205, 0), (362339.999, 54), (362340, 0), (362474.999, 54), (362475, 0), (362609.999, 54), (362610, 0), (362744.999, 54), (362745, 0), (362879.999, 54), (362880, 0), (363014.999, 54), (363015, 0), (363149.999, 54), (363150, 0), (363284.999, 54), (363285, 0), (363419.999, 54), (363420, 0), (363554.999, 54), (363555, 0), (363689.999, 54), (363690, 0), (363824.999, 54), (363825, 0), (363959.999, 54), (363960, 0), (364094.999, 54), (364095, 0), (364229.999, 54), (364230, 0), (364364.999, 54), (364365, 0), (364499.999, 54), (364500, 0), (364634.999, 54), (364635, 0), (364769.999, 54), (364770, 0), (364904.999, 54), (364905, 0), (365039.999, 54), (365040, 0), (365174.999, 54), (365175, 0), (365309.999, 54), (365310, 0), (365444.999, 54), (365445, 0), (365579.999, 54), (365580, 0), (365714.999, 54), (365715, 0), (365849.999, 54), (365850, 0), (365984.999, 54), (365985, 0), (366119.999, 54), (366120, 0), (366254.999, 54), (366255, 0), (366389.999, 54), (366390, 0), (366524.999, 54), (366525, 0), (366659.999, 54), (366660, 0), (366794.999, 54), (366795, 0), (366929.999, 54), (366930, 0), (367064.999, 54), (367065, 0), (367199.999, 54), (367200, 0), (367334.999, 54), (367335, 0), (367469.999, 54), (367470, 0), (367604.999, 54), (367605, 0), (367739.999, 54), (367740, 0), (367874.999, 54), (367875, 0), (368009.999, 54), (368010, 0), (368144.999, 54), (368145, 0), (368279.999, 54), (368280, 0), (368414.999, 54), (368415, 0), (368549.999, 54), (368550, 0), (368684.999, 54), (368685, 0), (368819.999, 54), (368820, 0), (368954.999, 54), (368955, 0), (369089.999, 54), (369090, 0), (369224.999, 54), (369225, 0), (369359.999, 54), (369360, 0), (369494.999, 54), (369495, 0), (369629.999, 54), (369630, 0), (369764.999, 54), (369765, 0), (369899.999, 54), (369900, 0), (370034.999, 54), (370035, 0), (370169.999, 54), (370170, 0), (370304.999, 54), (370305, 0), (370439.999, 54), (370440, 0), (370574.999, 54), (370575, 0), (370709.999, 54), (370710, 0), (370844.999, 54), (370845, 0), (370979.999, 54), (370980, 0), (371114.999, 54), (371115, 0), (371249.999, 54), (371250, 0), (371384.999, 54), (371385, 0), (371519.999, 54), (371520, 0), (371654.999, 54), (371655, 0), (371789.999, 54), (371790, 0), (371924.999, 54), (371925, 0), (372059.999, 54), (372060, 0), (372194.999, 54), (372195, 0), (372329.999, 54), (372330, 0), (372464.999, 54), (372465, 0), (372599.999, 54), (372600, 0), (372734.999, 54), (372735, 0), (372869.999, 54), (372870, 0), (373004.999, 54), (373005, 0), (373139.999, 54), (373140, 0), (373274.999, 54), (373275, 0), (373409.999, 54), (373410, 0), (373544.999, 54), (373545, 0), (373679.999, 54), (373680, 0), (373814.999, 54), (373815, 0), (373949.999, 54), (373950, 0), (374084.999, 54), (374085, 0), (374219.999, 54), (374220, 0), (374354.999, 54), (374355, 0), (374489.999, 54), (374490, 0), (374624.999, 54), (374625, 0), (374759.999, 54), (374760, 0), (374894.999, 54), (374895, 0), (375029.999, 54), (375030, 0), (375164.999, 54), (375165, 0), (375299.999, 54), (375300, 0), (375434.999, 54), (375435, 0), (375569.999, 54), (375570, 0), (375704.999, 54), (375705, 0), (375839.999, 54), (375840, 0), (375974.999, 54), (375975, 0), (376109.999, 54), (376110, 0), (376244.999, 54), (376245, 0), (376379.999, 54), (376380, 0), (376514.999, 54), (376515, 0), (376649.999, 54), (376650, 0), (376784.999, 54), (376785, 0), (376919.999, 54), (376920, 0), (377054.999, 54), (377055, 0), (377189.999, 54), (377190, 0), (377324.999, 54), (377325, 0), (377459.999, 54), (377460, 0), (377594.999, 54), (377595, 0), (377729.999, 54), (377730, 0), (377864.999, 54), (377865, 0), (377999.999, 54), (378000, 0), (378134.999, 54), (378135, 0), (378269.999, 54), (378270, 0), (378404.999, 54), (378405, 0), (378539.999, 54), (378540, 0), (378674.999, 54), (378675, 0), (378809.999, 54), (378810, 0), (378944.999, 54), (378945, 0), (379079.999, 54), (379080, 0), (379214.999, 54), (379215, 0), (379349.999, 54), (379350, 0), (379484.999, 54), (379485, 0), (379619.999, 54), (379620, 0), (379754.999, 54), (379755, 0), (379889.999, 54), (379890, 0), (380024.999, 54), (380025, 0), (380159.999, 54), (380160, 0), (380294.999, 54), (380295, 0), (380429.999, 54), (380430, 0), (380564.999, 54), (380565, 0), (380699.999, 54), (380700, 0), (380834.999, 54), (380835, 0), (380969.999, 54), (380970, 0), (381104.999, 54), (381105, 0), (381239.999, 54), (381240, 0), (381374.999, 54), (381375, 0), (381509.999, 54), (381510, 0), (381644.999, 54), (381645, 0), (381779.999, 54), (381780, 0), (381914.999, 54), (381915, 0), (382049.999, 54), (382050, 0), (382184.999, 54), (382185, 0), (382319.999, 54), (382320, 0), (382454.999, 54), (382455, 0), (382589.999, 54), (382590, 0), (382724.999, 54), (382725, 0), (382859.999, 54), (382860, 0), (382994.999, 54), (382995, 0), (383129.999, 54), (383130, 0), (383264.999, 54), (383265, 0), (383399.999, 54), (383400, 0), (383534.999, 54), (383535, 0), (383669.999, 54), (383670, 0), (383804.999, 54), (383805, 0), (383939.999, 54), (383940, 0), (384074.999, 54), (384075, 0), (384209.999, 54), (384210, 0), (384344.999, 54), (384345, 0), (384479.999, 54), (384480, 0), (384614.999, 54), (384615, 0), (384749.999, 54), (384750, 0), (384884.999, 54), (384885, 0), (385019.999, 54), (385020, 0), (385154.999, 54), (385155, 0), (385289.999, 54), (385290, 0), (385424.999, 54), (385425, 0), (385559.999, 54), (385560, 0), (385694.999, 54), (385695, 0), (385829.999, 54), (385830, 0), (385964.999, 54), (385965, 0), (386099.999, 54), (386100, 0), (386234.999, 54), (386235, 0), (386369.999, 54), (386370, 0), (386504.999, 54), (386505, 0), (386639.999, 54), (386640, 0), (386774.999, 54), (386775, 0), (386909.999, 54), (386910, 0), (387044.999, 54), (387045, 0), (387179.999, 54), (387180, 0), (387314.999, 54), (387315, 0), (387449.999, 54), (387450, 0), (387584.999, 54), (387585, 0), (387719.999, 54), (387720, 0), (387854.999, 54), (387855, 0), (387989.999, 54), (387990, 0), (388124.999, 54), (388125, 0), (388259.999, 54), (388260, 0), (388394.999, 54), (388395, 0), (388529.999, 54), (388530, 0), (388664.999, 54), (388665, 0), (388799.999, 54), (388800, 0), (388934.999, 54), (388935, 0), (389069.999, 54), (389070, 0), (389204.999, 54), (389205, 0), (389339.999, 54), (389340, 0), (389474.999, 54), (389475, 0), (389609.999, 54), (389610, 0), (389744.999, 54), (389745, 0), (389879.999, 54), (389880, 0), (390014.999, 54), (390015, 0), (390149.999, 54), (390150, 0), (390284.999, 54), (390285, 0), (390419.999, 54), (390420, 0), (390554.999, 54), (390555, 0), (390689.999, 54), (390690, 0), (390824.999, 54), (390825, 0), (390959.999, 54), (390960, 0), (391094.999, 54), (391095, 0), (391229.999, 54), (391230, 0), (391364.999, 54), (391365, 0), (391499.999, 54), (391500, 0), (391634.999, 54), (391635, 0), (391769.999, 54), (391770, 0), (391904.999, 54), (391905, 0), (392039.999, 54), (392040, 0), (392174.999, 54), (392175, 0), (392309.999, 54), (392310, 0), (392444.999, 54), (392445, 0), (392579.999, 54), (392580, 0), (392714.999, 54), (392715, 0), (392849.999, 54), (392850, 0), (392984.999, 54), (392985, 0), (393119.999, 54), (393120, 0), (393254.999, 54), (393255, 0), (393389.999, 54), (393390, 0), (393524.999, 54), (393525, 0), (393659.999, 54), (393660, 0), (393794.999, 54), (393795, 0), (393929.999, 54), (393930, 0), (394064.999, 54), (394065, 0), (394199.999, 54), (394200, 0), (394334.999, 54), (394335, 0), (394469.999, 54), (394470, 0), (394604.999, 54), (394605, 0), (394739.999, 54), (394740, 0), (394874.999, 54), (394875, 0), (395009.999, 54), (395010, 0), (395144.999, 54), (395145, 0), (395279.999, 54), (395280, 0), (395414.999, 54), (395415, 0), (395549.999, 54), (395550, 0), (395684.999, 54), (395685, 0), (395819.999, 54), (395820, 0), (395954.999, 54), (395955, 0), (396089.999, 54), (396090, 0), (396224.999, 54), (396225, 0), (396359.999, 54), (396360, 0), (396494.999, 54), (396495, 0), (396629.999, 54), (396630, 0), (396764.999, 54), (396765, 0), (396899.999, 54), (396900, 0), (397034.999, 54), (397035, 0), (397169.999, 54), (397170, 0), (397304.999, 54), (397305, 0), (397439.999, 54), (397440, 0), (397574.999, 54), (397575, 0), (397709.999, 54), (397710, 0), (397844.999, 54), (397845, 0), (397979.999, 54), (397980, 0), (398114.999, 54), (398115, 0), (398249.999, 54), (398250, 0), (398384.999, 54), (398385, 0), (398519.999, 54), (398520, 0), (398654.999, 54), (398655, 0), (398789.999, 54), (398790, 0), (398924.999, 54), (398925, 0), (399059.999, 54), (399060, 0), (399194.999, 54), (399195, 0), (399329.999, 54), (399330, 0), (399464.999, 54), (399465, 0), (399599.999, 54), (399600, 0), (399734.999, 54), (399735, 0), (399869.999, 54), (399870, 0), (400004.999, 54), (400005, 0), (400139.999, 54), (400140, 0), (400274.999, 54), (400275, 0), (400409.999, 54), (400410, 0), (400544.999, 54), (400545, 0), (400679.999, 54), (400680, 0), (400814.999, 54), (400815, 0), (400949.999, 54), (400950, 0), (401084.999, 54), (401085, 0), (401219.999, 54), (401220, 0), (401354.999, 54), (401355, 0), (401489.999, 54), (401490, 0), (401624.999, 54), (401625, 0), (401759.999, 54), (401760, 0), (401894.999, 54), (401895, 0), (402029.999, 54), (402030, 0), (402164.999, 54), (402165, 0), (402299.999, 54), (402300, 0), (402434.999, 54), (402435, 0), (402569.999, 54), (402570, 0), (402704.999, 54), (402705, 0), (402839.999, 54), (402840, 0), (402974.999, 54), (402975, 0), (403109.999, 54), (403110, 0), (403244.999, 54), (403245, 0), (403379.999, 54), (403380, 0), (403514.999, 54), (403515, 0), (403649.999, 54), (403650, 0), (403784.999, 54), (403785, 0), (403919.999, 54), (403920, 0), (404054.999, 54), (404055, 0), (404189.999, 54), (404190, 0), (404324.999, 54), (404325, 0), (404459.999, 54), (404460, 0), (404594.999, 54), (404595, 0), (404729.999, 54), (404730, 0), (404864.999, 54), (404865, 0), (404999.999, 54), (405000, 0), (405134.999, 54), (405135, 0), (405269.999, 54), (405270, 0), (405404.999, 54), (405405, 0), (405539.999, 54), (405540, 0), (405674.999, 54), (405675, 0), (405809.999, 54), (405810, 0), (405944.999, 54), (405945, 0), (406079.999, 54), (406080, 0), (406214.999, 54), (406215, 0), (406349.999, 54), (406350, 0), (406484.999, 54), (406485, 0), (406619.999, 54), (406620, 0), (406754.999, 54), (406755, 0), (406889.999, 54), (406890, 0), (407024.999, 54), (407025, 0), (407159.999, 54), (407160, 0), (407294.999, 54), (407295, 0), (407429.999, 54), (407430, 0), (407564.999, 54), (407565, 0), (407699.999, 54), (407700, 0), (407834.999, 54), (407835, 0), (407969.999, 54), (407970, 0), (408104.999, 54), (408105, 0), (408239.999, 54), (408240, 0), (408374.999, 54), (408375, 0), (408509.999, 54), (408510, 0), (408644.999, 54), (408645, 0), (408779.999, 54), (408780, 0), (408914.999, 54), (408915, 0), (409049.999, 54), (409050, 0), (409184.999, 54), (409185, 0), (409319.999, 54), (409320, 0), (409454.999, 54), (409455, 0), (409589.999, 54), (409590, 0), (409724.999, 54), (409725, 0), (409859.999, 54), (409860, 0), (409994.999, 54), (409995, 0), (410129.999, 54), (410130, 0), (410264.999, 54), (410265, 0), (410399.999, 54), (410400, 0), (410534.999, 54), (410535, 0), (410669.999, 54), (410670, 0), (410804.999, 54), (410805, 0), (410939.999, 54), (410940, 0), (411074.999, 54), (411075, 0), (411209.999, 54), (411210, 0), (411344.999, 54), (411345, 0), (411479.999, 54), (411480, 0), (411614.999, 54), (411615, 0), (411749.999, 54), (411750, 0), (411884.999, 54), (411885, 0), (412019.999, 54), (412020, 0), (412154.999, 54), (412155, 0), (412289.999, 54), (412290, 0), (412424.999, 54), (412425, 0), (412559.999, 54), (412560, 0), (412694.999, 54), (412695, 0), (412829.999, 54), (412830, 0), (412964.999, 54), (412965, 0), (413099.999, 54), (413100, 0), (413234.999, 54), (413235, 0), (413369.999, 54), (413370, 0), (413504.999, 54), (413505, 0), (413639.999, 54), (413640, 0), (413774.999, 54), (413775, 0), (413909.999, 54), (413910, 0), (414044.999, 54), (414045, 0), (414179.999, 54), (414180, 0), (414314.999, 54), (414315, 0), (414449.999, 54), (414450, 0), (414584.999, 54), (414585, 0), (414719.999, 54), (414720, 0), (414854.999, 54), (414855, 0), (414989.999, 54), (414990, 0), (415124.999, 54), (415125, 0), (415259.999, 54), (415260, 0), (415394.999, 54), (415395, 0), (415529.999, 54), (415530, 0), (415664.999, 54), (415665, 0), (415799.999, 54), (415800, 0), (415934.999, 54), (415935, 0), (416069.999, 54), (416070, 0), (416204.999, 54), (416205, 0), (416339.999, 54), (416340, 0), (416474.999, 54), (416475, 0), (416609.999, 54), (416610, 0), (416744.999, 54), (416745, 0), (416879.999, 54), (416880, 0), (417014.999, 54), (417015, 0), (417149.999, 54), (417150, 0), (417284.999, 54), (417285, 0), (417419.999, 54), (417420, 0), (417554.999, 54), (417555, 0), (417689.999, 54), (417690, 0), (417824.999, 54), (417825, 0), (417959.999, 54), (417960, 0), (418094.999, 54), (418095, 0), (418229.999, 54), (418230, 0), (418364.999, 54), (418365, 0), (418499.999, 54), (418500, 0), (418634.999, 54), (418635, 0), (418769.999, 54), (418770, 0), (418904.999, 54), (418905, 0), (419039.999, 54), (419040, 0), (419174.999, 54), (419175, 0), (419309.999, 54), (419310, 0), (419444.999, 54), (419445, 0), (419579.999, 54), (419580, 0), (419714.999, 54), (419715, 0), (419849.999, 54), (419850, 0), (419984.999, 54), (419985, 0), (420119.999, 54), (420120, 0), (420254.999, 54), (420255, 0), (420389.999, 54), (420390, 0), (420524.999, 54), (420525, 0), (420659.999, 54), (420660, 0), (420794.999, 54), (420795, 0), (420929.999, 54), (420930, 0), (421064.999, 54), (421065, 0), (421199.999, 54), (421200, 0), (421334.999, 54), (421335, 0), (421469.999, 54), (421470, 0), (421604.999, 54), (421605, 0), (421739.999, 54), (421740, 0), (421874.999, 54), (421875, 0), (422009.999, 54), (422010, 0), (422144.999, 54), (422145, 0), (422279.999, 54), (422280, 0), (422414.999, 54), (422415, 0), (422549.999, 54), (422550, 0), (422684.999, 54), (422685, 0), (422819.999, 54), (422820, 0), (422954.999, 54), (422955, 0), (423089.999, 54), (423090, 0), (423224.999, 54), (423225, 0), (423359.999, 54), (423360, 0), (423494.999, 54), (423495, 0), (423629.999, 54), (423630, 0), (423764.999, 54), (423765, 0), (423899.999, 54), (423900, 0), (424034.999, 54), (424035, 0), (424169.999, 54), (424170, 0), (424304.999, 54), (424305, 0), (424439.999, 54), (424440, 0), (424574.999, 54), (424575, 0), (424709.999, 54), (424710, 0), (424844.999, 54), (424845, 0), (424979.999, 54), (424980, 0), (425114.999, 54), (425115, 0), (425249.999, 54), (425250, 0), (425384.999, 54), (425385, 0), (425519.999, 54), (425520, 0), (425654.999, 54), (425655, 0), (425789.999, 54), (425790, 0), (425924.999, 54), (425925, 0), (426059.999, 54), (426060, 0), (426194.999, 54), (426195, 0), (426329.999, 54), (426330, 0), (426464.999, 54), (426465, 0), (426599.999, 54), (426600, 0), (426734.999, 54), (426735, 0), (426869.999, 54), (426870, 0), (427004.999, 54), (427005, 0), (427139.999, 54), (427140, 0), (427274.999, 54), (427275, 0), (427409.999, 54), (427410, 0), (427544.999, 54), (427545, 0), (427679.999, 54), (427680, 0), (427814.999, 54), (427815, 0), (427949.999, 54), (427950, 0), (428084.999, 54), (428085, 0), (428219.999, 54), (428220, 0), (428354.999, 54), (428355, 0), (428489.999, 54), (428490, 0), (428624.999, 54), (428625, 0), (428759.999, 54), (428760, 0), (428894.999, 54), (428895, 0), (429029.999, 54), (429030, 0), (429164.999, 54), (429165, 0), (429299.999, 54), (429300, 0), (429434.999, 54), (429435, 0), (429569.999, 54), (429570, 0), (429704.999, 54), (429705, 0), (429839.999, 54), (429840, 0), (429974.999, 54), (429975, 0), (430109.999, 54), (430110, 0), (430244.999, 54), (430245, 0), (430379.999, 54), (430380, 0), (430514.999, 54), (430515, 0), (430649.999, 54), (430650, 0), (430784.999, 54), (430785, 0), (430919.999, 54), (430920, 0), (431054.999, 54), (431055, 0), (431189.999, 54), (431190, 0), (431324.999, 54), (431325, 0), (431459.999, 54), (431460, 0), (431594.999, 54), (431595, 0), (431729.999, 54), (431730, 0), (431864.999, 54), (431865, 0), (431999.999, 54), (432000, 0), (432134.999, 54), (432135, 0), (432269.999, 54), (432270, 0), (432404.999, 54), (432405, 0), (432539.999, 54), (432540, 0), (432674.999, 54), (432675, 0), (432809.999, 54), (432810, 0), (432944.999, 54), (432945, 0), (433079.999, 54), (433080, 0), (433214.999, 54), (433215, 0), (433349.999, 54), (433350, 0), (433484.999, 54), (433485, 0), (433619.999, 54), (433620, 0), (433754.999, 54), (433755, 0), (433889.999, 54), (433890, 0), (434024.999, 54), (434025, 0), (434159.999, 54), (434160, 0), (434294.999, 54), (434295, 0), (434429.999, 54), (434430, 0), (434564.999, 54), (434565, 0), (434699.999, 54), (434700, 0), (434834.999, 54), (434835, 0), (434969.999, 54), (434970, 0), (435104.999, 54), (435105, 0), (435239.999, 54), (435240, 0), (435374.999, 54), (435375, 0), (435509.999, 54), (435510, 0), (435644.999, 54), (435645, 0), (435779.999, 54), (435780, 0), (435914.999, 54), (435915, 0), (436049.999, 54), (436050, 0), (436184.999, 54), (436185, 0), (436319.999, 54), (436320, 0), (436454.999, 54), (436455, 0), (436589.999, 54), (436590, 0), (436724.999, 54), (436725, 0), (436859.999, 54), (436860, 0), (436994.999, 54), (436995, 0), (437129.999, 54), (437130, 0), (437264.999, 54), (437265, 0), (437399.999, 54), (437400, 0), (437534.999, 54), (437535, 0), (437669.999, 54), (437670, 0), (437804.999, 54), (437805, 0), (437939.999, 54), (437940, 0), (438074.999, 54), (438075, 0), (438209.999, 54), (438210, 0), (438344.999, 54), (438345, 0), (438479.999, 54), (438480, 0), (438614.999, 54), (438615, 0), (438749.999, 54), (438750, 0), (438884.999, 54), (438885, 0), (439019.999, 54), (439020, 0), (439154.999, 54), (439155, 0), (439289.999, 54), (439290, 0), (439424.999, 54), (439425, 0), (439559.999, 54), (439560, 0), (439694.999, 54), (439695, 0), (439829.999, 54), (439830, 0), (439964.999, 54), (439965, 0), (440099.999, 54), (440100, 0), (440234.999, 54), (440235, 0), (440369.999, 54), (440370, 0), (440504.999, 54), (440505, 0), (440639.999, 54), (440640, 0), (440774.999, 54), (440775, 0), (440909.999, 54), (440910, 0), (441044.999, 54), (441045, 0), (441179.999, 54), (441180, 0), (441314.999, 54), (441315, 0), (441449.999, 54), (441450, 0), (441584.999, 54), (441585, 0), (441719.999, 54), (441720, 0), (441854.999, 54), (441855, 0), (441989.999, 54), (441990, 0), (442124.999, 54), (442125, 0), (442259.999, 54), (442260, 0), (442394.999, 54), (442395, 0), (442529.999, 54), (442530, 0), (442664.999, 54), (442665, 0), (442799.999, 54), (442800, 0), (442934.999, 54), (442935, 0), (443069.999, 54), (443070, 0), (443204.999, 54), (443205, 0), (443339.999, 54), (443340, 0), (443474.999, 54), (443475, 0), (443609.999, 54), (443610, 0), (443744.999, 54), (443745, 0), (443879.999, 54), (443880, 0), (444014.999, 54), (444015, 0), (444149.999, 54), (444150, 0), (444284.999, 54), (444285, 0), (444419.999, 54), (444420, 0), (444554.999, 54), (444555, 0), (444689.999, 54), (444690, 0), (444824.999, 54), (444825, 0), (444959.999, 54), (444960, 0), (445094.999, 54), (445095, 0), (445229.999, 54), (445230, 0), (445364.999, 54), (445365, 0), (445499.999, 54), (445500, 0), (445634.999, 54), (445635, 0), (445769.999, 54), (445770, 0), (445904.999, 54), (445905, 0), (446039.999, 54), (446040, 0), (446174.999, 54), (446175, 0), (446309.999, 54), (446310, 0), (446444.999, 54), (446445, 0), (446579.999, 54), (446580, 0), (446714.999, 54), (446715, 0), (446849.999, 54), (446850, 0), (446984.999, 54), (446985, 0), (447119.999, 54), (447120, 0), (447254.999, 54), (447255, 0), (447389.999, 54), (447390, 0), (447524.999, 54), (447525, 0), (447659.999, 54), (447660, 0), (447794.999, 54), (447795, 0), (447929.999, 54), (447930, 0), (448064.999, 54), (448065, 0), (448199.999, 54), (448200, 0), (448334.999, 54), (448335, 0), (448469.999, 54), (448470, 0), (448604.999, 54), (448605, 0), (448739.999, 54), (448740, 0), (448874.999, 54), (448875, 0), (449009.999, 54), (449010, 0), (449144.999, 54), (449145, 0), (449279.999, 54), (449280, 0), (449414.999, 54), (449415, 0), (449549.999, 54), (449550, 0), (449684.999, 54), (449685, 0), (449819.999, 54), (449820, 0), (449954.999, 54), (449955, 0), (450089.999, 54), (450090, 0), (450224.999, 54), (450225, 0), (450359.999, 54), (450360, 0), (450494.999, 54), (450495, 0), (450629.999, 54), (450630, 0), (450764.999, 54), (450765, 0), (450899.999, 54), (450900, 0), (451034.999, 54), (451035, 0), (451169.999, 54), (451170, 0), (451304.999, 54), (451305, 0), (451439.999, 54), (451440, 0), (451574.999, 54), (451575, 0), (451709.999, 54), (451710, 0), (451844.999, 54), (451845, 0), (451979.999, 54), (451980, 0), (452114.999, 54), (452115, 0), (452249.999, 54), (452250, 0), (452384.999, 54), (452385, 0), (452519.999, 54), (452520, 0), (452654.999, 54), (452655, 0), (452789.999, 54), (452790, 0), (452924.999, 54), (452925, 0), (453059.999, 54), (453060, 0), (453194.999, 54), (453195, 0), (453329.999, 54), (453330, 0), (453464.999, 54), (453465, 0), (453599.999, 54), (453600, 0), (453734.999, 54), (453735, 0), (453869.999, 54), (453870, 0), (454004.999, 54), (454005, 0), (454139.999, 54), (454140, 0), (454274.999, 54), (454275, 0), (454409.999, 54), (454410, 0), (454544.999, 54), (454545, 0), (454679.999, 54), (454680, 0), (454814.999, 54), (454815, 0), (454949.999, 54), (454950, 0), (455084.999, 54), (455085, 0), (455219.999, 54), (455220, 0), (455354.999, 54), (455355, 0), (455489.999, 54), (455490, 0), (455624.999, 54), (455625, 0), (455759.999, 54), (455760, 0), (455894.999, 54), (455895, 0), (456029.999, 54), (456030, 0), (456164.999, 54), (456165, 0), (456299.999, 54), (456300, 0), (456434.999, 54), (456435, 0), (456569.999, 54), (456570, 0), (456704.999, 54), (456705, 0), (456839.999, 54), (456840, 0), (456974.999, 54), (456975, 0), (457109.999, 54), (457110, 0), (457244.999, 54), (457245, 0), (457379.999, 54), (457380, 0), (457514.999, 54), (457515, 0), (457649.999, 54), (457650, 0), (457784.999, 54), (457785, 0), (457919.999, 54), (457920, 0), (458054.999, 54), (458055, 0), (458189.999, 54), (458190, 0), (458324.999, 54), (458325, 0), (458459.999, 54), (458460, 0), (458594.999, 54), (458595, 0), (458729.999, 54), (458730, 0), (458864.999, 54), (458865, 0), (458999.999, 54), (459000, 0), (459134.999, 54), (459135, 0), (459269.999, 54), (459270, 0), (459404.999, 54), (459405, 0), (459539.999, 54), (459540, 0), (459674.999, 54), (459675, 0), (459809.999, 54), (459810, 0), (459944.999, 54), (459945, 0), (460079.999, 54), (460080, 0), (460214.999, 54), (460215, 0), (460349.999, 54), (460350, 0), (460484.999, 54), (460485, 0), (460619.999, 54), (460620, 0), (460754.999, 54), (460755, 0), (460889.999, 54), (460890, 0), (461024.999, 54), (461025, 0), (461159.999, 54), (461160, 0), (461294.999, 54), (461295, 0), (461429.999, 54), (461430, 0), (461564.999, 54), (461565, 0), (461699.999, 54), (461700, 0), (461834.999, 54), (461835, 0), (461969.999, 54), (461970, 0), (462104.999, 54), (462105, 0), (462239.999, 54), (462240, 0), (462374.999, 54), (462375, 0), (462509.999, 54), (462510, 0), (462644.999, 54), (462645, 0), (462779.999, 54), (462780, 0), (462914.999, 54), (462915, 0), (463049.999, 54), (463050, 0), (463184.999, 54), (463185, 0), (463319.999, 54), (463320, 0), (463454.999, 54), (463455, 0), (463589.999, 54), (463590, 0), (463724.999, 54), (463725, 0), (463859.999, 54), (463860, 0), (463994.999, 54), (463995, 0), (464129.999, 54), (464130, 0), (464264.999, 54), (464265, 0), (464399.999, 54), (464400, 0), (464534.999, 54), (464535, 0), (464669.999, 54), (464670, 0), (464804.999, 54), (464805, 0), (464939.999, 54), (464940, 0), (465074.999, 54), (465075, 0), (465209.999, 54), (465210, 0), (465344.999, 54), (465345, 0), (465479.999, 54), (465480, 0), (465614.999, 54), (465615, 0), (465749.999, 54), (465750, 0), (465884.999, 54), (465885, 0), (466019.999, 54), (466020, 0), (466154.999, 54), (466155, 0), (466289.999, 54), (466290, 0), (466424.999, 54), (466425, 0), (466559.999, 54), (466560, 0), (466694.999, 54), (466695, 0), (466829.999, 54), (466830, 0), (466964.999, 54), (466965, 0), (467099.999, 54), (467100, 0), (467234.999, 54), (467235, 0), (467369.999, 54), (467370, 0), (467504.999, 54), (467505, 0), (467639.999, 54), (467640, 0), (467774.999, 54), (467775, 0), (467909.999, 54), (467910, 0), (468044.999, 54), (468045, 0), (468179.999, 54), (468180, 0), (468314.999, 54), (468315, 0), (468449.999, 54), (468450, 0), (468584.999, 54), (468585, 0), (468719.999, 54), (468720, 0), (468854.999, 54), (468855, 0), (468989.999, 54), (468990, 0), (469124.999, 54), (469125, 0), (469259.999, 54), (469260, 0), (469394.999, 54), (469395, 0), (469529.999, 54), (469530, 0), (469664.999, 54), (469665, 0), (469799.999, 54), (469800, 0), (469934.999, 54), (469935, 0), (470069.999, 54), (470070, 0), (470204.999, 54), (470205, 0), (470339.999, 54), (470340, 0), (470474.999, 54), (470475, 0), (470609.999, 54), (470610, 0), (470744.999, 54), (470745, 0), (470879.999, 54), (470880, 0), (471014.999, 54), (471015, 0), (471149.999, 54), (471150, 0), (471284.999, 54), (471285, 0), (471419.999, 54), (471420, 0), (471554.999, 54), (471555, 0), (471689.999, 54), (471690, 0), (471824.999, 54), (471825, 0), (471959.999, 54), (471960, 0), (472094.999, 54), (472095, 0), (472229.999, 54), (472230, 0), (472364.999, 54), (472365, 0), (472499.999, 54), (472500, 0), (472634.999, 54), (472635, 0), (472769.999, 54), (472770, 0), (472904.999, 54), (472905, 0), (473039.999, 54), (473040, 0), (473174.999, 54), (473175, 0), (473309.999, 54), (473310, 0), (473444.999, 54), (473445, 0), (473579.999, 54), (473580, 0), (473714.999, 54), (473715, 0), (473849.999, 54), (473850, 0), (473984.999, 54), (473985, 0), (474119.999, 54), (474120, 0), (474254.999, 54), (474255, 0), (474389.999, 54), (474390, 0), (474524.999, 54), (474525, 0), (474659.999, 54), (474660, 0), (474794.999, 54), (474795, 0), (474929.999, 54), (474930, 0), (475064.999, 54), (475065, 0), (475199.999, 54), (475200, 0), (475334.999, 54), (475335, 0), (475469.999, 54), (475470, 0), (475604.999, 54), (475605, 0), (475739.999, 54), (475740, 0), (475874.999, 54), (475875, 0), (476009.999, 54), (476010, 0), (476144.999, 54), (476145, 0), (476279.999, 54), (476280, 0), (476414.999, 54), (476415, 0), (476549.999, 54), (476550, 0), (476684.999, 54), (476685, 0), (476819.999, 54), (476820, 0), (476954.999, 54), (476955, 0), (477089.999, 54), (477090, 0), (477224.999, 54), (477225, 0), (477359.999, 54), (477360, 0), (477494.999, 54), (477495, 0), (477629.999, 54), (477630, 0), (477764.999, 54), (477765, 0), (477899.999, 54), (477900, 0), (478034.999, 54), (478035, 0), (478169.999, 54), (478170, 0), (478304.999, 54), (478305, 0), (478439.999, 54), (478440, 0), (478574.999, 54), (478575, 0), (478709.999, 54), (478710, 0), (478844.999, 54), (478845, 0), (478979.999, 54), (478980, 0), (479114.999, 54), (479115, 0), (479249.999, 54), (479250, 0), (479384.999, 54), (479385, 0), (479519.999, 54), (479520, 0), (479654.999, 54), (479655, 0), (479789.999, 54), (479790, 0), (479924.999, 54), (479925, 0), (480059.999, 54), (480060, 0), (480194.999, 54), (480195, 0), (480329.999, 54), (480330, 0), (480464.999, 54), (480465, 0), (480599.999, 54), (480600, 0), (480734.999, 54), (480735, 0), (480869.999, 54), (480870, 0), (481004.999, 54), (481005, 0), (481139.999, 54), (481140, 0), (481274.999, 54), (481275, 0), (481409.999, 54), (481410, 0), (481544.999, 54), (481545, 0), (481679.999, 54), (481680, 0), (481814.999, 54), (481815, 0), (481949.999, 54), (481950, 0), (482084.999, 54), (482085, 0), (482219.999, 54), (482220, 0), (482354.999, 54), (482355, 0), (482489.999, 54), (482490, 0), (482624.999, 54), (482625, 0), (482759.999, 54), (482760, 0), (482894.999, 54), (482895, 0), (483029.999, 54), (483030, 0), (483164.999, 54), (483165, 0), (483299.999, 54), (483300, 0), (483434.999, 54), (483435, 0), (483569.999, 54), (483570, 0), (483704.999, 54), (483705, 0), (483839.999, 54), (483840, 0), (483974.999, 54), (483975, 0), (484109.999, 54), (484110, 0), (484244.999, 54), (484245, 0), (484379.999, 54), (484380, 0), (484514.999, 54), (484515, 0), (484649.999, 54), (484650, 0), (484784.999, 54), (484785, 0), (484919.999, 54), (484920, 0), (485054.999, 54), (485055, 0), (485189.999, 54), (485190, 0), (485324.999, 54), (485325, 0), (485459.999, 54), (485460, 0), (485594.999, 54), (485595, 0), (485729.999, 54), (485730, 0), (485864.999, 54), (485865, 0), (485999.999, 54), (486000, 0), (486134.999, 54), (486135, 0), (486269.999, 54), (486270, 0), (486404.999, 54), (486405, 0), (486539.999, 54), (486540, 0), (486674.999, 54), (486675, 0), (486809.999, 54), (486810, 0), (486944.999, 54), (486945, 0), (487079.999, 54), (487080, 0), (487214.999, 54), (487215, 0), (487349.999, 54), (487350, 0), (487484.999, 54), (487485, 0), (487619.999, 54), (487620, 0), (487754.999, 54), (487755, 0), (487889.999, 54), (487890, 0), (488024.999, 54), (488025, 0), (488159.999, 54), (488160, 0), (488294.999, 54), (488295, 0), (488429.999, 54), (488430, 0), (488564.999, 54), (488565, 0), (488699.999, 54), (488700, 0), (488834.999, 54), (488835, 0), (488969.999, 54), (488970, 0), (489104.999, 54), (489105, 0), (489239.999, 54), (489240, 0), (489374.999, 54), (489375, 0), (489509.999, 54), (489510, 0), (489644.999, 54), (489645, 0), (489779.999, 54), (489780, 0), (489914.999, 54), (489915, 0), (490049.999, 54), (490050, 0), (490184.999, 54), (490185, 0), (490319.999, 54), (490320, 0), (490454.999, 54), (490455, 0), (490589.999, 54), (490590, 0), (490724.999, 54), (490725, 0), (490859.999, 54), (490860, 0), (490994.999, 54), (490995, 0), (491129.999, 54), (491130, 0), (491264.999, 54), (491265, 0), (491399.999, 54), (491400, 0), (491534.999, 54), (491535, 0), (491669.999, 54), (491670, 0), (491804.999, 54), (491805, 0), (491939.999, 54), (491940, 0), (492074.999, 54), (492075, 0), (492209.999, 54), (492210, 0), (492344.999, 54), (492345, 0), (492479.999, 54), (492480, 0), (492614.999, 54), (492615, 0), (492749.999, 54), (492750, 0), (492884.999, 54), (492885, 0), (493019.999, 54), (493020, 0), (493154.999, 54), (493155, 0), (493289.999, 54), (493290, 0), (493424.999, 54), (493425, 0), (493559.999, 54), (493560, 0), (493694.999, 54), (493695, 0), (493829.999, 54), (493830, 0), (493964.999, 54), (493965, 0), (494099.999, 54), (494100, 0), (494234.999, 54), (494235, 0), (494369.999, 54), (494370, 0), (494504.999, 54), (494505, 0), (494639.999, 54), (494640, 0), (494774.999, 54), (494775, 0), (494909.999, 54), (494910, 0), (495044.999, 54), (495045, 0), (495179.999, 54), (495180, 0), (495314.999, 54), (495315, 0), (495449.999, 54), (495450, 0), (495584.999, 54), (495585, 0), (495719.999, 54), (495720, 0), (495854.999, 54), (495855, 0), (495989.999, 54), (495990, 0), (496124.999, 54), (496125, 0), (496259.999, 54), (496260, 0), (496394.999, 54), (496395, 0), (496529.999, 54), (496530, 0), (496664.999, 54), (496665, 0), (496799.999, 54), (496800, 0), (496934.999, 54), (496935, 0), (497069.999, 54), (497070, 0), (497204.999, 54), (497205, 0), (497339.999, 54), (497340, 0), (497474.999, 54), (497475, 0), (497609.999, 54), (497610, 0), (497744.999, 54), (497745, 0), (497879.999, 54), (497880, 0), (498014.999, 54), (498015, 0), (498149.999, 54), (498150, 0), (498284.999, 54), (498285, 0), (498419.999, 54), (498420, 0), (498554.999, 54), (498555, 0), (498689.999, 54), (498690, 0), (498824.999, 54), (498825, 0), (498959.999, 54), (498960, 0), (499094.999, 54), (499095, 0), (499229.999, 54), (499230, 0), (499364.999, 54), (499365, 0), (499499.999, 54), (499500, 0), (499634.999, 54), (499635, 0), (499769.999, 54), (499770, 0), (499904.999, 54), (499905, 0), (500039.999, 54), (500040, 0), (500174.999, 54), (500175, 0), (500309.999, 54), (500310, 0), (500444.999, 54), (500445, 0), (500579.999, 54), (500580, 0), (500714.999, 54), (500715, 0), (500849.999, 54), (500850, 0), (500984.999, 54), (500985, 0), (501119.999, 54), (501120, 0), (501254.999, 54), (501255, 0), (501389.999, 54), (501390, 0), (501524.999, 54), (501525, 0), (501659.999, 54), (501660, 0), (501794.999, 54), (501795, 0), (501929.999, 54), (501930, 0), (502064.999, 54), (502065, 0), (502199.999, 54), (502200, 0), (502334.999, 54), (502335, 0), (502469.999, 54), (502470, 0), (502604.999, 54), (502605, 0), (502739.999, 54), (502740, 0), (502874.999, 54), (502875, 0), (503009.999, 54), (503010, 0), (503144.999, 54), (503145, 0), (503279.999, 54), (503280, 0), (503414.999, 54), (503415, 0), (503549.999, 54), (503550, 0), (503684.999, 54), (503685, 0), (503819.999, 54), (503820, 0), (503954.999, 54), (503955, 0), (504089.999, 54), (504090, 0), (504224.999, 54), (504225, 0), (504359.999, 54), (504360, 0), (504494.999, 54), (504495, 0), (504629.999, 54), (504630, 0), (504764.999, 54), (504765, 0), (504899.999, 54), (504900, 0), (505034.999, 54), (505035, 0), (505169.999, 54), (505170, 0), (505304.999, 54), (505305, 0), (505439.999, 54), (505440, 0), (505574.999, 54), (505575, 0), (505709.999, 54), (505710, 0), (505844.999, 54), (505845, 0), (505979.999, 54), (505980, 0), (506114.999, 54), (506115, 0), (506249.999, 54), (506250, 0), (506384.999, 54), (506385, 0), (506519.999, 54), (506520, 0), (506654.999, 54), (506655, 0), (506789.999, 54), (506790, 0), (506924.999, 54), (506925, 0), (507059.999, 54), (507060, 0), (507194.999, 54), (507195, 0), (507329.999, 54), (507330, 0), (507464.999, 54), (507465, 0), (507599.999, 54), (507600, 0), (507734.999, 54), (507735, 0), (507869.999, 54), (507870, 0), (508004.999, 54), (508005, 0), (508139.999, 54), (508140, 0), (508274.999, 54), (508275, 0), (508409.999, 54), (508410, 0), (508544.999, 54), (508545, 0), (508679.999, 54), (508680, 0), (508814.999, 54), (508815, 0), (508949.999, 54), (508950, 0), (509084.999, 54), (509085, 0), (509219.999, 54), (509220, 0), (509354.999, 54), (509355, 0), (509489.999, 54), (509490, 0), (509624.999, 54), (509625, 0), (509759.999, 54), (509760, 0), (509894.999, 54), (509895, 0), (510029.999, 54), (510030, 0), (510164.999, 54), (510165, 0), (510299.999, 54), (510300, 0), (510434.999, 54), (510435, 0), (510569.999, 54), (510570, 0), (510704.999, 54), (510705, 0), (510839.999, 54), (510840, 0), (510974.999, 54), (510975, 0), (511109.999, 54), (511110, 0), (511244.999, 54), (511245, 0), (511379.999, 54), (511380, 0), (511514.999, 54), (511515, 0), (511649.999, 54), (511650, 0), (511784.999, 54), (511785, 0), (511919.999, 54), (511920, 0), (512054.999, 54), (512055, 0), (512189.999, 54), (512190, 0), (512324.999, 54), (512325, 0), (512459.999, 54), (512460, 0), (512594.999, 54), (512595, 0), (512729.999, 54), (512730, 0), (512864.999, 54), (512865, 0), (512999.999, 54), (513000, 0), (513134.999, 54), (513135, 0), (513269.999, 54), (513270, 0), (513404.999, 54), (513405, 0), (513539.999, 54), (513540, 0), (513674.999, 54), (513675, 0), (513809.999, 54), (513810, 0), (513944.999, 54), (513945, 0), (514079.999, 54), (514080, 0), (514214.999, 54), (514215, 0), (514349.999, 54), (514350, 0), (514484.999, 54), (514485, 0), (514619.999, 54), (514620, 0), (514754.999, 54), (514755, 0), (514889.999, 54), (514890, 0), (515024.999, 54), (515025, 0), (515159.999, 54), (515160, 0), (515294.999, 54), (515295, 0), (515429.999, 54), (515430, 0), (515564.999, 54), (515565, 0), (515699.999, 54), (515700, 0), (515834.999, 54), (515835, 0), (515969.999, 54), (515970, 0), (516104.999, 54), (516105, 0), (516239.999, 54), (516240, 0), (516374.999, 54), (516375, 0), (516509.999, 54), (516510, 0), (516644.999, 54), (516645, 0), (516779.999, 54), (516780, 0), (516914.999, 54), (516915, 0), (517049.999, 54), (517050, 0), (517184.999, 54), (517185, 0), (517319.999, 54), (517320, 0), (517454.999, 54), (517455, 0), (517589.999, 54), (517590, 0), (517724.999, 54), (517725, 0), (517859.999, 54), (517860, 0), (517994.999, 54), (517995, 0), (518129.999, 54), (518130, 0), (518264.999, 54), (518265, 0), (518399.999, 54), (518400, 0), (518534.999, 54), (518535, 0), (518669.999, 54), (518670, 0), (518804.999, 54), (518805, 0), (518939.999, 54), (518940, 0), (519074.999, 54), (519075, 0), (519209.999, 54), (519210, 0), (519344.999, 54), (519345, 0), (519479.999, 54), (519480, 0), (519614.999, 54), (519615, 0), (519749.999, 54), (519750, 0), (519884.999, 54), (519885, 0), (520019.999, 54), (520020, 0), (520154.999, 54), (520155, 0), (520289.999, 54), (520290, 0), (520424.999, 54), (520425, 0), (520559.999, 54), (520560, 0), (520694.999, 54), (520695, 0), (520829.999, 54), (520830, 0), (520964.999, 54), (520965, 0), (521099.999, 54), (521100, 0), (521234.999, 54), (521235, 0), (521369.999, 54), (521370, 0), (521504.999, 54), (521505, 0), (521639.999, 54), (521640, 0), (521774.999, 54), (521775, 0), (521909.999, 54), (521910, 0), (522044.999, 54), (522045, 0), (522179.999, 54), (522180, 0), (522314.999, 54), (522315, 0), (522449.999, 54), (522450, 0), (522584.999, 54), (522585, 0), (522719.999, 54), (522720, 0), (522854.999, 54), (522855, 0), (522989.999, 54), (522990, 0), (523124.999, 54), (523125, 0), (523259.999, 54), (523260, 0), (523394.999, 54), (523395, 0), (523529.999, 54), (523530, 0), (523664.999, 54), (523665, 0), (523799.999, 54), (523800, 0), (523934.999, 54), (523935, 0), (524069.999, 54), (524070, 0), (524204.999, 54), (524205, 0), (524339.999, 54), (524340, 0), (524474.999, 54), (524475, 0), (524609.999, 54), (524610, 0), (524744.999, 54), (524745, 0), (524879.999, 54), (524880, 0), (525014.999, 54), (525015, 0), (525149.999, 54), (525150, 0), (525284.999, 54), (525285, 0), (525419.999, 54), (525420, 0), (525554.999, 54), (525555, 0), (525689.999, 54), (525690, 0), (525824.999, 54), (525825, 0), (525959.999, 54), (525960, 0), (526094.999, 54), (526095, 0), (526229.999, 54), (526230, 0), (526364.999, 54), (526365, 0), (526499.999, 54), (526500, 0), (526634.999, 54), (526635, 0), (526769.999, 54), (526770, 0), (526904.999, 54), (526905, 0), (527039.999, 54), (527040, 0), (527174.999, 54), (527175, 0), (527309.999, 54), (527310, 0), (527444.999, 54), (527445, 0), (527579.999, 54), (527580, 0), (527714.999, 54), (527715, 0), (527849.999, 54), (527850, 0), (527984.999, 54), (527985, 0), (528119.999, 54), (528120, 0), (528254.999, 54), (528255, 0), (528389.999, 54), (528390, 0), (528524.999, 54), (528525, 0), (528659.999, 54), (528660, 0), (528794.999, 54), (528795, 0), (528929.999, 54), (528930, 0), (529064.999, 54), (529065, 0), (529199.999, 54), (529200, 0), (529334.999, 54), (529335, 0), (529469.999, 54), (529470, 0), (529604.999, 54), (529605, 0), (529739.999, 54), (529740, 0), (529874.999, 54), (529875, 0), (530009.999, 54), (530010, 0), (530144.999, 54), (530145, 0), (530279.999, 54), (530280, 0), (530414.999, 54), (530415, 0), (530549.999, 54), (530550, 0), (530684.999, 54), (530685, 0), (530819.999, 54), (530820, 0), (530954.999, 54), (530955, 0), (531089.999, 54), (531090, 0), (531224.999, 54), (531225, 0), (531359.999, 54), (531360, 0), (531494.999, 54), (531495, 0), (531629.999, 54), (531630, 0), (531764.999, 54), (531765, 0), (531899.999, 54), (531900, 0), (532034.999, 54), (532035, 0), (532169.999, 54), (532170, 0), (532304.999, 54), (532305, 0), (532439.999, 54), (532440, 0), (532574.999, 54), (532575, 0), (532709.999, 54), (532710, 0), (532844.999, 54), (532845, 0), (532979.999, 54), (532980, 0), (533114.999, 54), (533115, 0), (533249.999, 54), (533250, 0), (533384.999, 54), (533385, 0), (533519.999, 54), (533520, 0), (533654.999, 54), (533655, 0), (533789.999, 54), (533790, 0), (533924.999, 54), (533925, 0), (534059.999, 54), (534060, 0), (534194.999, 54), (534195, 0), (534329.999, 54), (534330, 0), (534464.999, 54), (534465, 0), (534599.999, 54), (534600, 0), (534734.999, 54), (534735, 0), (534869.999, 54), (534870, 0), (535004.999, 54), (535005, 0), (535139.999, 54), (535140, 0), (535274.999, 54), (535275, 0), (535409.999, 54), (535410, 0), (535544.999, 54), (535545, 0), (535679.999, 54), (535680, 0), (535814.999, 54), (535815, 0), (535949.999, 54), (535950, 0), (536084.999, 54), (536085, 0), (536219.999, 54), (536220, 0), (536354.999, 54), (536355, 0), (536489.999, 54), (536490, 0), (536624.999, 54), (536625, 0), (536759.999, 54), (536760, 0), (536894.999, 54), (536895, 0), (537029.999, 54), (537030, 0), (537164.999, 54), (537165, 0), (537299.999, 54), (537300, 0), (537434.999, 54), (537435, 0), (537569.999, 54), (537570, 0), (537704.999, 54), (537705, 0), (537839.999, 54), (537840, 0), (537974.999, 54), (537975, 0), (538109.999, 54), (538110, 0), (538244.999, 54), (538245, 0), (538379.999, 54), (538380, 0), (538514.999, 54), (538515, 0), (538649.999, 54), (538650, 0), (538784.999, 54), (538785, 0), (538919.999, 54), (538920, 0), (539054.999, 54), (539055, 0), (539189.999, 54), (539190, 0), (539324.999, 54), (539325, 0), (539459.999, 54), (539460, 0), (539594.999, 54), (539595, 0), (539729.999, 54), (539730, 0), (539864.999, 54), (539865, 0), (539999.999, 54), (540000, 0), (540134.999, 54), (540135, 0), (540269.999, 54), (540270, 0), (540404.999, 54), (540405, 0), (540539.999, 54), (540540, 0), (540674.999, 54), (540675, 0), (540809.999, 54), (540810, 0), (540944.999, 54), (540945, 0), (541079.999, 54), (541080, 0), (541214.999, 54), (541215, 0), (541349.999, 54), (541350, 0), (541484.999, 54), (541485, 0), (541619.999, 54), (541620, 0), (541754.999, 54), (541755, 0), (541889.999, 54), (541890, 0), (542024.999, 54), (542025, 0), (542159.999, 54), (542160, 0), (542294.999, 54), (542295, 0), (542429.999, 54), (542430, 0), (542564.999, 54), (542565, 0), (542699.999, 54), (542700, 0), (542834.999, 54), (542835, 0), (542969.999, 54), (542970, 0), (543104.999, 54), (543105, 0), (543239.999, 54), (543240, 0), (543374.999, 54), (543375, 0), (543509.999, 54), (543510, 0), (543644.999, 54), (543645, 0), (543779.999, 54), (543780, 0), (543914.999, 54), (543915, 0), (544049.999, 54), (544050, 0), (544184.999, 54), (544185, 0), (544319.999, 54), (544320, 0), (544454.999, 54), (544455, 0), (544589.999, 54), (544590, 0), (544724.999, 54), (544725, 0), (544859.999, 54), (544860, 0), (544994.999, 54), (544995, 0), (545129.999, 54), (545130, 0), (545264.999, 54), (545265, 0), (545399.999, 54), (545400, 0), (545534.999, 54), (545535, 0), (545669.999, 54), (545670, 0), (545804.999, 54), (545805, 0), (545939.999, 54), (545940, 0), (546074.999, 54), (546075, 0), (546209.999, 54), (546210, 0), (546344.999, 54), (546345, 0), (546479.999, 54), (546480, 0), (546614.999, 54), (546615, 0), (546749.999, 54), (546750, 0), (546884.999, 54), (546885, 0), (547019.999, 54), (547020, 0), (547154.999, 54), (547155, 0), (547289.999, 54), (547290, 0), (547424.999, 54), (547425, 0), (547559.999, 54), (547560, 0), (547694.999, 54), (547695, 0), (547829.999, 54), (547830, 0), (547964.999, 54), (547965, 0), (548099.999, 54), (548100, 0), (548234.999, 54), (548235, 0), (548369.999, 54), (548370, 0), (548504.999, 54), (548505, 0), (548639.999, 54), (548640, 0), (548774.999, 54), (548775, 0), (548909.999, 54), (548910, 0), (549044.999, 54), (549045, 0), (549179.999, 54), (549180, 0), (549314.999, 54), (549315, 0), (549449.999, 54), (549450, 0), (549584.999, 54), (549585, 0), (549719.999, 54), (549720, 0), (549854.999, 54), (549855, 0), (549989.999, 54), (549990, 0), (550124.999, 54), (550125, 0), (550259.999, 54), (550260, 0), (550394.999, 54), (550395, 0), (550529.999, 54), (550530, 0), (550664.999, 54), (550665, 0), (550799.999, 54), (550800, 0), (550934.999, 54), (550935, 0), (551069.999, 54), (551070, 0), (551204.999, 54), (551205, 0), (551339.999, 54), (551340, 0), (551474.999, 54), (551475, 0), (551609.999, 54), (551610, 0), (551744.999, 54), (551745, 0), (551879.999, 54), (551880, 0), (552014.999, 54), (552015, 0), (552149.999, 54), (552150, 0), (552284.999, 54), (552285, 0), (552419.999, 54), (552420, 0), (552554.999, 54), (552555, 0), (552689.999, 54), (552690, 0), (552824.999, 54), (552825, 0), (552959.999, 54), (552960, 0), (553094.999, 54), (553095, 0), (553229.999, 54), (553230, 0), (553364.999, 54), (553365, 0), (553499.999, 54), (553500, 0), (553634.999, 54), (553635, 0), (553769.999, 54), (553770, 0), (553904.999, 54), (553905, 0), (554039.999, 54), (554040, 0), (554174.999, 54), (554175, 0), (554309.999, 54), (554310, 0), (554444.999, 54), (554445, 0), (554579.999, 54), (554580, 0), (554714.999, 54), (554715, 0), (554849.999, 54), (554850, 0), (554984.999, 54), (554985, 0), (555119.999, 54), (555120, 0), (555254.999, 54), (555255, 0), (555389.999, 54), (555390, 0), (555524.999, 54), (555525, 0), (555659.999, 54), (555660, 0), (555794.999, 54), (555795, 0), (555929.999, 54), (555930, 0), (556064.999, 54), (556065, 0), (556199.999, 54), (556200, 0), (556334.999, 54), (556335, 0), (556469.999, 54), (556470, 0), (556604.999, 54), (556605, 0), (556739.999, 54), (556740, 0), (556874.999, 54), (556875, 0), (557009.999, 54), (557010, 0), (557144.999, 54), (557145, 0), (557279.999, 54), (557280, 0), (557414.999, 54), (557415, 0), (557549.999, 54), (557550, 0), (557684.999, 54), (557685, 0), (557819.999, 54), (557820, 0), (557954.999, 54), (557955, 0), (558089.999, 54), (558090, 0), (558224.999, 54), (558225, 0), (558359.999, 54), (558360, 0), (558494.999, 54), (558495, 0), (558629.999, 54), (558630, 0), (558764.999, 54), (558765, 0), (558899.999, 54), (558900, 0), (559034.999, 54), (559035, 0), (559169.999, 54), (559170, 0), (559304.999, 54), (559305, 0), (559439.999, 54), (559440, 0), (559574.999, 54), (559575, 0), (559709.999, 54), (559710, 0), (559844.999, 54), (559845, 0), (559979.999, 54), (559980, 0), (560114.999, 54), (560115, 0), (560249.999, 54), (560250, 0), (560384.999, 54), (560385, 0), (560519.999, 54), (560520, 0), (560654.999, 54), (560655, 0), (560789.999, 54), (560790, 0), (560924.999, 54), (560925, 0), (561059.999, 54), (561060, 0), (561194.999, 54), (561195, 0), (561329.999, 54), (561330, 0), (561464.999, 54), (561465, 0), (561599.999, 54), (561600, 0), (561734.999, 54), (561735, 0), (561869.999, 54), (561870, 0), (562004.999, 54), (562005, 0), (562139.999, 54), (562140, 0), (562274.999, 54), (562275, 0), (562409.999, 54), (562410, 0), (562544.999, 54), (562545, 0), (562679.999, 54), (562680, 0), (562814.999, 54), (562815, 0), (562949.999, 54), (562950, 0), (563084.999, 54), (563085, 0), (563219.999, 54), (563220, 0), (563354.999, 54), (563355, 0), (563489.999, 54), (563490, 0), (563624.999, 54), (563625, 0), (563759.999, 54), (563760, 0), (563894.999, 54), (563895, 0), (564029.999, 54), (564030, 0), (564164.999, 54), (564165, 0), (564299.999, 54), (564300, 0), (564434.999, 54), (564435, 0), (564569.999, 54), (564570, 0), (564704.999, 54), (564705, 0), (564839.999, 54), (564840, 0), (564974.999, 54), (564975, 0), (565109.999, 54), (565110, 0), (565244.999, 54), (565245, 0), (565379.999, 54), (565380, 0), (565514.999, 54), (565515, 0), (565649.999, 54), (565650, 0), (565784.999, 54), (565785, 0), (565919.999, 54), (565920, 0), (566054.999, 54), (566055, 0), (566189.999, 54), (566190, 0), (566324.999, 54), (566325, 0), (566459.999, 54), (566460, 0), (566594.999, 54), (566595, 0), (566729.999, 54), (566730, 0), (566864.999, 54), (566865, 0), (566999.999, 54), (567000, 0), (567134.999, 54), (567135, 0), (567269.999, 54), (567270, 0), (567404.999, 54), (567405, 0), (567539.999, 54), (567540, 0), (567674.999, 54), (567675, 0), (567809.999, 54), (567810, 0), (567944.999, 54), (567945, 0), (568079.999, 54), (568080, 0), (568214.999, 54), (568215, 0), (568349.999, 54), (568350, 0), (568484.999, 54), (568485, 0), (568619.999, 54), (568620, 0), (568754.999, 54), (568755, 0), (568889.999, 54), (568890, 0), (569024.999, 54), (569025, 0), (569159.999, 54), (569160, 0), (569294.999, 54), (569295, 0), (569429.999, 54), (569430, 0), (569564.999, 54), (569565, 0), (569699.999, 54), (569700, 0), (569834.999, 54), (569835, 0), (569969.999, 54), (569970, 0), (570104.999, 54), (570105, 0), (570239.999, 54), (570240, 0), (570374.999, 54), (570375, 0), (570509.999, 54), (570510, 0), (570644.999, 54), (570645, 0), (570779.999, 54), (570780, 0), (570914.999, 54), (570915, 0), (571049.999, 54), (571050, 0), (571184.999, 54), (571185, 0), (571319.999, 54), (571320, 0), (571454.999, 54), (571455, 0), (571589.999, 54), (571590, 0), (571724.999, 54), (571725, 0), (571859.999, 54), (571860, 0), (571994.999, 54), (571995, 0), (572129.999, 54), (572130, 0), (572264.999, 54), (572265, 0), (572399.999, 54), (572400, 0), (572534.999, 54), (572535, 0), (572669.999, 54), (572670, 0), (572804.999, 54), (572805, 0), (572939.999, 54), (572940, 0), (573074.999, 54), (573075, 0), (573209.999, 54), (573210, 0), (573344.999, 54), (573345, 0), (573479.999, 54), (573480, 0), (573614.999, 54), (573615, 0), (573749.999, 54), (573750, 0), (573884.999, 54), (573885, 0), (574019.999, 54), (574020, 0), (574154.999, 54), (574155, 0), (574289.999, 54), (574290, 0), (574424.999, 54), (574425, 0), (574559.999, 54), (574560, 0), (574694.999, 54), (574695, 0), (574829.999, 54), (574830, 0), (574964.999, 54), (574965, 0), (575099.999, 54), (575100, 0), (575234.999, 54), (575235, 0), (575369.999, 54), (575370, 0), (575504.999, 54), (575505, 0), (575639.999, 54), (575640, 0), (575774.999, 54), (575775, 0), (575909.999, 54), (575910, 0), (576044.999, 54), (576045, 0), (576179.999, 54), (576180, 0), (576314.999, 54), (576315, 0), (576449.999, 54), (576450, 0), (576584.999, 54), (576585, 0), (576719.999, 54), (576720, 0), (576854.999, 54), (576855, 0), (576989.999, 54), (576990, 0), (577124.999, 54), (577125, 0), (577259.999, 54), (577260, 0), (577394.999, 54), (577395, 0), (577529.999, 54), (577530, 0), (577664.999, 54), (577665, 0), (577799.999, 54), (577800, 0), (577934.999, 54), (577935, 0), (578069.999, 54), (578070, 0), (578204.999, 54), (578205, 0), (578339.999, 54), (578340, 0), (578474.999, 54), (578475, 0), (578609.999, 54), (578610, 0), (578744.999, 54), (578745, 0), (578879.999, 54), (578880, 0), (579014.999, 54), (579015, 0), (579149.999, 54), (579150, 0), (579284.999, 54), (579285, 0), (579419.999, 54), (579420, 0), (579554.999, 54), (579555, 0), (579689.999, 54), (579690, 0), (579824.999, 54), (579825, 0), (579959.999, 54), (579960, 0), (580094.999, 54), (580095, 0), (580229.999, 54), (580230, 0), (580364.999, 54), (580365, 0), (580499.999, 54), (580500, 0), (580634.999, 54), (580635, 0), (580769.999, 54), (580770, 0), (580904.999, 54), (580905, 0), (581039.999, 54), (581040, 0), (581174.999, 54), (581175, 0), (581309.999, 54), (581310, 0), (581444.999, 54), (581445, 0), (581579.999, 54), (581580, 0), (581714.999, 54), (581715, 0), (581849.999, 54), (581850, 0), (581984.999, 54), (581985, 0), (582119.999, 54), (582120, 0), (582254.999, 54), (582255, 0), (582389.999, 54), (582390, 0), (582524.999, 54), (582525, 0), (582659.999, 54), (582660, 0), (582794.999, 54), (582795, 0), (582929.999, 54), (582930, 0), (583064.999, 54), (583065, 0), (583199.999, 54), (583200, 0), (583334.999, 54), (583335, 0), (583469.999, 54), (583470, 0), (583604.999, 54), (583605, 0), (583739.999, 54), (583740, 0), (583874.999, 54), (583875, 0), (584009.999, 54), (584010, 0), (584144.999, 54), (584145, 0), (584279.999, 54), (584280, 0), (584414.999, 54), (584415, 0), (584549.999, 54), (584550, 0), (584684.999, 54), (584685, 0), (584819.999, 54), (584820, 0), (584954.999, 54), (584955, 0), (585089.999, 54), (585090, 0), (585224.999, 54), (585225, 0), (585359.999, 54), (585360, 0), (585494.999, 54), (585495, 0), (585629.999, 54), (585630, 0), (585764.999, 54), (585765, 0), (585899.999, 54), (585900, 0), (586034.999, 54), (586035, 0), (586169.999, 54), (586170, 0), (586304.999, 54), (586305, 0), (586439.999, 54), (586440, 0), (586574.999, 54), (586575, 0), (586709.999, 54), (586710, 0), (586844.999, 54), (586845, 0), (586979.999, 54), (586980, 0), (587114.999, 54), (587115, 0), (587249.999, 54), (587250, 0), (587384.999, 54), (587385, 0), (587519.999, 54), (587520, 0), (587654.999, 54), (587655, 0), (587789.999, 54), (587790, 0), (587924.999, 54), (587925, 0), (588059.999, 54), (588060, 0), (588194.999, 54), (588195, 0), (588329.999, 54), (588330, 0), (588464.999, 54), (588465, 0), (588599.999, 54), (588600, 0), (588734.999, 54), (588735, 0), (588869.999, 54), (588870, 0), (589004.999, 54), (589005, 0), (589139.999, 54), (589140, 0), (589274.999, 54), (589275, 0), (589409.999, 54), (589410, 0), (589544.999, 54), (589545, 0), (589679.999, 54), (589680, 0), (589814.999, 54), (589815, 0), (589949.999, 54), (589950, 0), (590084.999, 54), (590085, 0), (590219.999, 54), (590220, 0), (590354.999, 54), (590355, 0), (590489.999, 54), (590490, 0), (590624.999, 54), (590625, 0), (590759.999, 54), (590760, 0), (590894.999, 54), (590895, 0), (591029.999, 54), (591030, 0), (591164.999, 54), (591165, 0), (591299.999, 54), (591300, 0), (591434.999, 54), (591435, 0), (591569.999, 54), (591570, 0), (591704.999, 54), (591705, 0), (591839.999, 54), (591840, 0), (591974.999, 54), (591975, 0), (592109.999, 54), (592110, 0), (592244.999, 54), (592245, 0), (592379.999, 54), (592380, 0), (592514.999, 54), (592515, 0), (592649.999, 54), (592650, 0), (592784.999, 54), (592785, 0), (592919.999, 54), (592920, 0), (593054.999, 54), (593055, 0), (593189.999, 54), (593190, 0), (593324.999, 54), (593325, 0), (593459.999, 54), (593460, 0), (593594.999, 54), (593595, 0), (593729.999, 54), (593730, 0), (593864.999, 54), (593865, 0), (593999.999, 54), (594000, 0), (594134.999, 54), (594135, 0), (594269.999, 54), (594270, 0), (594404.999, 54), (594405, 0), (594539.999, 54), (594540, 0), (594674.999, 54), (594675, 0), (594809.999, 54), (594810, 0), (594944.999, 54), (594945, 0), (595079.999, 54), (595080, 0), (595214.999, 54), (595215, 0), (595349.999, 54), (595350, 0), (595484.999, 54), (595485, 0), (595619.999, 54), (595620, 0), (595754.999, 54), (595755, 0), (595889.999, 54), (595890, 0), (596024.999, 54), (596025, 0), (596159.999, 54), (596160, 0), (596294.999, 54), (596295, 0), (596429.999, 54), (596430, 0), (596564.999, 54), (596565, 0), (596699.999, 54), (596700, 0), (596834.999, 54), (596835, 0), (596969.999, 54), (596970, 0), (597104.999, 54), (597105, 0), (597239.999, 54), (597240, 0), (597374.999, 54), (597375, 0), (597509.999, 54), (597510, 0), (597644.999, 54), (597645, 0), (597779.999, 54), (597780, 0), (597914.999, 54), (597915, 0), (598049.999, 54), (598050, 0), (598184.999, 54), (598185, 0), (598319.999, 54), (598320, 0), (598454.999, 54), (598455, 0), (598589.999, 54), (598590, 0), (598724.999, 54), (598725, 0), (598859.999, 54), (598860, 0), (598994.999, 54), (598995, 0), (599129.999, 54), (599130, 0), (599264.999, 54), (599265, 0), (599399.999, 54), (599400, 0), (599534.999, 54), (599535, 0), (599669.999, 54), (599670, 0), (599804.999, 54), (599805, 0), (599939.999, 54), (599940, 0), (600074.999, 54), (600075, 0), (600209.999, 54), (600210, 0), (600344.999, 54), (600345, 0), (600479.999, 54), (600480, 0), (600614.999, 54), (600615, 0), (600749.999, 54), (600750, 0), (600884.999, 54), (600885, 0), (601019.999, 54), (601020, 0), (601154.999, 54), (601155, 0), (601289.999, 54), (601290, 0), (601424.999, 54), (601425, 0), (601559.999, 54), (601560, 0), (601694.999, 54), (601695, 0), (601829.999, 54), (601830, 0), (601964.999, 54), (601965, 0), (602099.999, 54), (602100, 0), (602234.999, 54), (602235, 0), (602369.999, 54), (602370, 0), (602504.999, 54), (602505, 0), (602639.999, 54), (602640, 0), (602774.999, 54), (602775, 0), (602909.999, 54), (602910, 0), (603044.999, 54), (603045, 0), (603179.999, 54), (603180, 0), (603314.999, 54), (603315, 0), (603449.999, 54), (603450, 0), (603584.999, 54), (603585, 0), (603719.999, 54), (603720, 0), (603854.999, 54), (603855, 0), (603989.999, 54), (603990, 0), (604124.999, 54), (604125, 0), (604259.999, 54), (604260, 0), (604394.999, 54), (604395, 0), (604529.999, 54), (604530, 0), (604664.999, 54), (604665, 0), (604799.999, 54), (604800, 0), (604934.999, 54), (604935, 0), (605069.999, 54), (605070, 0), (605204.999, 54), (605205, 0), (605339.999, 54), (605340, 0), (605474.999, 54), (605475, 0), (605609.999, 54), (605610, 0), (605744.999, 54), (605745, 0), (605879.999, 54), (605880, 0), (606014.999, 54), (606015, 0), (606149.999, 54), (606150, 0), (606284.999, 54), (606285, 0), (606419.999, 54), (606420, 0), (606554.999, 54), (606555, 0), (606689.999, 54), (606690, 0), (606824.999, 54), (606825, 0), (606959.999, 54), (606960, 0), (607094.999, 54), (607095, 0), (607229.999, 54), (607230, 0), (607364.999, 54), (607365, 0), (607499.999, 54), (607500, 0), (607634.999, 54), (607635, 0), (607769.999, 54), (607770, 0), (607904.999, 54), (607905, 0), (608039.999, 54), (608040, 0), (608174.999, 54), (608175, 0), (608309.999, 54), (608310, 0), (608444.999, 54), (608445, 0), (608579.999, 54), (608580, 0), (608714.999, 54), (608715, 0), (608849.999, 54), (608850, 0), (608984.999, 54), (608985, 0), (609119.999, 54), (609120, 0), (609254.999, 54), (609255, 0), (609389.999, 54), (609390, 0), (609524.999, 54), (609525, 0), (609659.999, 54), (609660, 0), (609794.999, 54), (609795, 0), (609929.999, 54), (609930, 0), (610064.999, 54), (610065, 0), (610199.999, 54), (610200, 0), (610334.999, 54), (610335, 0), (610469.999, 54), (610470, 0), (610604.999, 54), (610605, 0), (610739.999, 54), (610740, 0), (610874.999, 54), (610875, 0), (611009.999, 54), (611010, 0), (611144.999, 54), (611145, 0), (611279.999, 54), (611280, 0), (611414.999, 54), (611415, 0), (611549.999, 54), (611550, 0), (611684.999, 54), (611685, 0), (611819.999, 54), (611820, 0), (611954.999, 54), (611955, 0), (612089.999, 54), (612090, 0), (612224.999, 54), (612225, 0), (612359.999, 54), (612360, 0), (612494.999, 54), (612495, 0), (612629.999, 54), (612630, 0), (612764.999, 54), (612765, 0), (612899.999, 54), (612900, 0), (613034.999, 54), (613035, 0), (613169.999, 54), (613170, 0), (613304.999, 54), (613305, 0), (613439.999, 54), (613440, 0), (613574.999, 54), (613575, 0), (613709.999, 54), (613710, 0), (613844.999, 54), (613845, 0), (613979.999, 54), (613980, 0), (614114.999, 54), (614115, 0), (614249.999, 54), (614250, 0), (614384.999, 54), (614385, 0), (614519.999, 54), (614520, 0), (614654.999, 54), (614655, 0), (614789.999, 54), (614790, 0), (614924.999, 54), (614925, 0), (615059.999, 54), (615060, 0), (615194.999, 54), (615195, 0), (615329.999, 54), (615330, 0), (615464.999, 54), (615465, 0), (615599.999, 54), (615600, 0), (615734.999, 54), (615735, 0), (615869.999, 54), (615870, 0), (616004.999, 54), (616005, 0), (616139.999, 54), (616140, 0), (616274.999, 54), (616275, 0), (616409.999, 54), (616410, 0), (616544.999, 54), (616545, 0), (616679.999, 54), (616680, 0), (616814.999, 54), (616815, 0), (616949.999, 54), (616950, 0), (617084.999, 54), (617085, 0), (617219.999, 54), (617220, 0), (617354.999, 54), (617355, 0), (617489.999, 54), (617490, 0), (617624.999, 54), (617625, 0), (617759.999, 54), (617760, 0), (617894.999, 54), (617895, 0), (618029.999, 54), (618030, 0), (618164.999, 54), (618165, 0), (618299.999, 54), (618300, 0), (618434.999, 54), (618435, 0), (618569.999, 54), (618570, 0), (618704.999, 54), (618705, 0), (618839.999, 54), (618840, 0), (618974.999, 54), (618975, 0), (619109.999, 54), (619110, 0), (619244.999, 54), (619245, 0), (619379.999, 54), (619380, 0), (619514.999, 54), (619515, 0), (619649.999, 54), (619650, 0), (619784.999, 54), (619785, 0), (619919.999, 54), (619920, 0), (620054.999, 54), (620055, 0), (620189.999, 54), (620190, 0), (620324.999, 54), (620325, 0), (620459.999, 54), (620460, 0), (620594.999, 54), (620595, 0), (620729.999, 54), (620730, 0), (620864.999, 54), (620865, 0), (620999.999, 54), (621000, 0), (621134.999, 54), (621135, 0), (621269.999, 54), (621270, 0), (621404.999, 54), (621405, 0), (621539.999, 54), (621540, 0), (621674.999, 54), (621675, 0), (621809.999, 54), (621810, 0), (621944.999, 54), (621945, 0), (622079.999, 54), (622080, 0), (622214.999, 54), (622215, 0), (622349.999, 54), (622350, 0), (622484.999, 54), (622485, 0), (622619.999, 54), (622620, 0), (622754.999, 54), (622755, 0), (622889.999, 54), (622890, 0), (623024.999, 54), (623025, 0), (623159.999, 54), (623160, 0), (623294.999, 54), (623295, 0), (623429.999, 54), (623430, 0), (623564.999, 54), (623565, 0), (623699.999, 54), (623700, 0), (623834.999, 54), (623835, 0), (623969.999, 54), (623970, 0), (624104.999, 54), (624105, 0), (624239.999, 54), (624240, 0), (624374.999, 54), (624375, 0), (624509.999, 54), (624510, 0), (624644.999, 54), (624645, 0), (624779.999, 54), (624780, 0), (624914.999, 54), (624915, 0), (625049.999, 54), (625050, 0), (625184.999, 54), (625185, 0), (625319.999, 54), (625320, 0), (625454.999, 54), (625455, 0), (625589.999, 54), (625590, 0), (625724.999, 54), (625725, 0), (625859.999, 54), (625860, 0), (625994.999, 54), (625995, 0), (626129.999, 54), (626130, 0), (626264.999, 54), (626265, 0), (626399.999, 54), (626400, 0), (626534.999, 54), (626535, 0), (626669.999, 54), (626670, 0), (626804.999, 54), (626805, 0), (626939.999, 54), (626940, 0), (627074.999, 54), (627075, 0), (627209.999, 54), (627210, 0), (627344.999, 54), (627345, 0), (627479.999, 54), (627480, 0), (627614.999, 54), (627615, 0), (627749.999, 54), (627750, 0), (627884.999, 54), (627885, 0), (628019.999, 54), (628020, 0), (628154.999, 54), (628155, 0), (628289.999, 54), (628290, 0), (628424.999, 54), (628425, 0), (628559.999, 54), (628560, 0), (628694.999, 54), (628695, 0), (628829.999, 54), (628830, 0), (628964.999, 54), (628965, 0), (629099.999, 54), (629100, 0), (629234.999, 54), (629235, 0), (629369.999, 54), (629370, 0), (629504.999, 54), (629505, 0), (629639.999, 54), (629640, 0), (629774.999, 54), (629775, 0), (629909.999, 54), (629910, 0), (630044.999, 54), (630045, 0), (630179.999, 54), (630180, 0), (630314.999, 54), (630315, 0), (630449.999, 54), (630450, 0), (630584.999, 54), (630585, 0), (630719.999, 54), (630720, 0), (630854.999, 54), (630855, 0), (630989.999, 54), (630990, 0), (631124.999, 54), (631125, 0), (631259.999, 54), (631260, 0), (631394.999, 54), (631395, 0), (631529.999, 54), (631530, 0), (631664.999, 54), (631665, 0), (631799.999, 54), (631800, 0), (631934.999, 54), (631935, 0), (632069.999, 54), (632070, 0), (632204.999, 54), (632205, 0), (632339.999, 54), (632340, 0), (632474.999, 54), (632475, 0), (632609.999, 54), (632610, 0), (632744.999, 54), (632745, 0), (632879.999, 54), (632880, 0), (633014.999, 54), (633015, 0), (633149.999, 54), (633150, 0), (633284.999, 54), (633285, 0), (633419.999, 54), (633420, 0), (633554.999, 54), (633555, 0), (633689.999, 54), (633690, 0), (633824.999, 54), (633825, 0), (633959.999, 54), (633960, 0), (634094.999, 54), (634095, 0), (634229.999, 54), (634230, 0), (634364.999, 54), (634365, 0), (634499.999, 54), (634500, 0), (634634.999, 54), (634635, 0), (634769.999, 54), (634770, 0), (634904.999, 54), (634905, 0), (635039.999, 54), (635040, 0), (635174.999, 54), (635175, 0), (635309.999, 54), (635310, 0), (635444.999, 54), (635445, 0), (635579.999, 54), (635580, 0), (635714.999, 54), (635715, 0), (635849.999, 54), (635850, 0), (635984.999, 54), (635985, 0), (636119.999, 54), (636120, 0), (636254.999, 54), (636255, 0), (636389.999, 54), (636390, 0), (636524.999, 54), (636525, 0), (636659.999, 54), (636660, 0), (636794.999, 54), (636795, 0), (636929.999, 54), (636930, 0), (637064.999, 54), (637065, 0), (637199.999, 54), (637200, 0), (637334.999, 54), (637335, 0), (637469.999, 54), (637470, 0), (637604.999, 54), (637605, 0), (637739.999, 54), (637740, 0), (637874.999, 54), (637875, 0), (638009.999, 54), (638010, 0), (638144.999, 54), (638145, 0), (638279.999, 54), (638280, 0), (638414.999, 54), (638415, 0), (638549.999, 54), (638550, 0), (638684.999, 54), (638685, 0), (638819.999, 54), (638820, 0), (638954.999, 54), (638955, 0), (639089.999, 54), (639090, 0), (639224.999, 54), (639225, 0), (639359.999, 54), (639360, 0), (639494.999, 54), (639495, 0), (639629.999, 54), (639630, 0), (639764.999, 54), (639765, 0), (639899.999, 54), (639900, 0), (640034.999, 54), (640035, 0), (640169.999, 54), (640170, 0), (640304.999, 54), (640305, 0), (640439.999, 54), (640440, 0), (640574.999, 54), (640575, 0), (640709.999, 54), (640710, 0), (640844.999, 54), (640845, 0), (640979.999, 54), (640980, 0), (641114.999, 54), (641115, 0), (641249.999, 54), (641250, 0), (641384.999, 54), (641385, 0), (641519.999, 54), (641520, 0), (641654.999, 54), (641655, 0), (641789.999, 54), (641790, 0), (641924.999, 54), (641925, 0), (642059.999, 54), (642060, 0), (642194.999, 54), (642195, 0), (642329.999, 54), (642330, 0), (642464.999, 54), (642465, 0), (642599.999, 54), (642600, 0), (642734.999, 54), (642735, 0), (642869.999, 54), (642870, 0), (643004.999, 54), (643005, 0), (643139.999, 54), (643140, 0), (643274.999, 54), (643275, 0), (643409.999, 54), (643410, 0), (643544.999, 54), (643545, 0), (643679.999, 54), (643680, 0), (643814.999, 54), (643815, 0), (643949.999, 54), (643950, 0), (644084.999, 54), (644085, 0), (644219.999, 54), (644220, 0), (644354.999, 54), (644355, 0), (644489.999, 54), (644490, 0), (644624.999, 54), (644625, 0), (644759.999, 54), (644760, 0), (644894.999, 54), (644895, 0), (645029.999, 54), (645030, 0), (645164.999, 54), (645165, 0), (645299.999, 54), (645300, 0), (645434.999, 54), (645435, 0), (645569.999, 54), (645570, 0), (645704.999, 54), (645705, 0), (645839.999, 54), (645840, 0), (645974.999, 54), (645975, 0), (646109.999, 54), (646110, 0), (646244.999, 54), (646245, 0), (646379.999, 54), (646380, 0), (646514.999, 54), (646515, 0), (646649.999, 54), (646650, 0), (646784.999, 54), (646785, 0), (646919.999, 54), (646920, 0), (647054.999, 54), (647055, 0), (647189.999, 54), (647190, 0), (647324.999, 54), (647325, 0), (647459.999, 54), (647460, 0), (647594.999, 54), (647595, 0), (647729.999, 54), (647730, 0), (647864.999, 54), (647865, 0), (647999.999, 54), (648000, 0), (648134.999, 54), (648135, 0), (648269.999, 54), (648270, 0), (648404.999, 54), (648405, 0), (648539.999, 54), (648540, 0), (648674.999, 54), (648675, 0), (648809.999, 54), (648810, 0), (648944.999, 54), (648945, 0), (649079.999, 54), (649080, 0), (649214.999, 54), (649215, 0), (649349.999, 54), (649350, 0), (649484.999, 54), (649485, 0), (649619.999, 54), (649620, 0), (649754.999, 54), (649755, 0), (649889.999, 54), (649890, 0), (650024.999, 54), (650025, 0), (650159.999, 54), (650160, 0), (650294.999, 54), (650295, 0), (650429.999, 54), (650430, 0), (650564.999, 54), (650565, 0), (650699.999, 54), (650700, 0), (650834.999, 54), (650835, 0), (650969.999, 54), (650970, 0), (651104.999, 54), (651105, 0), (651239.999, 54), (651240, 0), (651374.999, 54), (651375, 0), (651509.999, 54), (651510, 0), (651644.999, 54), (651645, 0), (651779.999, 54), (651780, 0), (651914.999, 54), (651915, 0), (652049.999, 54), (652050, 0), (652184.999, 54), (652185, 0), (652319.999, 54), (652320, 0), (652454.999, 54), (652455, 0), (652589.999, 54), (652590, 0), (652724.999, 54), (652725, 0), (652859.999, 54), (652860, 0), (652994.999, 54), (652995, 0), (653129.999, 54), (653130, 0), (653264.999, 54), (653265, 0), (653399.999, 54), (653400, 0), (653534.999, 54), (653535, 0), (653669.999, 54), (653670, 0), (653804.999, 54), (653805, 0), (653939.999, 54), (653940, 0), (654074.999, 54), (654075, 0), (654209.999, 54), (654210, 0), (654344.999, 54), (654345, 0), (654479.999, 54), (654480, 0), (654614.999, 54), (654615, 0), (654749.999, 54), (654750, 0), (654884.999, 54), (654885, 0), (655019.999, 54), (655020, 0), (655154.999, 54), (655155, 0), (655289.999, 54), (655290, 0), (655424.999, 54), (655425, 0), (655559.999, 54), (655560, 0), (655694.999, 54), (655695, 0), (655829.999, 54), (655830, 0), (655964.999, 54), (655965, 0), (656099.999, 54), (656100, 0), (656234.999, 54), (656235, 0), (656369.999, 54), (656370, 0), (656504.999, 54), (656505, 0), (656639.999, 54), (656640, 0), (656774.999, 54), (656775, 0), (656909.999, 54), (656910, 0), (657044.999, 54), (657045, 0), (657179.999, 54), (657180, 0), (657314.999, 54), (657315, 0), (657449.999, 54), (657450, 0), (657584.999, 54), (657585, 0), (657719.999, 54), (657720, 0), (657854.999, 54), (657855, 0), (657989.999, 54), (657990, 0), (658124.999, 54), (658125, 0), (658259.999, 54), (658260, 0), (658394.999, 54), (658395, 0), (658529.999, 54), (658530, 0), (658664.999, 54), (658665, 0), (658799.999, 54), (658800, 0), (658934.999, 54), (658935, 0), (659069.999, 54), (659070, 0), (659204.999, 54), (659205, 0), (659339.999, 54), (659340, 0), (659474.999, 54), (659475, 0), (659609.999, 54), (659610, 0), (659744.999, 54), (659745, 0), (659879.999, 54), (659880, 0), (660014.999, 54), (660015, 0), (660149.999, 54), (660150, 0), (660284.999, 54), (660285, 0), (660419.999, 54), (660420, 0), (660554.999, 54), (660555, 0), (660689.999, 54), (660690, 0), (660824.999, 54), (660825, 0), (660959.999, 54), (660960, 0), (661094.999, 54), (661095, 0), (661229.999, 54), (661230, 0), (661364.999, 54), (661365, 0), (661499.999, 54), (661500, 0), (661634.999, 54), (661635, 0), (661769.999, 54), (661770, 0), (661904.999, 54), (661905, 0), (662039.999, 54), (662040, 0), (662174.999, 54), (662175, 0), (662309.999, 54), (662310, 0), (662444.999, 54), (662445, 0), (662579.999, 54), (662580, 0), (662714.999, 54), (662715, 0), (662849.999, 54), (662850, 0), (662984.999, 54), (662985, 0), (663119.999, 54), (663120, 0), (663254.999, 54), (663255, 0), (663389.999, 54), (663390, 0), (663524.999, 54), (663525, 0), (663659.999, 54), (663660, 0), (663794.999, 54), (663795, 0), (663929.999, 54), (663930, 0), (664064.999, 54), (664065, 0), (664199.999, 54), (664200, 0), (664334.999, 54), (664335, 0), (664469.999, 54), (664470, 0), (664604.999, 54), (664605, 0), (664739.999, 54), (664740, 0), (664874.999, 54), (664875, 0), (665009.999, 54), (665010, 0), (665144.999, 54), (665145, 0), (665279.999, 54), (665280, 0), (665414.999, 54), (665415, 0), (665549.999, 54), (665550, 0), (665684.999, 54), (665685, 0), (665819.999, 54), (665820, 0), (665954.999, 54), (665955, 0), (666089.999, 54), (666090, 0), (666224.999, 54), (666225, 0), (666359.999, 54), (666360, 0), (666494.999, 54), (666495, 0), (666629.999, 54), (666630, 0), (666764.999, 54), (666765, 0), (666899.999, 54), (666900, 0), (667034.999, 54), (667035, 0), (667169.999, 54), (667170, 0), (667304.999, 54), (667305, 0), (667439.999, 54), (667440, 0), (667574.999, 54), (667575, 0), (667709.999, 54), (667710, 0), (667844.999, 54), (667845, 0), (667979.999, 54), (667980, 0), (668114.999, 54), (668115, 0), (668249.999, 54), (668250, 0), (668384.999, 54), (668385, 0), (668519.999, 54), (668520, 0), (668654.999, 54), (668655, 0), (668789.999, 54), (668790, 0), (668924.999, 54), (668925, 0), (669059.999, 54), (669060, 0), (669194.999, 54), (669195, 0), (669329.999, 54), (669330, 0), (669464.999, 54), (669465, 0), (669599.999, 54), (669600, 0), (669734.999, 54), (669735, 0), (669869.999, 54), (669870, 0), (670004.999, 54), (670005, 0), (670139.999, 54), (670140, 0), (670274.999, 54), (670275, 0), (670409.999, 54), (670410, 0), (670544.999, 54), (670545, 0), (670679.999, 54), (670680, 0), (670814.999, 54), (670815, 0), (670949.999, 54), (670950, 0), (671084.999, 54), (671085, 0), (671219.999, 54), (671220, 0), (671354.999, 54), (671355, 0), (671489.999, 54), (671490, 0), (671624.999, 54), (671625, 0), (671759.999, 54), (671760, 0), (671894.999, 54), (671895, 0), (672029.999, 54), (672030, 0), (672164.999, 54), (672165, 0), (672299.999, 54), (672300, 0), (672434.999, 54), (672435, 0), (672569.999, 54), (672570, 0), (672704.999, 54), (672705, 0), (672839.999, 54), (672840, 0), (672974.999, 54), (672975, 0), (673109.999, 54), (673110, 0), (673244.999, 54), (673245, 0), (673379.999, 54), (673380, 0), (673514.999, 54), (673515, 0), (673649.999, 54), (673650, 0), (673784.999, 54), (673785, 0), (673919.999, 54), (673920, 0), (674054.999, 54), (674055, 0), (674189.999, 54), (674190, 0), (674324.999, 54), (674325, 0), (674459.999, 54), (674460, 0), (674594.999, 54), (674595, 0), (674729.999, 54), (674730, 0), (674864.999, 54), (674865, 0), (674999.999, 54), (675000, 0), (675134.999, 54), (675135, 0), (675269.999, 54), (675270, 0), (675404.999, 54), (675405, 0), (675539.999, 54), (675540, 0), (675674.999, 54), (675675, 0), (675809.999, 54), (675810, 0), (675944.999, 54), (675945, 0), (676079.999, 54), (676080, 0), (676214.999, 54), (676215, 0), (676349.999, 54), (676350, 0), (676484.999, 54), (676485, 0), (676619.999, 54), (676620, 0), (676754.999, 54), (676755, 0), (676889.999, 54), (676890, 0), (677024.999, 54), (677025, 0), (677159.999, 54), (677160, 0), (677294.999, 54), (677295, 0), (677429.999, 54), (677430, 0), (677564.999, 54), (677565, 0), (677699.999, 54), (677700, 0), (677834.999, 54), (677835, 0), (677969.999, 54), (677970, 0), (678104.999, 54), (678105, 0), (678239.999, 54), (678240, 0), (678374.999, 54), (678375, 0), (678509.999, 54), (678510, 0), (678644.999, 54), (678645, 0), (678779.999, 54), (678780, 0), (678914.999, 54), (678915, 0), (679049.999, 54), (679050, 0), (679184.999, 54), (679185, 0), (679319.999, 54), (679320, 0), (679454.999, 54), (679455, 0), (679589.999, 54), (679590, 0), (679724.999, 54), (679725, 0), (679859.999, 54), (679860, 0), (679994.999, 54), (679995, 0), (680129.999, 54), (680130, 0), (680264.999, 54), (680265, 0), (680399.999, 54), (680400, 0), (680534.999, 54), (680535, 0), (680669.999, 54), (680670, 0), (680804.999, 54), (680805, 0), (680939.999, 54), (680940, 0), (681074.999, 54), (681075, 0), (681209.999, 54), (681210, 0), (681344.999, 54), (681345, 0), (681479.999, 54), (681480, 0), (681614.999, 54), (681615, 0), (681749.999, 54), (681750, 0), (681884.999, 54), (681885, 0), (682019.999, 54), (682020, 0), (682154.999, 54), (682155, 0), (682289.999, 54), (682290, 0), (682424.999, 54), (682425, 0), (682559.999, 54), (682560, 0), (682694.999, 54), (682695, 0), (682829.999, 54), (682830, 0), (682964.999, 54), (682965, 0), (683099.999, 54), (683100, 0), (683234.999, 54), (683235, 0), (683369.999, 54), (683370, 0), (683504.999, 54), (683505, 0), (683639.999, 54), (683640, 0), (683774.999, 54), (683775, 0), (683909.999, 54), (683910, 0), (684044.999, 54), (684045, 0), (684179.999, 54), (684180, 0), (684314.999, 54), (684315, 0), (684449.999, 54), (684450, 0), (684584.999, 54), (684585, 0), (684719.999, 54), (684720, 0), (684854.999, 54), (684855, 0), (684989.999, 54), (684990, 0), (685124.999, 54), (685125, 0), (685259.999, 54), (685260, 0), (685394.999, 54), (685395, 0), (685529.999, 54), (685530, 0), (685664.999, 54), (685665, 0), (685799.999, 54), (685800, 0), (685934.999, 54), (685935, 0), (686069.999, 54), (686070, 0), (686204.999, 54), (686205, 0), (686339.999, 54), (686340, 0), (686474.999, 54), (686475, 0), (686609.999, 54), (686610, 0), (686744.999, 54), (686745, 0), (686879.999, 54), (686880, 0), (687014.999, 54), (687015, 0), (687149.999, 54), (687150, 0), (687284.999, 54), (687285, 0), (687419.999, 54), (687420, 0), (687554.999, 54), (687555, 0), (687689.999, 54), (687690, 0), (687824.999, 54), (687825, 0), (687959.999, 54), (687960, 0), (688094.999, 54), (688095, 0), (688229.999, 54), (688230, 0), (688364.999, 54), (688365, 0), (688499.999, 54), (688500, 0), (688634.999, 54), (688635, 0), (688769.999, 54), (688770, 0), (688904.999, 54), (688905, 0), (689039.999, 54), (689040, 0), (689174.999, 54), (689175, 0), (689309.999, 54), (689310, 0), (689444.999, 54), (689445, 0), (689579.999, 54), (689580, 0), (689714.999, 54), (689715, 0), (689849.999, 54), (689850, 0), (689984.999, 54), (689985, 0), (690119.999, 54), (690120, 0), (690254.999, 54), (690255, 0), (690389.999, 54), (690390, 0), (690524.999, 54), (690525, 0), (690659.999, 54), (690660, 0), (690794.999, 54), (690795, 0), (690929.999, 54), (690930, 0), (691064.999, 54), (691065, 0), (691199.999, 54), (691200, 0), (691334.999, 54), (691335, 0), (691469.999, 54), (691470, 0), (691604.999, 54), (691605, 0), (691739.999, 54), (691740, 0), (691874.999, 54), (691875, 0), (692009.999, 54), (692010, 0), (692144.999, 54), (692145, 0), (692279.999, 54), (692280, 0), (692414.999, 54), (692415, 0), (692549.999, 54), (692550, 0), (692684.999, 54), (692685, 0), (692819.999, 54), (692820, 0), (692954.999, 54), (692955, 0), (693089.999, 54), (693090, 0), (693224.999, 54), (693225, 0), (693359.999, 54), (693360, 0), (693494.999, 54), (693495, 0), (693629.999, 54), (693630, 0), (693764.999, 54), (693765, 0), (693899.999, 54), (693900, 0), (694034.999, 54), (694035, 0), (694169.999, 54), (694170, 0), (694304.999, 54), (694305, 0), (694439.999, 54), (694440, 0), (694574.999, 54), (694575, 0), (694709.999, 54), (694710, 0), (694844.999, 54), (694845, 0), (694979.999, 54), (694980, 0), (695114.999, 54), (695115, 0), (695249.999, 54), (695250, 0), (695384.999, 54), (695385, 0), (695519.999, 54), (695520, 0), (695654.999, 54), (695655, 0), (695789.999, 54), (695790, 0), (695924.999, 54), (695925, 0), (696059.999, 54), (696060, 0), (696194.999, 54), (696195, 0), (696329.999, 54), (696330, 0), (696464.999, 54), (696465, 0), (696599.999, 54), (696600, 0), (696734.999, 54), (696735, 0), (696869.999, 54), (696870, 0), (697004.999, 54), (697005, 0), (697139.999, 54), (697140, 0), (697274.999, 54), (697275, 0), (697409.999, 54), (697410, 0), (697544.999, 54), (697545, 0), (697679.999, 54), (697680, 0), (697814.999, 54), (697815, 0), (697949.999, 54), (697950, 0), (698084.999, 54), (698085, 0), (698219.999, 54), (698220, 0), (698354.999, 54), (698355, 0), (698489.999, 54), (698490, 0), (698624.999, 54), (698625, 0), (698759.999, 54), (698760, 0), (698894.999, 54), (698895, 0), (699029.999, 54), (699030, 0), (699164.999, 54), (699165, 0), (699299.999, 54), (699300, 0), (699434.999, 54), (699435, 0), (699569.999, 54), (699570, 0), (699704.999, 54), (699705, 0), (699839.999, 54), (699840, 0), (699974.999, 54), (699975, 0), (700109.999, 54), (700110, 0), (700244.999, 54), (700245, 0), (700379.999, 54), (700380, 0), (700514.999, 54), (700515, 0), (700649.999, 54), (700650, 0), (700784.999, 54), (700785, 0), (700919.999, 54), (700920, 0), (701054.999, 54), (701055, 0), (701189.999, 54), (701190, 0), (701324.999, 54), (701325, 0), (701459.999, 54), (701460, 0), (701594.999, 54), (701595, 0), (701729.999, 54), (701730, 0), (701864.999, 54), (701865, 0), (701999.999, 54), (702000, 0), (702134.999, 54), (702135, 0), (702269.999, 54), (702270, 0), (702404.999, 54), (702405, 0), (702539.999, 54), (702540, 0), (702674.999, 54), (702675, 0), (702809.999, 54), (702810, 0), (702944.999, 54), (702945, 0), (703079.999, 54), (703080, 0), (703214.999, 54), (703215, 0), (703349.999, 54), (703350, 0), (703484.999, 54), (703485, 0), (703619.999, 54), (703620, 0), (703754.999, 54), (703755, 0), (703889.999, 54), (703890, 0), (704024.999, 54), (704025, 0), (704159.999, 54), (704160, 0), (704294.999, 54), (704295, 0), (704429.999, 54), (704430, 0), (704564.999, 54), (704565, 0), (704699.999, 54), (704700, 0), (704834.999, 54), (704835, 0), (704969.999, 54), (704970, 0), (705104.999, 54), (705105, 0), (705239.999, 54), (705240, 0), (705374.999, 54), (705375, 0), (705509.999, 54), (705510, 0), (705644.999, 54), (705645, 0), (705779.999, 54), (705780, 0), (705914.999, 54), (705915, 0), (706049.999, 54), (706050, 0), (706184.999, 54), (706185, 0), (706319.999, 54), (706320, 0), (706454.999, 54), (706455, 0), (706589.999, 54), (706590, 0), (706724.999, 54), (706725, 0), (706859.999, 54), (706860, 0), (706994.999, 54), (706995, 0), (707129.999, 54), (707130, 0), (707264.999, 54), (707265, 0), (707399.999, 54), (707400, 0), (707534.999, 54), (707535, 0), (707669.999, 54), (707670, 0), (707804.999, 54), (707805, 0), (707939.999, 54), (707940, 0), (708074.999, 54), (708075, 0), (708209.999, 54), (708210, 0), (708344.999, 54), (708345, 0), (708479.999, 54), (708480, 0), (708614.999, 54), (708615, 0), (708749.999, 54), (708750, 0), (708884.999, 54), (708885, 0), (709019.999, 54), (709020, 0), (709154.999, 54), (709155, 0), (709289.999, 54), (709290, 0), (709424.999, 54), (709425, 0), (709559.999, 54), (709560, 0), (709694.999, 54), (709695, 0), (709829.999, 54), (709830, 0), (709964.999, 54), (709965, 0), (710099.999, 54), (710100, 0), (710234.999, 54), (710235, 0), (710369.999, 54), (710370, 0), (710504.999, 54), (710505, 0), (710639.999, 54), (710640, 0), (710774.999, 54), (710775, 0), (710909.999, 54), (710910, 0), (711044.999, 54), (711045, 0), (711179.999, 54), (711180, 0), (711314.999, 54), (711315, 0), (711449.999, 54), (711450, 0), (711584.999, 54), (711585, 0), (711719.999, 54), (711720, 0), (711854.999, 54), (711855, 0), (711989.999, 54), (711990, 0), (712124.999, 54), (712125, 0), (712259.999, 54), (712260, 0), (712394.999, 54), (712395, 0), (712529.999, 54), (712530, 0), (712664.999, 54), (712665, 0), (712799.999, 54), (712800, 0), (712934.999, 54), (712935, 0), (713069.999, 54), (713070, 0), (713204.999, 54), (713205, 0), (713339.999, 54), (713340, 0), (713474.999, 54), (713475, 0), (713609.999, 54), (713610, 0), (713744.999, 54), (713745, 0), (713879.999, 54), (713880, 0), (714014.999, 54), (714015, 0), (714149.999, 54), (714150, 0), (714284.999, 54), (714285, 0), (714419.999, 54), (714420, 0), (714554.999, 54), (714555, 0), (714689.999, 54), (714690, 0), (714824.999, 54), (714825, 0), (714959.999, 54), (714960, 0), (715094.999, 54), (715095, 0), (715229.999, 54), (715230, 0), (715364.999, 54), (715365, 0), (715499.999, 54), (715500, 0), (715634.999, 54), (715635, 0), (715769.999, 54), (715770, 0), (715904.999, 54), (715905, 0), (716039.999, 54), (716040, 0), (716174.999, 54), (716175, 0), (716309.999, 54), (716310, 0), (716444.999, 54), (716445, 0), (716579.999, 54), (716580, 0), (716714.999, 54), (716715, 0), (716849.999, 54), (716850, 0), (716984.999, 54), (716985, 0), (717119.999, 54), (717120, 0), (717254.999, 54), (717255, 0), (717389.999, 54), (717390, 0), (717524.999, 54), (717525, 0), (717659.999, 54), (717660, 0), (717794.999, 54), (717795, 0), (717929.999, 54), (717930, 0), (718064.999, 54), (718065, 0), (718199.999, 54), (718200, 0), (718334.999, 54), (718335, 0), (718469.999, 54), (718470, 0), (718604.999, 54), (718605, 0), (718739.999, 54), (718740, 0), (718874.999, 54), (718875, 0), (719009.999, 54), (719010, 0), (719144.999, 54), (719145, 0), (719279.999, 54), (719280, 0), (719414.999, 54), (719415, 0), (719549.999, 54), (719550, 0), (719684.999, 54), (719685, 0), (719819.999, 54), (719820, 0), (719954.999, 54), (719955, 0), (720089.999, 54), (720090, 0), (720224.999, 54), (720225, 0), (720359.999, 54), (720360, 0), (720494.999, 54), (720495, 0), (720629.999, 54), (720630, 0), (720764.999, 54), (720765, 0), (720899.999, 54), (720900, 0), (721034.999, 54), (721035, 0), (721169.999, 54), (721170, 0), (721304.999, 54), (721305, 0), (721439.999, 54), (721440, 0), (721574.999, 54), (721575, 0), (721709.999, 54), (721710, 0), (721844.999, 54), (721845, 0), (721979.999, 54), (721980, 0), (722114.999, 54), (722115, 0), (722249.999, 54), (722250, 0), (722384.999, 54), (722385, 0), (722519.999, 54), (722520, 0), (722654.999, 54), (722655, 0), (722789.999, 54), (722790, 0), (722924.999, 54), (722925, 0), (723059.999, 54), (723060, 0), (723194.999, 54), (723195, 0), (723329.999, 54), (723330, 0), (723464.999, 54), (723465, 0), (723599.999, 54), (723600, 0), (723734.999, 54), (723735, 0), (723869.999, 54), (723870, 0), (724004.999, 54), (724005, 0), (724139.999, 54), (724140, 0), (724274.999, 54), (724275, 0), (724409.999, 54), (724410, 0), (724544.999, 54), (724545, 0), (724679.999, 54), (724680, 0), (724814.999, 54), (724815, 0), (724949.999, 54), (724950, 0), (725084.999, 54), (725085, 0), (725219.999, 54), (725220, 0), (725354.999, 54), (725355, 0), (725489.999, 54), (725490, 0), (725624.999, 54), (725625, 0), (725759.999, 54), (725760, 0), (725894.999, 54), (725895, 0), (726029.999, 54), (726030, 0), (726164.999, 54), (726165, 0), (726299.999, 54), (726300, 0), (726434.999, 54), (726435, 0), (726569.999, 54), (726570, 0), (726704.999, 54), (726705, 0), (726839.999, 54), (726840, 0), (726974.999, 54), (726975, 0), (727109.999, 54), (727110, 0), (727244.999, 54), (727245, 0), (727379.999, 54), (727380, 0), (727514.999, 54), (727515, 0), (727649.999, 54), (727650, 0), (727784.999, 54), (727785, 0), (727919.999, 54), (727920, 0), (728054.999, 54), (728055, 0), (728189.999, 54), (728190, 0), (728324.999, 54), (728325, 0), (728459.999, 54), (728460, 0), (728594.999, 54), (728595, 0), (728729.999, 54), (728730, 0), (728864.999, 54), (728865, 0), (728999.999, 54), (729000, 0), (729134.999, 54), (729135, 0), (729269.999, 54), (729270, 0), (729404.999, 54), (729405, 0), (729539.999, 54), (729540, 0), (729674.999, 54), (729675, 0), (729809.999, 54), (729810, 0), (729944.999, 54), (729945, 0), (730079.999, 54), (730080, 0), (730214.999, 54), (730215, 0), (730349.999, 54), (730350, 0), (730484.999, 54), (730485, 0), (730619.999, 54), (730620, 0), (730754.999, 54), (730755, 0), (730889.999, 54), (730890, 0), (731024.999, 54), (731025, 0), (731159.999, 54), (731160, 0), (731294.999, 54), (731295, 0), (731429.999, 54), (731430, 0), (731564.999, 54), (731565, 0), (731699.999, 54), (731700, 0), (731834.999, 54), (731835, 0), (731969.999, 54), (731970, 0), (732104.999, 54), (732105, 0), (732239.999, 54), (732240, 0), (732374.999, 54), (732375, 0), (732509.999, 54), (732510, 0), (732644.999, 54), (732645, 0), (732779.999, 54), (732780, 0), (732914.999, 54), (732915, 0), (733049.999, 54), (733050, 0), (733184.999, 54), (733185, 0), (733319.999, 54), (733320, 0), (733454.999, 54), (733455, 0), (733589.999, 54), (733590, 0), (733724.999, 54), (733725, 0), (733859.999, 54), (733860, 0), (733994.999, 54), (733995, 0), (734129.999, 54), (734130, 0), (734264.999, 54), (734265, 0), (734399.999, 54), (734400, 0), (734534.999, 54), (734535, 0), (734669.999, 54), (734670, 0), (734804.999, 54), (734805, 0), (734939.999, 54), (734940, 0), (735074.999, 54), (735075, 0), (735209.999, 54), (735210, 0), (735344.999, 54), (735345, 0), (735479.999, 54), (735480, 0), (735614.999, 54), (735615, 0), (735749.999, 54), (735750, 0), (735884.999, 54), (735885, 0), (736019.999, 54), (736020, 0), (736154.999, 54), (736155, 0), (736289.999, 54), (736290, 0), (736424.999, 54), (736425, 0), (736559.999, 54), (736560, 0), (736694.999, 54), (736695, 0), (736829.999, 54), (736830, 0), (736964.999, 54), (736965, 0), (737099.999, 54), (737100, 0), (737234.999, 54), (737235, 0), (737369.999, 54), (737370, 0), (737504.999, 54), (737505, 0), (737639.999, 54), (737640, 0), (737774.999, 54), (737775, 0), (737909.999, 54), (737910, 0), (738044.999, 54), (738045, 0), (738179.999, 54), (738180, 0), (738314.999, 54), (738315, 0), (738449.999, 54), (738450, 0), (738584.999, 54), (738585, 0), (738719.999, 54), (738720, 0), (738854.999, 54), (738855, 0), (738989.999, 54), (738990, 0), (739124.999, 54), (739125, 0), (739259.999, 54), (739260, 0), (739394.999, 54), (739395, 0), (739529.999, 54), (739530, 0), (739664.999, 54), (739665, 0), (739799.999, 54), (739800, 0), (739934.999, 54), (739935, 0), (740069.999, 54), (740070, 0), (740204.999, 54), (740205, 0), (740339.999, 54), (740340, 0), (740474.999, 54), (740475, 0), (740609.999, 54), (740610, 0), (740744.999, 54), (740745, 0), (740879.999, 54), (740880, 0), (741014.999, 54), (741015, 0), (741149.999, 54), (741150, 0), (741284.999, 54), (741285, 0), (741419.999, 54), (741420, 0), (741554.999, 54), (741555, 0), (741689.999, 54), (741690, 0), (741824.999, 54), (741825, 0), (741959.999, 54), (741960, 0), (742094.999, 54), (742095, 0), (742229.999, 54), (742230, 0), (742364.999, 54), (742365, 0), (742499.999, 54), (742500, 0), (742634.999, 54), (742635, 0), (742769.999, 54), (742770, 0), (742904.999, 54), (742905, 0), (743039.999, 54), (743040, 0), (743174.999, 54), (743175, 0), (743309.999, 54), (743310, 0), (743444.999, 54), (743445, 0), (743579.999, 54), (743580, 0), (743714.999, 54), (743715, 0), (743849.999, 54), (743850, 0), (743984.999, 54), (743985, 0), (744119.999, 54), (744120, 0), (744254.999, 54), (744255, 0), (744389.999, 54), (744390, 0), (744524.999, 54), (744525, 0), (744659.999, 54), (744660, 0), (744794.999, 54), (744795, 0), (744929.999, 54), (744930, 0), (745064.999, 54), (745065, 0), (745199.999, 54), (745200, 0), (745334.999, 54), (745335, 0), (745469.999, 54), (745470, 0), (745604.999, 54), (745605, 0), (745739.999, 54), (745740, 0), (745874.999, 54), (745875, 0), (746009.999, 54), (746010, 0), (746144.999, 54), (746145, 0), (746279.999, 54), (746280, 0), (746414.999, 54), (746415, 0), (746549.999, 54), (746550, 0), (746684.999, 54), (746685, 0), (746819.999, 54), (746820, 0), (746954.999, 54), (746955, 0), (747089.999, 54), (747090, 0), (747224.999, 54), (747225, 0), (747359.999, 54), (747360, 0), (747494.999, 54), (747495, 0), (747629.999, 54), (747630, 0), (747764.999, 54), (747765, 0), (747899.999, 54), (747900, 0), (748034.999, 54), (748035, 0), (748169.999, 54), (748170, 0), (748304.999, 54), (748305, 0), (748439.999, 54), (748440, 0), (748574.999, 54), (748575, 0), (748709.999, 54), (748710, 0), (748844.999, 54), (748845, 0), (748979.999, 54), (748980, 0), (749114.999, 54), (749115, 0), (749249.999, 54), (749250, 0), (749384.999, 54), (749385, 0), (749519.999, 54), (749520, 0), (749654.999, 54), (749655, 0), (749789.999, 54), (749790, 0), (749924.999, 54), (749925, 0), (750059.999, 54), (750060, 0), (750194.999, 54), (750195, 0), (750329.999, 54), (750330, 0), (750464.999, 54), (750465, 0), (750599.999, 54), (750600, 0), (750734.999, 54), (750735, 0), (750869.999, 54), (750870, 0), (751004.999, 54), (751005, 0), (751139.999, 54), (751140, 0), (751274.999, 54), (751275, 0), (751409.999, 54), (751410, 0), (751544.999, 54), (751545, 0), (751679.999, 54), (751680, 0), (751814.999, 54), (751815, 0), (751949.999, 54), (751950, 0), (752084.999, 54), (752085, 0), (752219.999, 54), (752220, 0), (752354.999, 54), (752355, 0), (752489.999, 54), (752490, 0), (752624.999, 54), (752625, 0), (752759.999, 54), (752760, 0), (752894.999, 54), (752895, 0), (753029.999, 54), (753030, 0), (753164.999, 54), (753165, 0), (753299.999, 54), (753300, 0), (753434.999, 54), (753435, 0), (753569.999, 54), (753570, 0), (753704.999, 54), (753705, 0), (753839.999, 54), (753840, 0), (753974.999, 54), (753975, 0), (754109.999, 54), (754110, 0), (754244.999, 54), (754245, 0), (754379.999, 54), (754380, 0), (754514.999, 54), (754515, 0), (754649.999, 54), (754650, 0), (754784.999, 54), (754785, 0), (754919.999, 54), (754920, 0), (755054.999, 54), (755055, 0), (755189.999, 54), (755190, 0), (755324.999, 54), (755325, 0), (755459.999, 54), (755460, 0), (755594.999, 54), (755595, 0), (755729.999, 54), (755730, 0), (755864.999, 54), (755865, 0), (755999.999, 54), (756000, 0), (756134.999, 54), (756135, 0), (756269.999, 54), (756270, 0), (756404.999, 54), (756405, 0), (756539.999, 54), (756540, 0), (756674.999, 54), (756675, 0), (756809.999, 54), (756810, 0), (756944.999, 54), (756945, 0), (757079.999, 54), (757080, 0), (757214.999, 54), (757215, 0), (757349.999, 54), (757350, 0), (757484.999, 54), (757485, 0), (757619.999, 54), (757620, 0), (757754.999, 54), (757755, 0), (757889.999, 54), (757890, 0), (758024.999, 54), (758025, 0), (758159.999, 54), (758160, 0), (758294.999, 54), (758295, 0), (758429.999, 54), (758430, 0), (758564.999, 54), (758565, 0), (758699.999, 54), (758700, 0), (758834.999, 54), (758835, 0), (758969.999, 54), (758970, 0), (759104.999, 54), (759105, 0), (759239.999, 54), (759240, 0), (759374.999, 54), (759375, 0), (759509.999, 54), (759510, 0), (759644.999, 54), (759645, 0), (759779.999, 54), (759780, 0), (759914.999, 54), (759915, 0), (760049.999, 54), (760050, 0), (760184.999, 54), (760185, 0), (760319.999, 54), (760320, 0), (760454.999, 54), (760455, 0), (760589.999, 54), (760590, 0), (760724.999, 54), (760725, 0), (760859.999, 54), (760860, 0), (760994.999, 54), (760995, 0), (761129.999, 54), (761130, 0), (761264.999, 54), (761265, 0), (761399.999, 54), (761400, 0), (761534.999, 54), (761535, 0), (761669.999, 54), (761670, 0), (761804.999, 54), (761805, 0), (761939.999, 54), (761940, 0), (762074.999, 54), (762075, 0), (762209.999, 54), (762210, 0), (762344.999, 54), (762345, 0), (762479.999, 54), (762480, 0), (762614.999, 54), (762615, 0), (762749.999, 54), (762750, 0), (762884.999, 54), (762885, 0), (763019.999, 54), (763020, 0), (763154.999, 54), (763155, 0), (763289.999, 54), (763290, 0), (763424.999, 54), (763425, 0), (763559.999, 54), (763560, 0), (763694.999, 54), (763695, 0), (763829.999, 54), (763830, 0), (763964.999, 54), (763965, 0), (764099.999, 54), (764100, 0), (764234.999, 54), (764235, 0), (764369.999, 54), (764370, 0), (764504.999, 54), (764505, 0), (764639.999, 54), (764640, 0), (764774.999, 54), (764775, 0), (764909.999, 54), (764910, 0), (765044.999, 54), (765045, 0), (765179.999, 54), (765180, 0), (765314.999, 54), (765315, 0), (765449.999, 54), (765450, 0), (765584.999, 54), (765585, 0), (765719.999, 54), (765720, 0), (765854.999, 54), (765855, 0), (765989.999, 54), (765990, 0), (766124.999, 54), (766125, 0), (766259.999, 54), (766260, 0), (766394.999, 54), (766395, 0), (766529.999, 54), (766530, 0), (766664.999, 54), (766665, 0), (766799.999, 54), (766800, 0), (766934.999, 54), (766935, 0), (767069.999, 54), (767070, 0), (767204.999, 54), (767205, 0), (767339.999, 54), (767340, 0), (767474.999, 54), (767475, 0), (767609.999, 54), (767610, 0), (767744.999, 54), (767745, 0), (767879.999, 54), (767880, 0), (768014.999, 54), (768015, 0), (768149.999, 54), (768150, 0), (768284.999, 54), (768285, 0), (768419.999, 54), (768420, 0), (768554.999, 54), (768555, 0), (768689.999, 54), (768690, 0), (768824.999, 54), (768825, 0), (768959.999, 54), (768960, 0), (769094.999, 54), (769095, 0), (769229.999, 54), (769230, 0), (769364.999, 54), (769365, 0), (769499.999, 54), (769500, 0), (769634.999, 54), (769635, 0), (769769.999, 54), (769770, 0), (769904.999, 54), (769905, 0), (770039.999, 54), (770040, 0), (770174.999, 54), (770175, 0), (770309.999, 54), (770310, 0), (770444.999, 54), (770445, 0), (770579.999, 54), (770580, 0), (770714.999, 54), (770715, 0), (770849.999, 54), (770850, 0), (770984.999, 54), (770985, 0), (771119.999, 54), (771120, 0), (771254.999, 54), (771255, 0), (771389.999, 54), (771390, 0), (771524.999, 54), (771525, 0), (771659.999, 54), (771660, 0), (771794.999, 54), (771795, 0), (771929.999, 54), (771930, 0), (772064.999, 54), (772065, 0), (772199.999, 54), (772200, 0), (772334.999, 54), (772335, 0), (772469.999, 54), (772470, 0), (772604.999, 54), (772605, 0), (772739.999, 54), (772740, 0), (772874.999, 54), (772875, 0), (773009.999, 54), (773010, 0), (773144.999, 54), (773145, 0), (773279.999, 54), (773280, 0), (773414.999, 54), (773415, 0), (773549.999, 54), (773550, 0), (773684.999, 54), (773685, 0), (773819.999, 54), (773820, 0), (773954.999, 54), (773955, 0), (774089.999, 54), (774090, 0), (774224.999, 54), (774225, 0), (774359.999, 54), (774360, 0), (774494.999, 54), (774495, 0), (774629.999, 54), (774630, 0), (774764.999, 54), (774765, 0), (774899.999, 54), (774900, 0), (775034.999, 54), (775035, 0), (775169.999, 54), (775170, 0), (775304.999, 54), (775305, 0), (775439.999, 54), (775440, 0), (775574.999, 54), (775575, 0), (775709.999, 54), (775710, 0), (775844.999, 54), (775845, 0), (775979.999, 54), (775980, 0), (776114.999, 54), (776115, 0), (776249.999, 54), (776250, 0), (776384.999, 54), (776385, 0), (776519.999, 54), (776520, 0), (776654.999, 54), (776655, 0), (776789.999, 54), (776790, 0), (776924.999, 54), (776925, 0), (777059.999, 54), (777060, 0), (777194.999, 54), (777195, 0), (777329.999, 54), (777330, 0), (777464.999, 54), (777465, 0), (777599.999, 54), (777600, 0), (777734.999, 54), (777735, 0), (777869.999, 54), (777870, 0), (778004.999, 54), (778005, 0), (778139.999, 54), (778140, 0), (778274.999, 54), (778275, 0), (778409.999, 54), (778410, 0), (778544.999, 54), (778545, 0), (778679.999, 54), (778680, 0), (778814.999, 54), (778815, 0), (778949.999, 54), (778950, 0), (779084.999, 54), (779085, 0), (779219.999, 54), (779220, 0), (779354.999, 54), (779355, 0), (779489.999, 54), (779490, 0), (779624.999, 54), (779625, 0), (779759.999, 54), (779760, 0), (779894.999, 54), (779895, 0), (780029.999, 54), (780030, 0), (780164.999, 54), (780165, 0), (780299.999, 54), (780300, 0), (780434.999, 54), (780435, 0), (780569.999, 54), (780570, 0), (780704.999, 54), (780705, 0), (780839.999, 54), (780840, 0), (780974.999, 54), (780975, 0), (781109.999, 54), (781110, 0), (781244.999, 54), (781245, 0), (781379.999, 54), (781380, 0), (781514.999, 54), (781515, 0), (781649.999, 54), (781650, 0), (781784.999, 54), (781785, 0), (781919.999, 54), (781920, 0), (782054.999, 54), (782055, 0), (782189.999, 54), (782190, 0), (782324.999, 54), (782325, 0), (782459.999, 54), (782460, 0), (782594.999, 54), (782595, 0), (782729.999, 54), (782730, 0), (782864.999, 54), (782865, 0), (782999.999, 54), (783000, 0), (783134.999, 54), (783135, 0), (783269.999, 54), (783270, 0), (783404.999, 54), (783405, 0), (783539.999, 54), (783540, 0), (783674.999, 54), (783675, 0), (783809.999, 54), (783810, 0), (783944.999, 54), (783945, 0), (784079.999, 54), (784080, 0), (784214.999, 54), (784215, 0), (784349.999, 54), (784350, 0), (784484.999, 54), (784485, 0), (784619.999, 54), (784620, 0), (784754.999, 54), (784755, 0), (784889.999, 54), (784890, 0), (785024.999, 54), (785025, 0), (785159.999, 54), (785160, 0), (785294.999, 54), (785295, 0), (785429.999, 54), (785430, 0), (785564.999, 54), (785565, 0), (785699.999, 54), (785700, 0), (785834.999, 54), (785835, 0), (785969.999, 54), (785970, 0), (786104.999, 54), (786105, 0), (786239.999, 54), (786240, 0), (786374.999, 54), (786375, 0), (786509.999, 54), (786510, 0), (786644.999, 54), (786645, 0), (786779.999, 54), (786780, 0), (786914.999, 54), (786915, 0), (787049.999, 54), (787050, 0), (787184.999, 54), (787185, 0), (787319.999, 54), (787320, 0), (787454.999, 54), (787455, 0), (787589.999, 54), (787590, 0), (787724.999, 54), (787725, 0), (787859.999, 54), (787860, 0), (787994.999, 54), (787995, 0), (788129.999, 54), (788130, 0), (788264.999, 54), (788265, 0), (788399.999, 54), (788400, 0), (788534.999, 54), (788535, 0), (788669.999, 54), (788670, 0), (788804.999, 54), (788805, 0), (788939.999, 54), (788940, 0), (789074.999, 54), (789075, 0), (789209.999, 54), (789210, 0), (789344.999, 54), (789345, 0), (789479.999, 54), (789480, 0), (789614.999, 54), (789615, 0), (789749.999, 54), (789750, 0), (789884.999, 54), (789885, 0), (790019.999, 54), (790020, 0), (790154.999, 54), (790155, 0), (790289.999, 54), (790290, 0), (790424.999, 54), (790425, 0), (790559.999, 54), (790560, 0), (790694.999, 54), (790695, 0), (790829.999, 54), (790830, 0), (790964.999, 54), (790965, 0), (791099.999, 54), (791100, 0), (791234.999, 54), (791235, 0), (791369.999, 54), (791370, 0), (791504.999, 54), (791505, 0), (791639.999, 54), (791640, 0), (791774.999, 54), (791775, 0), (791909.999, 54), (791910, 0), (792044.999, 54), (792045, 0), (792179.999, 54), (792180, 0), (792314.999, 54), (792315, 0), (792449.999, 54), (792450, 0), (792584.999, 54), (792585, 0), (792719.999, 54), (792720, 0), (792854.999, 54), (792855, 0), (792989.999, 54), (792990, 0), (793124.999, 54), (793125, 0), (793259.999, 54), (793260, 0), (793394.999, 54), (793395, 0), (793529.999, 54), (793530, 0), (793664.999, 54), (793665, 0), (793799.999, 54), (793800, 0), (793934.999, 54), (793935, 0), (794069.999, 54), (794070, 0), (794204.999, 54), (794205, 0), (794339.999, 54), (794340, 0), (794474.999, 54), (794475, 0), (794609.999, 54), (794610, 0), (794744.999, 54), (794745, 0), (794879.999, 54), (794880, 0), (795014.999, 54), (795015, 0), (795149.999, 54), (795150, 0), (795284.999, 54), (795285, 0), (795419.999, 54), (795420, 0), (795554.999, 54), (795555, 0), (795689.999, 54), (795690, 0), (795824.999, 54), (795825, 0), (795959.999, 54), (795960, 0), (796094.999, 54), (796095, 0), (796229.999, 54), (796230, 0), (796364.999, 54), (796365, 0), (796499.999, 54), (796500, 0), (796634.999, 54), (796635, 0), (796769.999, 54), (796770, 0), (796904.999, 54), (796905, 0), (797039.999, 54), (797040, 0), (797174.999, 54), (797175, 0), (797309.999, 54), (797310, 0), (797444.999, 54), (797445, 0), (797579.999, 54), (797580, 0), (797714.999, 54), (797715, 0), (797849.999, 54), (797850, 0), (797984.999, 54), (797985, 0), (798119.999, 54), (798120, 0), (798254.999, 54), (798255, 0), (798389.999, 54), (798390, 0), (798524.999, 54), (798525, 0), (798659.999, 54), (798660, 0), (798794.999, 54), (798795, 0), (798929.999, 54), (798930, 0), (799064.999, 54), (799065, 0), (799199.999, 54), (799200, 0), (799334.999, 54), (799335, 0), (799469.999, 54), (799470, 0), (799604.999, 54), (799605, 0), (799739.999, 54), (799740, 0), (799874.999, 54), (799875, 0), (800009.999, 54), (800010, 0), (800144.999, 54), (800145, 0), (800279.999, 54), (800280, 0), (800414.999, 54), (800415, 0), (800549.999, 54), (800550, 0), (800684.999, 54), (800685, 0), (800819.999, 54), (800820, 0), (800954.999, 54), (800955, 0), (801089.999, 54), (801090, 0), (801224.999, 54), (801225, 0), (801359.999, 54), (801360, 0), (801494.999, 54), (801495, 0), (801629.999, 54), (801630, 0), (801764.999, 54), (801765, 0), (801899.999, 54), (801900, 0), (802034.999, 54), (802035, 0), (802169.999, 54), (802170, 0), (802304.999, 54), (802305, 0), (802439.999, 54), (802440, 0), (802574.999, 54), (802575, 0), (802709.999, 54), (802710, 0), (802844.999, 54), (802845, 0), (802979.999, 54), (802980, 0), (803114.999, 54), (803115, 0), (803249.999, 54), (803250, 0), (803384.999, 54), (803385, 0), (803519.999, 54), (803520, 0), (803654.999, 54), (803655, 0), (803789.999, 54), (803790, 0), (803924.999, 54), (803925, 0), (804059.999, 54), (804060, 0), (804194.999, 54), (804195, 0), (804329.999, 54), (804330, 0), (804464.999, 54), (804465, 0), (804599.999, 54), (804600, 0), (804734.999, 54), (804735, 0), (804869.999, 54), (804870, 0), (805004.999, 54), (805005, 0), (805139.999, 54), (805140, 0), (805274.999, 54), (805275, 0), (805409.999, 54), (805410, 0), (805544.999, 54), (805545, 0), (805679.999, 54), (805680, 0), (805814.999, 54), (805815, 0), (805949.999, 54), (805950, 0), (806084.999, 54), (806085, 0), (806219.999, 54), (806220, 0), (806354.999, 54), (806355, 0), (806489.999, 54), (806490, 0), (806624.999, 54), (806625, 0), (806759.999, 54), (806760, 0), (806894.999, 54), (806895, 0), (807029.999, 54), (807030, 0), (807164.999, 54), (807165, 0), (807299.999, 54), (807300, 0), (807434.999, 54), (807435, 0), (807569.999, 54), (807570, 0), (807704.999, 54), (807705, 0), (807839.999, 54), (807840, 0), (807974.999, 54), (807975, 0), (808109.999, 54), (808110, 0), (808244.999, 54), (808245, 0), (808379.999, 54), (808380, 0), (808514.999, 54), (808515, 0), (808649.999, 54), (808650, 0), (808784.999, 54), (808785, 0), (808919.999, 54), (808920, 0), (809054.999, 54), (809055, 0), (809189.999, 54), (809190, 0), (809324.999, 54), (809325, 0), (809459.999, 54), (809460, 0), (809594.999, 54), (809595, 0), (809729.999, 54), (809730, 0), (809864.999, 54), (809865, 0), (809999.999, 54), (810000, 0), (810134.999, 54), (810135, 0), (810269.999, 54), (810270, 0), (810404.999, 54), (810405, 0), (810539.999, 54), (810540, 0), (810674.999, 54), (810675, 0), (810809.999, 54), (810810, 0), (810944.999, 54), (810945, 0), (811079.999, 54), (811080, 0), (811214.999, 54), (811215, 0), (811349.999, 54), (811350, 0), (811484.999, 54), (811485, 0), (811619.999, 54), (811620, 0), (811754.999, 54), (811755, 0), (811889.999, 54), (811890, 0), (812024.999, 54), (812025, 0), (812159.999, 54), (812160, 0), (812294.999, 54), (812295, 0), (812429.999, 54), (812430, 0), (812564.999, 54), (812565, 0), (812699.999, 54), (812700, 0), (812834.999, 54), (812835, 0), (812969.999, 54), (812970, 0), (813104.999, 54), (813105, 0), (813239.999, 54), (813240, 0), (813374.999, 54), (813375, 0), (813509.999, 54), (813510, 0), (813644.999, 54), (813645, 0), (813779.999, 54), (813780, 0), (813914.999, 54), (813915, 0), (814049.999, 54), (814050, 0), (814184.999, 54), (814185, 0), (814319.999, 54), (814320, 0), (814454.999, 54), (814455, 0), (814589.999, 54), (814590, 0), (814724.999, 54), (814725, 0), (814859.999, 54), (814860, 0), (814994.999, 54), (814995, 0), (815129.999, 54), (815130, 0), (815264.999, 54), (815265, 0), (815399.999, 54), (815400, 0), (815534.999, 54), (815535, 0), (815669.999, 54), (815670, 0), (815804.999, 54), (815805, 0), (815939.999, 54), (815940, 0), (816074.999, 54), (816075, 0), (816209.999, 54), (816210, 0), (816344.999, 54), (816345, 0), (816479.999, 54), (816480, 0), (816614.999, 54), (816615, 0), (816749.999, 54), (816750, 0), (816884.999, 54), (816885, 0), (817019.999, 54), (817020, 0), (817154.999, 54), (817155, 0), (817289.999, 54), (817290, 0), (817424.999, 54), (817425, 0), (817559.999, 54), (817560, 0), (817694.999, 54), (817695, 0), (817829.999, 54), (817830, 0), (817964.999, 54), (817965, 0), (818099.999, 54), (818100, 0), (818234.999, 54), (818235, 0), (818369.999, 54), (818370, 0), (818504.999, 54), (818505, 0), (818639.999, 54), (818640, 0), (818774.999, 54), (818775, 0), (818909.999, 54), (818910, 0), (819044.999, 54), (819045, 0), (819179.999, 54), (819180, 0), (819314.999, 54), (819315, 0), (819449.999, 54), (819450, 0), (819584.999, 54), (819585, 0), (819719.999, 54), (819720, 0), (819854.999, 54), (819855, 0), (819989.999, 54), (819990, 0), (820124.999, 54), (820125, 0), (820259.999, 54), (820260, 0), (820394.999, 54), (820395, 0), (820529.999, 54), (820530, 0), (820664.999, 54), (820665, 0), (820799.999, 54), (820800, 0), (820934.999, 54), (820935, 0), (821069.999, 54), (821070, 0), (821204.999, 54), (821205, 0), (821339.999, 54), (821340, 0), (821474.999, 54), (821475, 0), (821609.999, 54), (821610, 0), (821744.999, 54), (821745, 0), (821879.999, 54), (821880, 0), (822014.999, 54), (822015, 0), (822149.999, 54), (822150, 0), (822284.999, 54), (822285, 0), (822419.999, 54), (822420, 0), (822554.999, 54), (822555, 0), (822689.999, 54), (822690, 0), (822824.999, 54), (822825, 0), (822959.999, 54), (822960, 0), (823094.999, 54), (823095, 0), (823229.999, 54), (823230, 0), (823364.999, 54), (823365, 0), (823499.999, 54), (823500, 0), (823634.999, 54), (823635, 0), (823769.999, 54), (823770, 0), (823904.999, 54), (823905, 0), (824039.999, 54), (824040, 0), (824174.999, 54), (824175, 0), (824309.999, 54), (824310, 0), (824444.999, 54), (824445, 0), (824579.999, 54), (824580, 0), (824714.999, 54), (824715, 0), (824849.999, 54), (824850, 0), (824984.999, 54), (824985, 0), (825119.999, 54), (825120, 0), (825254.999, 54), (825255, 0), (825389.999, 54), (825390, 0), (825524.999, 54), (825525, 0), (825659.999, 54), (825660, 0), (825794.999, 54), (825795, 0), (825929.999, 54), (825930, 0), (826064.999, 54), (826065, 0), (826199.999, 54), (826200, 0), (826334.999, 54), (826335, 0), (826469.999, 54), (826470, 0), (826604.999, 54), (826605, 0), (826739.999, 54), (826740, 0), (826874.999, 54), (826875, 0), (827009.999, 54), (827010, 0), (827144.999, 54), (827145, 0), (827279.999, 54), (827280, 0), (827414.999, 54), (827415, 0), (827549.999, 54), (827550, 0), (827684.999, 54), (827685, 0), (827819.999, 54), (827820, 0), (827954.999, 54), (827955, 0), (828089.999, 54), (828090, 0), (828224.999, 54), (828225, 0), (828359.999, 54), (828360, 0), (828494.999, 54), (828495, 0), (828629.999, 54), (828630, 0), (828764.999, 54), (828765, 0), (828899.999, 54), (828900, 0), (829034.999, 54), (829035, 0), (829169.999, 54), (829170, 0), (829304.999, 54), (829305, 0), (829439.999, 54), (829440, 0), (829574.999, 54), (829575, 0), (829709.999, 54), (829710, 0), (829844.999, 54), (829845, 0), (829979.999, 54), (829980, 0), (830114.999, 54), (830115, 0), (830249.999, 54), (830250, 0), (830384.999, 54), (830385, 0), (830519.999, 54), (830520, 0), (830654.999, 54), (830655, 0), (830789.999, 54), (830790, 0), (830924.999, 54), (830925, 0), (831059.999, 54), (831060, 0), (831194.999, 54), (831195, 0), (831329.999, 54), (831330, 0), (831464.999, 54), (831465, 0), (831599.999, 54), (831600, 0), (831734.999, 54), (831735, 0), (831869.999, 54), (831870, 0), (832004.999, 54), (832005, 0), (832139.999, 54), (832140, 0), (832274.999, 54), (832275, 0), (832409.999, 54), (832410, 0), (832544.999, 54), (832545, 0), (832679.999, 54), (832680, 0), (832814.999, 54), (832815, 0), (832949.999, 54), (832950, 0), (833084.999, 54), (833085, 0), (833219.999, 54), (833220, 0), (833354.999, 54), (833355, 0), (833489.999, 54), (833490, 0), (833624.999, 54), (833625, 0), (833759.999, 54), (833760, 0), (833894.999, 54), (833895, 0), (834029.999, 54), (834030, 0), (834164.999, 54), (834165, 0), (834299.999, 54), (834300, 0), (834434.999, 54), (834435, 0), (834569.999, 54), (834570, 0), (834704.999, 54), (834705, 0), (834839.999, 54), (834840, 0), (834974.999, 54), (834975, 0), (835109.999, 54), (835110, 0), (835244.999, 54), (835245, 0), (835379.999, 54), (835380, 0), (835514.999, 54), (835515, 0), (835649.999, 54), (835650, 0), (835784.999, 54), (835785, 0), (835919.999, 54), (835920, 0), (836054.999, 54), (836055, 0), (836189.999, 54), (836190, 0), (836324.999, 54), (836325, 0), (836459.999, 54), (836460, 0), (836594.999, 54), (836595, 0), (836729.999, 54), (836730, 0), (836864.999, 54), (836865, 0), (836999.999, 54), (837000, 0), (837134.999, 54), (837135, 0), (837269.999, 54), (837270, 0), (837404.999, 54), (837405, 0), (837539.999, 54), (837540, 0), (837674.999, 54), (837675, 0), (837809.999, 54), (837810, 0), (837944.999, 54), (837945, 0), (838079.999, 54), (838080, 0), (838214.999, 54), (838215, 0), (838349.999, 54), (838350, 0), (838484.999, 54), (838485, 0), (838619.999, 54), (838620, 0), (838754.999, 54), (838755, 0), (838889.999, 54), (838890, 0), (839024.999, 54), (839025, 0), (839159.999, 54), (839160, 0), (839294.999, 54), (839295, 0), (839429.999, 54), (839430, 0), (839564.999, 54), (839565, 0), (839699.999, 54), (839700, 0), (839834.999, 54), (839835, 0), (839969.999, 54), (839970, 0), (840104.999, 54), (840105, 0), (840239.999, 54), (840240, 0), (840374.999, 54), (840375, 0), (840509.999, 54), (840510, 0), (840644.999, 54), (840645, 0), (840779.999, 54), (840780, 0), (840914.999, 54), (840915, 0), (841049.999, 54), (841050, 0), (841184.999, 54), (841185, 0), (841319.999, 54), (841320, 0), (841454.999, 54), (841455, 0), (841589.999, 54), (841590, 0), (841724.999, 54), (841725, 0), (841859.999, 54), (841860, 0), (841994.999, 54), (841995, 0), (842129.999, 54), (842130, 0), (842264.999, 54), (842265, 0), (842399.999, 54), (842400, 0), (842534.999, 54), (842535, 0), (842669.999, 54), (842670, 0), (842804.999, 54), (842805, 0), (842939.999, 54), (842940, 0), (843074.999, 54), (843075, 0), (843209.999, 54), (843210, 0), (843344.999, 54), (843345, 0), (843479.999, 54), (843480, 0), (843614.999, 54), (843615, 0), (843749.999, 54), (843750, 0), (843884.999, 54), (843885, 0), (844019.999, 54), (844020, 0), (844154.999, 54), (844155, 0), (844289.999, 54), (844290, 0), (844424.999, 54), (844425, 0), (844559.999, 54), (844560, 0), (844694.999, 54), (844695, 0), (844829.999, 54), (844830, 0), (844964.999, 54), (844965, 0), (845099.999, 54), (845100, 0), (845234.999, 54), (845235, 0), (845369.999, 54), (845370, 0), (845504.999, 54), (845505, 0), (845639.999, 54), (845640, 0), (845774.999, 54), (845775, 0), (845909.999, 54), (845910, 0), (846044.999, 54), (846045, 0), (846179.999, 54), (846180, 0), (846314.999, 54), (846315, 0), (846449.999, 54), (846450, 0), (846584.999, 54), (846585, 0), (846719.999, 54), (846720, 0), (846854.999, 54), (846855, 0), (846989.999, 54), (846990, 0), (847124.999, 54), (847125, 0), (847259.999, 54), (847260, 0), (847394.999, 54), (847395, 0), (847529.999, 54), (847530, 0), (847664.999, 54), (847665, 0), (847799.999, 54), (847800, 0), (847934.999, 54), (847935, 0), (848069.999, 54), (848070, 0), (848204.999, 54), (848205, 0), (848339.999, 54), (848340, 0), (848474.999, 54), (848475, 0), (848609.999, 54), (848610, 0), (848744.999, 54), (848745, 0), (848879.999, 54), (848880, 0), (849014.999, 54), (849015, 0), (849149.999, 54), (849150, 0), (849284.999, 54), (849285, 0), (849419.999, 54), (849420, 0), (849554.999, 54), (849555, 0), (849689.999, 54), (849690, 0), (849824.999, 54), (849825, 0), (849959.999, 54), (849960, 0), (850094.999, 54), (850095, 0), (850229.999, 54), (850230, 0), (850364.999, 54), (850365, 0), (850499.999, 54), (850500, 0), (850634.999, 54), (850635, 0), (850769.999, 54), (850770, 0), (850904.999, 54), (850905, 0), (851039.999, 54), (851040, 0), (851174.999, 54), (851175, 0), (851309.999, 54), (851310, 0), (851444.999, 54), (851445, 0), (851579.999, 54), (851580, 0), (851714.999, 54), (851715, 0), (851849.999, 54), (851850, 0), (851984.999, 54), (851985, 0), (852119.999, 54), (852120, 0), (852254.999, 54), (852255, 0), (852389.999, 54), (852390, 0), (852524.999, 54), (852525, 0), (852659.999, 54), (852660, 0), (852794.999, 54), (852795, 0), (852929.999, 54), (852930, 0), (853064.999, 54), (853065, 0), (853199.999, 54), (853200, 0), (853334.999, 54), (853335, 0), (853469.999, 54), (853470, 0), (853604.999, 54), (853605, 0), (853739.999, 54), (853740, 0), (853874.999, 54), (853875, 0), (854009.999, 54), (854010, 0), (854144.999, 54), (854145, 0), (854279.999, 54), (854280, 0), (854414.999, 54), (854415, 0), (854549.999, 54), (854550, 0), (854684.999, 54), (854685, 0), (854819.999, 54), (854820, 0), (854954.999, 54), (854955, 0), (855089.999, 54), (855090, 0), (855224.999, 54), (855225, 0), (855359.999, 54), (855360, 0), (855494.999, 54), (855495, 0), (855629.999, 54), (855630, 0), (855764.999, 54), (855765, 0), (855899.999, 54), (855900, 0), (856034.999, 54), (856035, 0), (856169.999, 54), (856170, 0), (856304.999, 54), (856305, 0), (856439.999, 54), (856440, 0), (856574.999, 54), (856575, 0), (856709.999, 54), (856710, 0), (856844.999, 54), (856845, 0), (856979.999, 54), (856980, 0), (857114.999, 54), (857115, 0), (857249.999, 54), (857250, 0), (857384.999, 54), (857385, 0), (857519.999, 54), (857520, 0), (857654.999, 54), (857655, 0), (857789.999, 54), (857790, 0), (857924.999, 54), (857925, 0), (858059.999, 54), (858060, 0), (858194.999, 54), (858195, 0), (858329.999, 54), (858330, 0), (858464.999, 54), (858465, 0), (858599.999, 54), (858600, 0), (858734.999, 54), (858735, 0), (858869.999, 54), (858870, 0), (859004.999, 54), (859005, 0), (859139.999, 54), (859140, 0), (859274.999, 54), (859275, 0), (859409.999, 54), (859410, 0), (859544.999, 54), (859545, 0), (859679.999, 54), (859680, 0), (859814.999, 54), (859815, 0), (859949.999, 54), (859950, 0), (860084.999, 54), (860085, 0), (860219.999, 54), (860220, 0), (860354.999, 54), (860355, 0), (860489.999, 54), (860490, 0), (860624.999, 54), (860625, 0), (860759.999, 54), (860760, 0), (860894.999, 54), (860895, 0), (861029.999, 54), (861030, 0), (861164.999, 54), (861165, 0), (861299.999, 54), (861300, 0), (861434.999, 54), (861435, 0), (861569.999, 54), (861570, 0), (861704.999, 54), (861705, 0), (861839.999, 54), (861840, 0), (861974.999, 54), (861975, 0), (862109.999, 54), (862110, 0), (862244.999, 54), (862245, 0), (862379.999, 54), (862380, 0), (862514.999, 54), (862515, 0), (862649.999, 54), (862650, 0), (862784.999, 54), (862785, 0), (862919.999, 54), (862920, 0), (863054.999, 54), (863055, 0), (863189.999, 54), (863190, 0), (863324.999, 54), (863325, 0), (863459.999, 54), (863460, 0), (863594.999, 54), (863595, 0), (863729.999, 54), (863730, 0), (863864.999, 54), (863865, 0), (863999.999, 54), (864000, 0)]
                    }
                }
                prepend references = @../Models/Nathan/isaac_gltf/nathan_walking_gltf.usd@</World>
            )
            {
                double3 xformOp:scale = (0.01, 0.01, 0.01)
                uniform token[] xformOpOrder = ["xformOp:scale"]
            }

            def Capsule "Nathan_LidarCollider" (
                prepend apiSchemas = ["PhysicsCollisionAPI"]
            )
            {
                uniform token axis = "Z"
                double height = 1.1
                bool physics:collisionEnabled = 1
                double radius = 0.35
                token visibility = "invisible"
                double3 xformOp:translate = (0, 0, 0.85)
                uniform token[] xformOpOrder = ["xformOp:translate"]
            }
        }
    }

    over "CleanRobot"
    {
        over "chassis_link"
        {
            string isaac:nameOverride = "chassis_link"
        }

        over "Manipulator"
        {
            over "M0609"
            {
                over "base_link"
                {
                    string isaac:nameOverride = "base_link"

                    over "joint_1"
                    {
                        float state:angular:physics:position = 0
                        float state:angular:physics:velocity = 0
                    }
                }

                over "Gripper"
                {
                    over "angle_bracket"
                    {
                        def Xform "grasp_tcp"
                        {
                            quatd xformOp:orient = (1, 0, 0, 0)
                            double3 xformOp:scale = (1, 1, 1)
                            double3 xformOp:translate = (-0.000024184240739799634, -0.005789008349225355, 0.1965088394196901)
                            uniform token[] xformOpOrder = ["xformOp:translate", "xformOp:orient", "xformOp:scale"]
                        }

                        over "WristD455"
                        {
                            over "RSD455"
                            {
                                over "Camera_Pseudo_Depth"
                                {
                                    over "cobot3_wrist_color_optical_frame"
                                    {
                                        double3 xformOp:rotateZYX = (180, 0, 0)
                                        double3 xformOp:scale = (1, 1, 1)
                                        double3 xformOp:translate = (0, 0, 0)
                                        uniform token[] xformOpOrder = ["xformOp:translate", "xformOp:rotateZYX", "xformOp:scale"]
                                    }

                                    over "cobot3_wrist_depth_optical_frame"
                                    {
                                        double3 xformOp:rotateZYX = (180, 0, 0)
                                        double3 xformOp:scale = (1, 1, 1)
                                        double3 xformOp:translate = (0, 0, 0)
                                        uniform token[] xformOpOrder = ["xformOp:translate", "xformOp:rotateZYX", "xformOp:scale"]
                                    }
                                }
                            }
                        }
                    }

                    over "quick_changer"
                    {
                    }

                    over "gripper_body"
                    {
                    }

                    over "right_outer_knuckle"
                    {
                    }

                    over "right_inner_finger"
                    {
                    }

                    over "left_inner_knuckle"
                    {
                    }

                    over "left_outer_knuckle"
                    {
                    }

                    over "left_inner_finger"
                    {
                    }

                    over "right_inner_knuckle"
                    {
                    }

                    over "joints"
                    {
                        over "finger_joint"
                        {
                            float state:angular:physics:position = 0
                            float state:angular:physics:velocity = 0
                        }

                        over "left_inner_knuckle_joint"
                        {
                            float state:angular:physics:position = 0
                            float state:angular:physics:velocity = 0
                        }

                        over "left_outer_knuckle_joint"
                        {
                            float state:angular:physics:position = 0
                            float state:angular:physics:velocity = 0
                        }

                        over "right_inner_knuckle_joint"
                        {
                            float state:angular:physics:position = 0
                            float state:angular:physics:velocity = 0
                        }

                        over "right_inner_finger_joint"
                        {
                            float state:angular:physics:position = 0
                            float state:angular:physics:velocity = 0
                        }

                        over "left_inner_finger_joint"
                        {
                            float state:angular:physics:position = 0
                            float state:angular:physics:velocity = 0
                        }
                    }
                }

                over "base"
                {
                }

                over "link_1"
                {
                    over "joint_2"
                    {
                        float state:angular:physics:position = 0
                        float state:angular:physics:velocity = 0
                    }
                }

                over "link_2"
                {
                    over "joint_3"
                    {
                        float state:angular:physics:position = 90
                        float state:angular:physics:velocity = 0
                    }
                }

                over "link_3"
                {
                    over "joint_4"
                    {
                        float state:angular:physics:position = 0
                        float state:angular:physics:velocity = 0
                    }
                }

                over "link_4"
                {
                    over "joint_5"
                    {
                        float state:angular:physics:position = 90
                        float state:angular:physics:velocity = 0
                    }
                }

                over "link_5"
                {
                    over "joint_6"
                    {
                        float state:angular:physics:position = 0
                        float state:angular:physics:velocity = 0
                    }
                }

                over "link_6"
                {
                }

                over "tool0"
                {
                }
            }
        }

        over "ROS"
        {
            over "CameraGraph"
            {
                over "ros2_context"
                {
                    uchar inputs:domain_id = 108
                    bool inputs:useDomainIDEnvVar = 0
                }
            }

            over "Lidar2DGraph"
            {
                over "ros2_context"
                {
                    uchar inputs:domain_id = 108
                    bool inputs:useDomainIDEnvVar = 0
                }

                over "publish_odometry"
                {
                    string inputs:chassisFrameId = "tf_amr"
                    string inputs:odomFrameId = "odom"
                }

                over "publish_odom_to_base_link"
                {
                    string inputs:childFrameId = "tf_amr"
                    string inputs:parentFrameId = "odom"
                }

                over "publish_tf_amr_to_chassis" (
                    active = true
                )
                {
                    string inputs:childFrameId = "chassis_link"
                    string inputs:parentFrameId = "tf_amr"
                    quatd inputs:rotation = (1, 0, 0, 0)
                    bool inputs:staticPublisher = 1
                    string inputs:topicName = "/tf_static"
                    double3 inputs:translation = (0, 0, 0)
                }

                over "publish_base_to_tf_robotarm" (
                    active = true
                )
                {
                    string inputs:childFrameId = "tf_robotarm"
                    string inputs:parentFrameId = "base_link"
                    quatd inputs:rotation = (1, 0, 0, 0)
                    bool inputs:staticPublisher = 1
                    string inputs:topicName = "/tf_static"
                    double3 inputs:translation = (0, 0, 0)
                }

                over "compute_odometry"
                {
                    rel inputs:chassisPrim = </World/CleanRobot/chassis_link>
                }

                over "differential_controller"
                {
                    double inputs:maxAngularSpeed = 0.6
                    double inputs:maxLinearSpeed = 0.7
                    double inputs:wheelDistance = 0.4132
                    double inputs:wheelRadius = 0.14
                }

                over "front_lidar_publish_scan"
                {
                    string inputs:topicName = "/cobot3/front/scan_unfiltered"
                }

                over "rear_lidar_publish_scan"
                {
                    string inputs:topicName = "/cobot3/rear/scan_unfiltered"
                }

                over "publish_robot_transform_tree" (
                    active = true
                )
                {
                    rel inputs:parentPrim = </World/CleanRobot/chassis_link>
                    bool inputs:staticPublisher = 0
                    rel inputs:targetPrims = [
                        </World/CleanRobot/chassis_link>,
                        </World/CleanRobot/chassis_link/ProjectSensors/FrontD455/RSD455/Camera_Pseudo_Depth/cobot3_amr_camera_optical_frame>,
                        </World/CleanRobot/chassis_link/sensors/front_RPLidar/RPLidar_S2E/front_lidar_link>,
                        </World/CleanRobot/chassis_link/sensors/rear_RPLidar/RPLidar_S2E/rear_lidar_link>,
                        </World/CleanRobot/Manipulator/M0609/base_link>,
                        </World/CleanRobot/Manipulator/M0609/link_6>,
                        </World/CleanRobot/Manipulator/M0609/tool0>,
                        </World/CleanRobot/Manipulator/M0609/Gripper/angle_bracket/WristD455/RSD455/Camera_Pseudo_Depth/cobot3_wrist_color_optical_frame>,
                        </World/CleanRobot/Manipulator/M0609/Gripper/angle_bracket/WristD455/RSD455/Camera_Pseudo_Depth/cobot3_wrist_depth_optical_frame>,
                        </World/CleanRobot/Manipulator/M0609/Gripper/angle_bracket/grasp_tcp>,
                    ]
                    string inputs:topicName = "/tf"
                }

                over "publish_chassis_sensor_transform_tree" (
                    active = false
                )
                {
                }

                over "publish_wrist_camera_transform_tree" (
                    active = false
                )
                {
                }
            }

            over "Lidar3DGraph"
            {
                over "ros2_context"
                {
                    uchar inputs:domain_id = 112
                    bool inputs:useDomainIDEnvVar = 0
                }
            }

            over "ClockGraph"
            {
                over "ros2_context"
                {
                    uchar inputs:domain_id = 108
                    bool inputs:useDomainIDEnvVar = 0
                }
            }

            over "JointStatesGraph"
            {
                over "Context"
                {
                    uchar inputs:domain_id = 108
                    bool inputs:useDomainIDEnvVar = 0
                }
            }

            def OmniGraph "ArmControlGraph"
            {
                token evaluationMode = "Automatic"
                token evaluator:type = "execution"
                token fabricCacheBacking = "StageWithoutHistory"
                int2 fileFormatVersion = (1, 9)
                token pipelineStage = "pipelineStageSimulation"

                def OmniGraphNode "OnPlaybackTick"
                {
                    token node:type = "omni.graph.action.OnPlaybackTick"
                    int node:typeVersion = 2
                    custom double outputs:deltaSeconds
                    custom double outputs:frame
                    custom uint outputs:tick (
                        customData = {
                            bool isExecution = 1
                        }
                    )
                    custom double outputs:time
                }

                def OmniGraphNode "Context"
                {
                    custom uchar inputs:domain_id = 112
                    custom bool inputs:useDomainIDEnvVar = 0
                    token node:type = "isaacsim.ros2.bridge.ROS2Context"
                    int node:typeVersion = 2
                    custom uint64 outputs:context
                }

                def OmniGraphNode "SubscribeJointState"
                {
                    custom uint64 inputs:context
                    uint64 inputs:context.connect = </World/CleanRobot/ROS/ArmControlGraph/Context.outputs:context>
                    custom uint inputs:execIn (
                        customData = {
                            bool isExecution = 1
                        }
                    )
                    uint inputs:execIn.connect = </World/CleanRobot/ROS/ArmControlGraph/OnPlaybackTick.outputs:tick>
                    custom string inputs:nodeNamespace = ""
                    custom string inputs:qosProfile = ""
                    custom uint64 inputs:queueSize = 10
                    custom string inputs:topicName = "/robot_arm/joint_command"
                    token node:type = "isaacsim.ros2.bridge.ROS2SubscribeJointState"
                    int node:typeVersion = 2
                    custom double[] outputs:effortCommand
                    custom uint outputs:execOut (
                        customData = {
                            bool isExecution = 1
                        }
                    )
                    custom token[] outputs:jointNames
                    custom double[] outputs:positionCommand
                    custom double outputs:timeStamp
                    custom double[] outputs:velocityCommand
                }

                def OmniGraphNode "ArticulationController"
                {
                    custom double[] inputs:effortCommand
                    custom uint inputs:execIn (
                        customData = {
                            bool isExecution = 1
                        }
                    )
                    uint inputs:execIn.connect = </World/CleanRobot/ROS/ArmControlGraph/SubscribeJointState.outputs:execOut>
                    custom int[] inputs:jointIndices
                    custom token[] inputs:jointNames
                    token[] inputs:jointNames.connect = </World/CleanRobot/ROS/ArmControlGraph/SubscribeJointState.outputs:jointNames>
                    custom double[] inputs:positionCommand
                    double[] inputs:positionCommand.connect = </World/CleanRobot/ROS/ArmControlGraph/SubscribeJointState.outputs:positionCommand>
                    custom string inputs:robotPath = ""
                    custom rel inputs:targetPrim = </World/CleanRobot/chassis_link>
                    custom double[] inputs:velocityCommand
                    token node:type = "isaacsim.core.nodes.IsaacArticulationController"
                    int node:typeVersion = 1
                }
            }
        }

        over "caster_frame_base"
        {
        }

        over "caster_swivel_left"
        {
        }

        over "caster_wheel_left"
        {
        }

        over "caster_swivel_right"
        {
        }

        over "caster_wheel_right"
        {
        }

        over "wheel_left"
        {
        }

        over "wheel_right"
        {
        }

        over "joint_caster_base"
        {
            float state:angular:physics:position = 0
            float state:angular:physics:velocity = 0
        }

        over "joint_wheel_left"
        {
            float state:angular:physics:position = 0
            float state:angular:physics:velocity = 0
        }

        over "joint_wheel_right"
        {
            float state:angular:physics:position = 0
            float state:angular:physics:velocity = 0
        }

        over "joint_swing_left"
        {
            float state:angular:physics:position = 0
            float state:angular:physics:velocity = 0
        }

        over "joint_swing_right"
        {
            float state:angular:physics:position = 0
            float state:angular:physics:velocity = 0
        }

        over "joint_caster_left"
        {
            float state:angular:physics:position = 0
            float state:angular:physics:velocity = 0
        }

        over "joint_caster_right"
        {
            float state:angular:physics:position = 0
            float state:angular:physics:velocity = 0
        }
    }

    over "PhysicsScene" (
        prepend apiSchemas = ["PhysxSceneAPI"]
    )
    {
    }

    over "ParkEnvironment"
    {
        over "PickupTargets"
        {
            over "TrashSample_10_SodaCan_Blue"
            {
                over "Visual"
                {
                    over "model_root"
                    {
                        over "Object_0_0" (
                            active = false
                        )
                        {
                        }
                    }
                }
            }

            over "TrashSample_13_SodaCan_Red"
            {
            }

            over "TrashSample_20_PlasticBottle_Clear"
            {
                matrix4d xformOp:transform = ( (0.879318393237667, -0.3255118959400264, -0.3476221342589827, 0), (-0.3511156756952471, 0.05002117725773514, -0.9349950075304256, 0), (0.32174046599216904, 0.9442138882638613, -0.07030778807569517, 0), (-2.44456606081772, 0.508151377230193, 13.575694736698601, 1) )

                over "Visual"
                {
                    over "model_root"
                    {
                        over "Object_0_0"
                        {
                            bool physics:collisionEnabled = 0
                        }

                        over "Object_1_0"
                        {
                            bool physics:collisionEnabled = 0
                        }
                    }
                }

                def Capsule "SimpleCollider" (
                    prepend apiSchemas = ["PhysicsCollisionAPI"]
                )
                {
                    uniform token axis = "Y"
                    float3[] extent = [(-0.041, -0.111, -0.041), (0.041, 0.111, 0.041)]
                    double height = 0.14
                    bool physics:collisionEnabled = 1
                    double radius = 0.041
                    token visibility = "invisible"
                    double3 xformOp:translate = (0, 0.11, 0)
                    uniform token[] xformOpOrder = ["xformOp:translate"]
                }
            }

            over "TrashSample_20_PlasticBottle_Clear_01"
            {
                matrix4d xformOp:transform = ( (-0.17019226061685624, -0.3253694041991386, -0.9301447868738151, 0), (-0.9782128085048656, -0.05809672742225526, 0.1993099885601527, 0), (-0.11888774037499344, 0.9438005618005663, -0.30839290530875973, 0), (-3.4557427960075557, 0.8567370839955635, -19.69557652955551, 1) )

                over "Visual"
                {
                    over "model_root"
                    {
                        over "Object_0_0"
                        {
                            matrix4d xformOp:transform = ( (1, 0, 0, 0), (0, 1, 0, 0), (0, 0, 1, 0), (0, 0, 0, 1) )
                        }
                    }
                }
            }
        }
    }
}

over "Render"
{
    over "OmniverseKit"
    {
        over "HydraTextures"
        {
            over "Replicator" (
                active = false
            )
            {
            }

            over "Replicator_01" (
                active = false
            )
            {
            }

            over "Replicator_02" (
                active = false
            )
            {
            }

            over "Replicator_03" (
                active = false
            )
            {
            }

            over "Replicator_04" (
                active = false
            )
            {
            }

            over "Replicator_05" (
                active = false
            )
            {
            }

            over "Replicator_06" (
                active = false
            )
            {
            }

            over "Replicator_07" (
                active = false
            )
            {
            }

            over "Replicator_08" (
                active = false
            )
            {
            }

            over "Replicator_09" (
                active = false
            )
            {
            }

            over "Replicator_10" (
                active = false
            )
            {
            }

            over "Replicator_11" (
                active = false
            )
            {
            }

            over "Replicator_12" (
                active = false
            )
            {
            }

            over "Replicator_13" (
                active = false
            )
            {
            }

            over "Replicator_14" (
                active = false
            )
            {
            }

            over "Replicator_15" (
                active = false
            )
            {
            }

            over "Replicator_16" (
                active = false
            )
            {
            }

            over "Replicator_17" (
                active = false
            )
            {
            }

            over "Replicator_18" (
                active = false
            )
            {
            }

            over "Replicator_19" (
                active = false
            )
            {
            }

            over "Replicator_20" (
                active = false
            )
            {
            }

            over "Replicator_21" (
                active = false
            )
            {
            }

            over "Replicator_22" (
                active = false
            )
            {
            }

            over "Replicator_23" (
                active = false
            )
            {
            }

            over "Replicator_24" (
                active = false
            )
            {
            }

            over "Replicator_25" (
                active = false
            )
            {
            }

            over "Replicator_26" (
                active = false
            )
            {
            }

            over "Replicator_27" (
                active = false
            )
            {
            }

            over "omni_kit_widget_viewport_ViewportTexture_0"
            {
                rel camera = </OmniverseKit_Persp>
                bool omni:rtx:material:db:syncLoads = 1
                bool omni:rtx:rt:ecoMode:enabled
                bool omni:rtx:scene:hydra:materialSyncLoads = 1
                bool omni:rtx:scene:useViewLightingMode
                rel orderedVars = </Render/Vars/LdrColor>
                custom bool overrideClipRange = 0
                uniform int2 resolution = (1280, 720)
            }

            def RenderProduct "Replicator_28" (
                prepend apiSchemas = ["OmniRtxSettingsCommonAdvancedAPI_1", "OmniRtxSettingsRtAdvancedAPI_1", "OmniRtxSettingsPtAdvancedAPI_1", "OmniRtxPostColorGradingAPI_1", "OmniRtxPostChromaticAberrationAPI_1", "OmniRtxPostBloomPhysicalAPI_1", "OmniRtxPostMatteObjectAPI_1", "OmniRtxPostCompositingAPI_1", "OmniRtxPostDofAPI_1", "OmniRtxPostMotionBlurAPI_1", "OmniRtxPostTvNoiseAPI_1", "OmniRtxPostTonemapIrayReinhardAPI_1", "OmniRtxPostDebugSettingsAPI_1", "OmniRtxDebugSettingsAPI_1"]
                hide_in_stage_window = true
                no_delete = true
            )
            {
                rel camera = </World/CleanRobot/chassis_link/ProjectSensors/FrontD455/RSD455/Camera_Pseudo_Depth>
                custom string ogPostProcessPath = "/Render/OmniverseKit/HydraTextures/Replicator_28/PostRender"
                bool omni:rtx:material:db:syncLoads = 1
                bool omni:rtx:rt:ecoMode:enabled = 0
                bool omni:rtx:scene:hydra:materialSyncLoads = 1
                bool omni:rtx:scene:useViewLightingMode
                rel orderedVars = [
                    </Render/Vars/LdrColorSD>,
                    </Render/Vars/DistanceToImagePlaneSD>,
                    </Render/Vars/LdrColor>,
                ]
                custom bool overrideClipRange = 0
                uniform int2 resolution = (640, 640)
            }

            def RenderProduct "Replicator_29" (
                prepend apiSchemas = ["OmniRtxSettingsCommonAdvancedAPI_1", "OmniRtxSettingsRtAdvancedAPI_1", "OmniRtxSettingsPtAdvancedAPI_1", "OmniRtxPostColorGradingAPI_1", "OmniRtxPostChromaticAberrationAPI_1", "OmniRtxPostBloomPhysicalAPI_1", "OmniRtxPostMatteObjectAPI_1", "OmniRtxPostCompositingAPI_1", "OmniRtxPostDofAPI_1", "OmniRtxPostMotionBlurAPI_1", "OmniRtxPostTvNoiseAPI_1", "OmniRtxPostTonemapIrayReinhardAPI_1", "OmniRtxPostDebugSettingsAPI_1", "OmniRtxDebugSettingsAPI_1"]
                hide_in_stage_window = true
                no_delete = true
            )
            {
                rel camera = </World/CleanRobot/Manipulator/M0609/Gripper/angle_bracket/WristD455/RSD455/Camera_Pseudo_Depth>
                custom string ogPostProcessPath = "/Render/OmniverseKit/HydraTextures/Replicator_29/PostRender"
                bool omni:rtx:material:db:syncLoads = 1
                bool omni:rtx:rt:ecoMode:enabled = 0
                bool omni:rtx:scene:hydra:materialSyncLoads = 1
                bool omni:rtx:scene:useViewLightingMode
                rel orderedVars = [
                    </Render/Vars/DistanceToImagePlaneSD>,
                    </Render/Vars/LdrColorSD>,
                    </Render/Vars/LdrColor>,
                ]
                custom bool overrideClipRange = 0
                uniform int2 resolution = (640, 640)
            }

            def RenderProduct "Replicator_30" (
                prepend apiSchemas = ["OmniRtxSettingsCommonAdvancedAPI_1", "OmniRtxSettingsRtAdvancedAPI_1", "OmniRtxSettingsPtAdvancedAPI_1", "OmniRtxPostColorGradingAPI_1", "OmniRtxPostChromaticAberrationAPI_1", "OmniRtxPostBloomPhysicalAPI_1", "OmniRtxPostMatteObjectAPI_1", "OmniRtxPostCompositingAPI_1", "OmniRtxPostDofAPI_1", "OmniRtxPostMotionBlurAPI_1", "OmniRtxPostTvNoiseAPI_1", "OmniRtxPostTonemapIrayReinhardAPI_1", "OmniRtxPostDebugSettingsAPI_1", "OmniRtxDebugSettingsAPI_1"]
                hide_in_stage_window = true
                no_delete = true
            )
            {
                rel camera = </World/CleanRobot/chassis_link/sensors/rear_RPLidar/RPLidar_S2E>
                custom string ogPostProcessPath = "/Render/OmniverseKit/HydraTextures/Replicator_30/PostRender"
                bool omni:rtx:material:db:syncLoads = 1
                bool omni:rtx:rt:ecoMode:enabled = 0
                bool omni:rtx:scene:hydra:materialSyncLoads = 1
                bool omni:rtx:scene:useViewLightingMode
                rel orderedVars = [
                    </Render/Vars/GenericModelOutput>,
                    </Render/Vars/RtxSensorMetadata>,
                ]
                custom bool overrideClipRange = 0
                uniform int2 resolution = (1, 1)
            }

            def RenderProduct "Replicator_31" (
                prepend apiSchemas = ["OmniRtxSettingsCommonAdvancedAPI_1", "OmniRtxSettingsRtAdvancedAPI_1", "OmniRtxSettingsPtAdvancedAPI_1", "OmniRtxPostColorGradingAPI_1", "OmniRtxPostChromaticAberrationAPI_1", "OmniRtxPostBloomPhysicalAPI_1", "OmniRtxPostMatteObjectAPI_1", "OmniRtxPostCompositingAPI_1", "OmniRtxPostDofAPI_1", "OmniRtxPostMotionBlurAPI_1", "OmniRtxPostTvNoiseAPI_1", "OmniRtxPostTonemapIrayReinhardAPI_1", "OmniRtxPostDebugSettingsAPI_1", "OmniRtxDebugSettingsAPI_1"]
                hide_in_stage_window = true
                no_delete = true
            )
            {
                rel camera = </World/CleanRobot/chassis_link/sensors/front_RPLidar/RPLidar_S2E>
                custom string ogPostProcessPath = "/Render/OmniverseKit/HydraTextures/Replicator_31/PostRender"
                bool omni:rtx:material:db:syncLoads = 1
                bool omni:rtx:rt:ecoMode:enabled = 0
                bool omni:rtx:scene:hydra:materialSyncLoads = 1
                bool omni:rtx:scene:useViewLightingMode
                rel orderedVars = [
                    </Render/Vars/GenericModelOutput>,
                    </Render/Vars/RtxSensorMetadata>,
                ]
                custom bool overrideClipRange = 0
                uniform int2 resolution = (1, 1)
            }

            def RenderProduct "Replicator_32" (
                prepend apiSchemas = ["OmniRtxSettingsCommonAdvancedAPI_1", "OmniRtxSettingsRtAdvancedAPI_1", "OmniRtxSettingsPtAdvancedAPI_1", "OmniRtxPostColorGradingAPI_1", "OmniRtxPostChromaticAberrationAPI_1", "OmniRtxPostBloomPhysicalAPI_1", "OmniRtxPostMatteObjectAPI_1", "OmniRtxPostCompositingAPI_1", "OmniRtxPostDofAPI_1", "OmniRtxPostMotionBlurAPI_1", "OmniRtxPostTvNoiseAPI_1", "OmniRtxPostTonemapIrayReinhardAPI_1", "OmniRtxPostDebugSettingsAPI_1", "OmniRtxDebugSettingsAPI_1"]
                hide_in_stage_window = true
                no_delete = true
            )
            {
                rel camera = </World/CleanRobot/chassis_link/ProjectSensors/FrontD455/RSD455/Camera_Pseudo_Depth>
                custom string ogPostProcessPath = "/Render/OmniverseKit/HydraTextures/Replicator_32/PostRender"
                bool omni:rtx:material:db:syncLoads = 1
                bool omni:rtx:rt:ecoMode:enabled = 0
                bool omni:rtx:scene:hydra:materialSyncLoads = 1
                rel orderedVars = [
                    </Render/Vars/LdrColorSD>,
                    </Render/Vars/DistanceToImagePlaneSD>,
                    </Render/Vars/LdrColor>,
                ]
                custom bool overrideClipRange = 0
                uniform int2 resolution = (640, 640)
            }

            def RenderProduct "Replicator_33" (
                prepend apiSchemas = ["OmniRtxSettingsCommonAdvancedAPI_1", "OmniRtxSettingsRtAdvancedAPI_1", "OmniRtxSettingsPtAdvancedAPI_1", "OmniRtxPostColorGradingAPI_1", "OmniRtxPostChromaticAberrationAPI_1", "OmniRtxPostBloomPhysicalAPI_1", "OmniRtxPostMatteObjectAPI_1", "OmniRtxPostCompositingAPI_1", "OmniRtxPostDofAPI_1", "OmniRtxPostMotionBlurAPI_1", "OmniRtxPostTvNoiseAPI_1", "OmniRtxPostTonemapIrayReinhardAPI_1", "OmniRtxPostDebugSettingsAPI_1", "OmniRtxDebugSettingsAPI_1"]
                hide_in_stage_window = true
                no_delete = true
            )
            {
                rel camera = </World/CleanRobot/Manipulator/M0609/Gripper/angle_bracket/WristD455/RSD455/Camera_Pseudo_Depth>
                custom string ogPostProcessPath = "/Render/OmniverseKit/HydraTextures/Replicator_33/PostRender"
                bool omni:rtx:material:db:syncLoads = 1
                bool omni:rtx:rt:ecoMode:enabled = 0
                bool omni:rtx:scene:hydra:materialSyncLoads = 1
                rel orderedVars = [
                    </Render/Vars/DistanceToImagePlaneSD>,
                    </Render/Vars/LdrColorSD>,
                    </Render/Vars/LdrColor>,
                ]
                custom bool overrideClipRange = 0
                uniform int2 resolution = (640, 640)
            }

            def RenderProduct "Replicator_34" (
                prepend apiSchemas = ["OmniRtxSettingsCommonAdvancedAPI_1", "OmniRtxSettingsRtAdvancedAPI_1", "OmniRtxSettingsPtAdvancedAPI_1", "OmniRtxPostColorGradingAPI_1", "OmniRtxPostChromaticAberrationAPI_1", "OmniRtxPostBloomPhysicalAPI_1", "OmniRtxPostMatteObjectAPI_1", "OmniRtxPostCompositingAPI_1", "OmniRtxPostDofAPI_1", "OmniRtxPostMotionBlurAPI_1", "OmniRtxPostTvNoiseAPI_1", "OmniRtxPostTonemapIrayReinhardAPI_1", "OmniRtxPostDebugSettingsAPI_1", "OmniRtxDebugSettingsAPI_1"]
                hide_in_stage_window = true
                no_delete = true
            )
            {
                rel camera = </World/CleanRobot/chassis_link/sensors/rear_RPLidar/RPLidar_S2E>
                custom string ogPostProcessPath = "/Render/OmniverseKit/HydraTextures/Replicator_34/PostRender"
                bool omni:rtx:material:db:syncLoads = 1
                bool omni:rtx:rt:ecoMode:enabled = 0
                bool omni:rtx:scene:hydra:materialSyncLoads = 1
                rel orderedVars = [
                    </Render/Vars/GenericModelOutput>,
                    </Render/Vars/RtxSensorMetadata>,
                ]
                custom bool overrideClipRange = 0
                uniform int2 resolution = (1, 1)
            }

            def RenderProduct "Replicator_35" (
                prepend apiSchemas = ["OmniRtxSettingsCommonAdvancedAPI_1", "OmniRtxSettingsRtAdvancedAPI_1", "OmniRtxSettingsPtAdvancedAPI_1", "OmniRtxPostColorGradingAPI_1", "OmniRtxPostChromaticAberrationAPI_1", "OmniRtxPostBloomPhysicalAPI_1", "OmniRtxPostMatteObjectAPI_1", "OmniRtxPostCompositingAPI_1", "OmniRtxPostDofAPI_1", "OmniRtxPostMotionBlurAPI_1", "OmniRtxPostTvNoiseAPI_1", "OmniRtxPostTonemapIrayReinhardAPI_1", "OmniRtxPostDebugSettingsAPI_1", "OmniRtxDebugSettingsAPI_1"]
                hide_in_stage_window = true
                no_delete = true
            )
            {
                rel camera = </World/CleanRobot/chassis_link/sensors/front_RPLidar/RPLidar_S2E>
                custom string ogPostProcessPath = "/Render/OmniverseKit/HydraTextures/Replicator_35/PostRender"
                bool omni:rtx:material:db:syncLoads = 1
                bool omni:rtx:rt:ecoMode:enabled = 0
                bool omni:rtx:scene:hydra:materialSyncLoads = 1
                rel orderedVars = [
                    </Render/Vars/GenericModelOutput>,
                    </Render/Vars/RtxSensorMetadata>,
                ]
                custom bool overrideClipRange = 0
                uniform int2 resolution = (1, 1)
            }

            def RenderProduct "Replicator_36" (
                prepend apiSchemas = ["OmniRtxSettingsCommonAdvancedAPI_1", "OmniRtxSettingsRtAdvancedAPI_1", "OmniRtxSettingsPtAdvancedAPI_1", "OmniRtxPostColorGradingAPI_1", "OmniRtxPostChromaticAberrationAPI_1", "OmniRtxPostBloomPhysicalAPI_1", "OmniRtxPostMatteObjectAPI_1", "OmniRtxPostCompositingAPI_1", "OmniRtxPostDofAPI_1", "OmniRtxPostMotionBlurAPI_1", "OmniRtxPostTvNoiseAPI_1", "OmniRtxPostTonemapIrayReinhardAPI_1", "OmniRtxPostDebugSettingsAPI_1", "OmniRtxDebugSettingsAPI_1"]
                hide_in_stage_window = true
                no_delete = true
            )
            {
                rel camera = </World/CleanRobot/Manipulator/M0609/Gripper/angle_bracket/WristD455/RSD455/Camera_Pseudo_Depth>
                custom string ogPostProcessPath = "/Render/OmniverseKit/HydraTextures/Replicator_36/PostRender"
                bool omni:rtx:material:db:syncLoads = 1
                bool omni:rtx:rt:ecoMode:enabled = 0
                bool omni:rtx:scene:hydra:materialSyncLoads = 1
                rel orderedVars = [
                    </Render/Vars/LdrColorSD>,
                    </Render/Vars/DistanceToImagePlaneSD>,
                    </Render/Vars/LdrColor>,
                ]
                custom bool overrideClipRange = 0
                uniform int2 resolution = (640, 640)
            }

            def RenderProduct "Replicator_37" (
                prepend apiSchemas = ["OmniRtxSettingsCommonAdvancedAPI_1", "OmniRtxSettingsRtAdvancedAPI_1", "OmniRtxSettingsPtAdvancedAPI_1", "OmniRtxPostColorGradingAPI_1", "OmniRtxPostChromaticAberrationAPI_1", "OmniRtxPostBloomPhysicalAPI_1", "OmniRtxPostMatteObjectAPI_1", "OmniRtxPostCompositingAPI_1", "OmniRtxPostDofAPI_1", "OmniRtxPostMotionBlurAPI_1", "OmniRtxPostTvNoiseAPI_1", "OmniRtxPostTonemapIrayReinhardAPI_1", "OmniRtxPostDebugSettingsAPI_1", "OmniRtxDebugSettingsAPI_1"]
                hide_in_stage_window = true
                no_delete = true
            )
            {
                rel camera = </World/CleanRobot/chassis_link/ProjectSensors/FrontD455/RSD455/Camera_Pseudo_Depth>
                custom string ogPostProcessPath = "/Render/OmniverseKit/HydraTextures/Replicator_37/PostRender"
                bool omni:rtx:material:db:syncLoads = 1
                bool omni:rtx:rt:ecoMode:enabled = 0
                bool omni:rtx:scene:hydra:materialSyncLoads = 1
                rel orderedVars = [
                    </Render/Vars/LdrColorSD>,
                    </Render/Vars/DistanceToImagePlaneSD>,
                    </Render/Vars/LdrColor>,
                ]
                custom bool overrideClipRange = 0
                uniform int2 resolution = (640, 640)
            }

            def RenderProduct "Replicator_38" (
                prepend apiSchemas = ["OmniRtxSettingsCommonAdvancedAPI_1", "OmniRtxSettingsRtAdvancedAPI_1", "OmniRtxSettingsPtAdvancedAPI_1", "OmniRtxPostColorGradingAPI_1", "OmniRtxPostChromaticAberrationAPI_1", "OmniRtxPostBloomPhysicalAPI_1", "OmniRtxPostMatteObjectAPI_1", "OmniRtxPostCompositingAPI_1", "OmniRtxPostDofAPI_1", "OmniRtxPostMotionBlurAPI_1", "OmniRtxPostTvNoiseAPI_1", "OmniRtxPostTonemapIrayReinhardAPI_1", "OmniRtxPostDebugSettingsAPI_1", "OmniRtxDebugSettingsAPI_1"]
                hide_in_stage_window = true
                no_delete = true
            )
            {
                rel camera = </World/CleanRobot/chassis_link/sensors/rear_RPLidar/RPLidar_S2E>
                custom string ogPostProcessPath = "/Render/OmniverseKit/HydraTextures/Replicator_38/PostRender"
                bool omni:rtx:material:db:syncLoads = 1
                bool omni:rtx:rt:ecoMode:enabled = 0
                bool omni:rtx:scene:hydra:materialSyncLoads = 1
                rel orderedVars = [
                    </Render/Vars/GenericModelOutput>,
                    </Render/Vars/RtxSensorMetadata>,
                ]
                custom bool overrideClipRange = 0
                uniform int2 resolution = (1, 1)
            }

            def RenderProduct "Replicator_39" (
                prepend apiSchemas = ["OmniRtxSettingsCommonAdvancedAPI_1", "OmniRtxSettingsRtAdvancedAPI_1", "OmniRtxSettingsPtAdvancedAPI_1", "OmniRtxPostColorGradingAPI_1", "OmniRtxPostChromaticAberrationAPI_1", "OmniRtxPostBloomPhysicalAPI_1", "OmniRtxPostMatteObjectAPI_1", "OmniRtxPostCompositingAPI_1", "OmniRtxPostDofAPI_1", "OmniRtxPostMotionBlurAPI_1", "OmniRtxPostTvNoiseAPI_1", "OmniRtxPostTonemapIrayReinhardAPI_1", "OmniRtxPostDebugSettingsAPI_1", "OmniRtxDebugSettingsAPI_1"]
                hide_in_stage_window = true
                no_delete = true
            )
            {
                rel camera = </World/CleanRobot/chassis_link/sensors/front_RPLidar/RPLidar_S2E>
                custom string ogPostProcessPath = "/Render/OmniverseKit/HydraTextures/Replicator_39/PostRender"
                bool omni:rtx:material:db:syncLoads = 1
                bool omni:rtx:rt:ecoMode:enabled = 0
                bool omni:rtx:scene:hydra:materialSyncLoads = 1
                rel orderedVars = [
                    </Render/Vars/GenericModelOutput>,
                    </Render/Vars/RtxSensorMetadata>,
                ]
                custom bool overrideClipRange = 0
                uniform int2 resolution = (1, 1)
            }
        }
    }

    over "OmniverseGlobalRenderSettings"
    {
        rel products = [
            </Render/OmniverseKit/HydraTextures/omni_kit_widget_viewport_ViewportTexture_0>,
            </Render/OmniverseKit/HydraTextures/Replicator>,
            </Render/OmniverseKit/HydraTextures/Replicator_01>,
            </Render/OmniverseKit/HydraTextures/Replicator_02>,
            </Render/OmniverseKit/HydraTextures/Replicator_03>,
            </Render/OmniverseKit/HydraTextures/Replicator_04>,
            </Render/OmniverseKit/HydraTextures/Replicator_05>,
            </Render/OmniverseKit/HydraTextures/Replicator_06>,
            </Render/OmniverseKit/HydraTextures/Replicator_07>,
            </Render/OmniverseKit/HydraTextures/Replicator_08>,
            </Render/OmniverseKit/HydraTextures/Replicator_09>,
            </Render/OmniverseKit/HydraTextures/Replicator_10>,
            </Render/OmniverseKit/HydraTextures/Replicator_11>,
            </Render/OmniverseKit/HydraTextures/Replicator_12>,
            </Render/OmniverseKit/HydraTextures/Replicator_13>,
            </Render/OmniverseKit/HydraTextures/Replicator_14>,
            </Render/OmniverseKit/HydraTextures/Replicator_15>,
            </Render/OmniverseKit/HydraTextures/Replicator_16>,
            </Render/OmniverseKit/HydraTextures/Replicator_17>,
            </Render/OmniverseKit/HydraTextures/Replicator_18>,
            </Render/OmniverseKit/HydraTextures/Replicator_19>,
            </Render/OmniverseKit/HydraTextures/Replicator_20>,
            </Render/OmniverseKit/HydraTextures/Replicator_21>,
            </Render/OmniverseKit/HydraTextures/Replicator_22>,
            </Render/OmniverseKit/HydraTextures/Replicator_23>,
            </Render/OmniverseKit/HydraTextures/Replicator_24>,
            </Render/OmniverseKit/HydraTextures/Replicator_25>,
            </Render/OmniverseKit/HydraTextures/Replicator_26>,
            </Render/OmniverseKit/HydraTextures/Replicator_27>,
            </Render/OmniverseKit/HydraTextures/Replicator_28>,
            </Render/OmniverseKit/HydraTextures/Replicator_29>,
            </Render/OmniverseKit/HydraTextures/Replicator_30>,
            </Render/OmniverseKit/HydraTextures/Replicator_31>,
            </Render/OmniverseKit/HydraTextures/Replicator_32>,
            </Render/OmniverseKit/HydraTextures/Replicator_33>,
            </Render/OmniverseKit/HydraTextures/Replicator_34>,
            </Render/OmniverseKit/HydraTextures/Replicator_35>,
            </Render/OmniverseKit/HydraTextures/Replicator_36>,
            </Render/OmniverseKit/HydraTextures/Replicator_37>,
            </Render/OmniverseKit/HydraTextures/Replicator_38>,
            </Render/OmniverseKit/HydraTextures/Replicator_39>,
        ]
    }
}
